ARM_LINUX_COMPILER_INCLUDES=/local/pmpakos/arm-compiler//arm-linux-compiler-24.04_Ubuntu-22.04//includes;BLAS_STATIC=/local/pmpakos/arm-compiler//armpl-24.04.0_Ubuntu-22.04_gcc//lib/libarmpl_lp64.a;ARMPL_INCLUDES_ILP64_MP=/local/pmpakos/arm-compiler//armpl-24.04.0_Ubuntu-22.04_gcc//include_ilp64_mp;SPARSEX_LIB_PATH=;ARMPL_ROOT_DIR=/local/pmpakos/arm-compiler//armpl-24.04.0_Ubuntu-22.04_gcc/;path_graphs_sparse_survey=/local/pmpakos/Data/graphs/graphs_sparse_survey;numa_nodes=0;BLAS_SHARED=/local/pmpakos/arm-compiler//armpl-24.04.0_Ubuntu-22.04_gcc//lib/libarmpl_lp64.so;PRINT_STATISTICS=1;ARMPL_INCLUDES_INT64=/local/pmpakos/arm-compiler//armpl-24.04.0_Ubuntu-22.04_gcc//include_ilp64;CLEAR_CACHES=0;LLVM_INC_PATH=;AOCL_PATH=;GCC_ROOT_DIR=/local/pmpakos/arm-compiler//gcc-13.2.0_Ubuntu-22.04/;GCC_INCLUDES=/local/pmpakos/arm-compiler//gcc-13.2.0_Ubuntu-22.04//include;GCC_BUILD=348;ARMPL_BUILD=12;SPARSEX_INC_PATH=;TBB_PATH=;max_cores=72;RAVE_EMULATION=0;COMPILER_PATH=/local/pmpakos/arm-compiler//gcc-13.2.0_Ubuntu-22.04/;LLVM_LIB_PATH=;DIV_STEALING_ENABLED=1;VECTOR_ALLOC=MALLOC;ARM_ROOT_DIR=/local/pmpakos/arm-compiler/;USE_ARTIFICIAL_MATRICES=0;MANPATH=:/local/pmpakos/arm-compiler//gcc-13.2.0_Ubuntu-22.04//share/man:/local/pmpakos/arm-compiler//arm-linux-compiler-24.04_Ubuntu-22.04//share/man;ARMPL_INCLUDES=/local/pmpakos/arm-compiler//armpl-24.04.0_Ubuntu-22.04_gcc//include;ARM_LINUX_COMPILER_BUILD=9;ARMPL_INCLUDES_INT64_MP=/local/pmpakos/arm-compiler//armpl-24.04.0_Ubuntu-22.04_gcc//include_ilp64_mp;ARMPL_INCLUDES_ILP64=/local/pmpakos/arm-compiler//armpl-24.04.0_Ubuntu-22.04_gcc//include_ilp64;ARMCLANG_ROOT_DIR=/local/pmpakos/arm-compiler//arm-linux-compiler-24.04_Ubuntu-22.04/;ARMPL_DIR=/local/pmpakos/arm-compiler//armpl-24.04.0_Ubuntu-22.04_gcc/;ARM_LICENSE_DIR=/local/pmpakos/arm-compiler//licences;CUDA_COMPUTE=90;ARMPL_INCLUDES_LP64_MP=/local/pmpakos/arm-compiler//armpl-24.04.0_Ubuntu-22.04_gcc//include_lp64_mp;SDV_TRACING=0;LAPACK=/local/pmpakos/arm-compiler//armpl-24.04.0_Ubuntu-22.04_gcc//lib/libarmpl_lp64.a;GHOST_APPS_ROOT_DIR=/local/pmpakos/SpMV-Research/benchmark_code/BENCH_HYBRID/src/sell-C-s;CG_FIX_DIAGONAL_ZEROS=1;CG_MAX_NUM_ITERS=50;GCC_DIR=/local/pmpakos/arm-compiler//gcc-13.2.0_Ubuntu-22.04/;ARM_HPC_COMPILER_LICENSE_SEARCH_PATH=/local/pmpakos/arm-compiler//licenses;cores=72;BOOST_LIB_PATH=;ARM_LINUX_COMPILER_DIR=/local/pmpakos/arm-compiler//arm-linux-compiler-24.04_Ubuntu-22.04/;path_validation=/local/pmpakos/SpMV-Research/benchmark_code/BENCH_HYBRID/../../validation_matrices/download_matrices/new_folder;K_DIM=16;output_to_files=1;force_retry_on_error=0;LIBRARY_PATH=:/local/pmpakos/arm-compiler//gcc-13.2.0_Ubuntu-22.04//lib:/local/pmpakos/arm-compiler//gcc-13.2.0_Ubuntu-22.04//lib64:/local/pmpakos/arm-compiler//arm-linux-compiler-24.04_Ubuntu-22.04//lib:/local/pmpakos/arm-compiler//armpl-24.04.0_Ubuntu-22.04_gcc//lib;CUDA_PATH=/usr/local/cuda;path_tamu=/local/pmpakos/Data/graphs/tamu;GHOST_ROOT_DIR=/pfs/lustrep2/scratch/project_465000869/pmpakos/damned_directory/;DIV_PACKET_REORDERING=0;ARMPL_LIBRARIES=/local/pmpakos/arm-compiler//armpl-24.04.0_Ubuntu-22.04_gcc//lib;LAPACK_SHARED=/local/pmpakos/arm-compiler//armpl-24.04.0_Ubuntu-22.04_gcc//lib/libarmpl_lp64.so;MKL_PATH=;ZFP_ROOT_DIR=/local/pmpakos/lib/zfp;SPARSEX_CONF_PATH=;DIV_VC_TOLERANCE=0;ARM_LINUX_COMPILER_LIBRARIES=/local/pmpakos/arm-compiler//arm-linux-compiler-24.04_Ubuntu-22.04//lib;ROCM_PATH=;LD_LIBRARY_PATH=:/local/pmpakos/arm-compiler//gcc-13.2.0_Ubuntu-22.04//lib:/local/pmpakos/arm-compiler//gcc-13.2.0_Ubuntu-22.04//lib64:/local/pmpakos/arm-compiler//arm-linux-compiler-24.04_Ubuntu-22.04//lib:/local/pmpakos/arm-compiler//arm-linux-compiler-24.04_Ubuntu-22.04//lib/clang/13.0.0/armpl_links/lib:/local/pmpakos/arm-compiler//armpl-24.04.0_Ubuntu-22.04_gcc//lib;GPU_KERNEL=cuda_csr_transpose_expand_rows;LAPACK_STATIC=/local/pmpakos/arm-compiler//armpl-24.04.0_Ubuntu-22.04_gcc//lib/libarmpl_lp64.a;cpu_pinning_group_size=1;path_M3E=/local/pmpakos/Data/graphs/M3E-Matrix-Collection;FPZIP_ROOT_DIR=/local/pmpakos/lib/fpzip;cpu_affinity=0,1,2,3,4,5,6,7,8,9,10,11,12,13,14,15,16,17,18,19,20,21,22,23,24,25,26,27,28,29,30,31,32,33,34,35,36,37,38,39,40,41,42,43,44,45,46,47,48,49,50,51,52,53,54,55,56,57,58,59,60,61,62,63,64,65,66,67,68,69,70,71;BLAS=:/local/pmpakos/arm-compiler//armpl-24.04.0_Ubuntu-22.04_gcc//lib/libarmpl_lp64.a;PATH=/local/pmpakos/.local/bin:/local/pmpakos/.local/bin:/usr/local/sbin:/usr/local/bin:/usr/sbin:/usr/bin:/sbin:/bin:/usr/games:/usr/local/games:/snap/bin:/local/pmpakos/arm-compiler//gcc-13.2.0_Ubuntu-22.04//binutils_bin:/local/pmpakos/arm-compiler//arm-linux-compiler-24.04_Ubuntu-22.04//bin;USE_PROCESSES=0;cpu_pinning_step=1;RAPL_REGISTERS=0;CPU_KERNEL=csr_vec;PLOT_MATRIX=0;BOOST_INC_PATH=;USE_RCM_REORDERING=0;CPATH=:/local/pmpakos/arm-compiler//gcc-13.2.0_Ubuntu-22.04//include:/local/pmpakos/arm-compiler//arm-linux-compiler-24.04_Ubuntu-22.04//include:/local/pmpakos/arm-compiler//armpl-24.04.0_Ubuntu-22.04_gcc//include_common;path_openFoam=;COOLDOWN=0;ARMPL_INCLUDES_MP=/local/pmpakos/arm-compiler//armpl-24.04.0_Ubuntu-22.04_gcc//include_lp64_mp;
program: /local/pmpakos/SpMV-Research/benchmark_code/BENCH_HYBRID/src/spmv_hybrid_csr_vec_cuda_csr_transpose_expand_rows_STRAT_RATIO_80_MALLOC_nv_d.exe
number of matrices: 126
max threads 72
Temps: Composite 26850 Composite 27850 Composite 42850 Sensor 1 39850  Sensor 2 42850  Composite 43850 Sensor 1 39850  Sensor 2 43850  asic 64000 asic 64000 
File: /local/pmpakos/SpMV-Research/benchmark_code/BENCH_HYBRID/../../validation_matrices/download_matrices/new_folder/cit-Patents.mtx
------------------------
/local/pmpakos/SpMV-Research/benchmark_code/BENCH_HYBRID/../../validation_matrices/download_matrices/new_folder/cit-Patents.mtx
cit-Patents_spmv_hybrid_csr_vec_cuda_csr_transpose_expand_rows_STRAT_RATIO_80_MALLOC
max threads 72
time read: 0.023078
time coo to csr: 0.038977
Hybrid Matrix Partition (FIXED_RATIO):
   CPU Portion: 2259399 rows (59.86%), 3303782 NNZs (20.00%)
   GPU Portion: 1515369 rows (40.14%), 13215166 NNZs (80.00%)
CPU needs 1372008 elements (10.47 MB) instead of 28.80 MB 
VEC_LEN = 2
balance time = 1.408e-05
max_smem_per_block(bytes)=49152
multiproc_count=132
max_threads_per_block=1024
warp_size=32
max_threads_per_multiproc=2048
max_block_dim_x=1024
max_persistent_l2_cache=39321600
max_num_threads=270336
degree_max=770
nnz = 13215166, nnz_extended = 16340480 (padding 23.65)
num_threads=3268096, thread_block_size=128, num_thread_blocks=25532
balance time warps = 0.00024
balance time threads = 0.00253078
Hybrid conversion times: Total = 0.399292 s, CPU = 0.000303488 s, GPU = 0.33792 s
time convert to format: 0.399301
Grid : {25532, 1, 1} blocks. Blocks : {128, 1, 1} threads.
Hybrid configuration: m_cpu is 2259399 (17.24 MB) (non-explicit memory)
time warm up 0.281150
Grid : {25532, 1, 1} blocks. Blocks : {128, 1, 1} threads.
Hybrid configuration: m_cpu is 2259399 (17.24 MB) (non-explicit memory)
number of loops = 1305
time iter: min=0.00128563, median=0.0014048, max=0.0689105
time iter cpu: min=1.21194, median=1.33248, max=9.32982
time iter gpu: min=0.216896, median=0.224224, max=11.8338
time iter gather: min=4.928e-05, median=5.8144e-05, max=0.067661
GFLOPS = 23.517864 (spmv_hybrid_csr_vec_cuda_csr_transpose_expand_rows_STRAT_RATIO_80_MALLOC) (time = 1.404800 ms)
   CPU Part: 4.958847 GFLOPS (time median: 1.332480 ms, 2259399 rows, 3303782 nnz)
   GPU Part: 117.874678 GFLOPS (time median: 0.224224 ms, 1515369 rows, 13215166 nnz)
/local/pmpakos/SpMV-Research/benchmark_code/BENCH_HYBRID/../../validation_matrices/download_matrices/new_folder/cit-Patents.mtx,72,3774768,3774768,16518948,16518948,0,2.025168,0.001286,0.001405,0.068911,23.517864,203.443958,0.000000,0.000000,Hybrid_CsrVec_cuda_csr_transpose_expand_rows,3774768,3774768,16518948,0.000000,0.000000,1305,1747.698400,1.211936,1.332480,9.329824,306.347008,0.216896,0.224224,11.833760
Temps: Composite 26850 Composite 27850 Composite 42850 Sensor 1 39850  Sensor 2 42850  Composite 43850 Sensor 1 40850  Sensor 2 43850  asic 64000 asic 64000 
File: /local/pmpakos/SpMV-Research/benchmark_code/BENCH_HYBRID/../../validation_matrices/download_matrices/new_folder/human_gene2.mtx
------------------------
/local/pmpakos/SpMV-Research/benchmark_code/BENCH_HYBRID/../../validation_matrices/download_matrices/new_folder/human_gene2.mtx
human_gene2_spmv_hybrid_csr_vec_cuda_csr_transpose_expand_rows_STRAT_RATIO_80_MALLOC
max threads 72
time read: 0.022721
time coo to csr: 0.046595
Hybrid Matrix Partition (FIXED_RATIO):
   CPU Portion: 3454 rows (24.09%), 3610130 NNZs (19.98%)
   GPU Portion: 10886 rows (75.91%), 14458258 NNZs (80.02%)
CPU needs 13883 elements (0.11 MB) instead of 0.11 MB 
VEC_LEN = 2
balance time = 1.36e-05
max_smem_per_block(bytes)=49152
multiproc_count=132
max_threads_per_block=1024
warp_size=32
max_threads_per_multiproc=2048
max_block_dim_x=1024
max_persistent_l2_cache=39321600
max_num_threads=270336
degree_max=6860
nnz = 14458258, nnz_extended = 14480640 (padding 0.15)
num_threads=2896128, thread_block_size=128, num_thread_blocks=22626
balance time warps = 0.000121792
balance time threads = 0.00100474
Hybrid conversion times: Total = 0.271697 s, CPU = 0.000394144 s, GPU = 0.247833 s
time convert to format: 0.271708
Grid : {22626, 1, 1} blocks. Blocks : {128, 1, 1} threads.
Hybrid configuration: m_cpu is 3454 (0.03 MB) (non-explicit memory)
time warm up 0.059933
Grid : {22626, 1, 1} blocks. Blocks : {128, 1, 1} threads.
Hybrid configuration: m_cpu is 3454 (0.03 MB) (non-explicit memory)
number of loops = 24460
time iter: min=6.8064e-05, median=7.0016e-05, max=0.0696333
time iter cpu: min=0.04144, median=0.042112, max=69.6086
time iter gpu: min=0.051904, median=0.053184, max=0.629536
time iter gather: min=9.472e-06, median=1.0336e-05, max=0.00405658
GFLOPS = 516.121686 (spmv_hybrid_csr_vec_cuda_csr_transpose_expand_rows_STRAT_RATIO_80_MALLOC) (time = 0.070016 ms)
   CPU Part: 171.453742 GFLOPS (time median: 0.042112 ms, 3454 rows, 3610130 nnz)
   GPU Part: 543.707066 GFLOPS (time median: 0.053184 ms, 10886 rows, 14458258 nnz)
/local/pmpakos/SpMV-Research/benchmark_code/BENCH_HYBRID/../../validation_matrices/download_matrices/new_folder/human_gene2.mtx,72,14340,14340,18068388,18068388,1,2.000135,0.000068,0.000070,0.069633,516.121686,206.830997,0.000000,0.000000,Hybrid_CsrVec_cuda_csr_transpose_expand_rows,14340,14340,18068388,0.000000,0.000000,24460,1272.961888,0.041440,0.042112,69.608576,1302.800832,0.051904,0.053184,0.629536
Temps: Composite 26850 Composite 27850 Composite 42850 Sensor 1 39850  Sensor 2 42850  Composite 43850 Sensor 1 40850  Sensor 2 43850  asic 64000 asic 64000 
File: /local/pmpakos/SpMV-Research/benchmark_code/BENCH_HYBRID/../../validation_matrices/download_matrices/new_folder/GL7d21.mtx
------------------------
/local/pmpakos/SpMV-Research/benchmark_code/BENCH_HYBRID/../../validation_matrices/download_matrices/new_folder/GL7d21.mtx
GL7d21_spmv_hybrid_csr_vec_cuda_csr_transpose_expand_rows_STRAT_RATIO_80_MALLOC
max threads 72
time read: 0.037110
time coo to csr: 0.041561
Hybrid Matrix Partition (FIXED_RATIO):
   CPU Portion: 173546 rows (21.09%), 3634946 NNZs (20.00%)
   GPU Portion: 649376 rows (78.91%), 14539829 NNZs (80.00%)
CPU needs 598705 elements (4.57 MB) instead of 10.97 MB 
VEC_LEN = 2
balance time = 1.3696e-05
max_smem_per_block(bytes)=49152
multiproc_count=132
max_threads_per_block=1024
warp_size=32
max_threads_per_multiproc=2048
max_block_dim_x=1024
max_persistent_l2_cache=39321600
max_num_threads=270336
degree_max=400
nnz = 14539829, nnz_extended = 16522880 (padding 13.64)
num_threads=3304576, thread_block_size=128, num_thread_blocks=25817
balance time warps = 0.000200192
balance time threads = 0.00201693
Hybrid conversion times: Total = 0.305423 s, CPU = 0.000379488 s, GPU = 0.270561 s
time convert to format: 0.305432
Grid : {25817, 1, 1} blocks. Blocks : {128, 1, 1} threads.
Hybrid configuration: m_cpu is 173546 (1.32 MB) (non-explicit memory)
time warm up 0.130470
Grid : {25817, 1, 1} blocks. Blocks : {128, 1, 1} threads.
Hybrid configuration: m_cpu is 173546 (1.32 MB) (non-explicit memory)
number of loops = 8141
time iter: min=0.000211808, median=0.000222176, max=0.0676085
time iter cpu: min=0.122976, median=0.129088, max=67.5227
time iter gpu: min=0.130848, median=0.137952, max=5.26598
time iter gather: min=7.1296e-05, median=7.712e-05, max=0.00202339
GFLOPS = 163.607005 (spmv_hybrid_csr_vec_cuda_csr_transpose_expand_rows_STRAT_RATIO_80_MALLOC) (time = 0.222176 ms)
   CPU Part: 56.317334 GFLOPS (time median: 0.129088 ms, 173546 rows, 3634946 nnz)
   GPU Part: 210.795480 GFLOPS (time median: 0.137952 ms, 649376 rows, 14539829 nnz)
/local/pmpakos/SpMV-Research/benchmark_code/BENCH_HYBRID/../../validation_matrices/download_matrices/new_folder/GL7d21.mtx,72,822922,1437547,18174775,18174775,0,2.000450,0.000212,0.000222,0.067609,163.607005,211.132996,0.000000,0.000000,Hybrid_CsrVec_cuda_csr_transpose_expand_rows,822922,1437547,18174775,0.000000,0.000000,8141,1230.422496,0.122976,0.129088,67.522656,1130.558944,0.130848,0.137952,5.265984
Temps: Composite 26850 Composite 27850 Composite 42850 Sensor 1 39850  Sensor 2 42850  Composite 43850 Sensor 1 39850  Sensor 2 43850  asic 64000 asic 64000 
File: /local/pmpakos/SpMV-Research/benchmark_code/BENCH_HYBRID/../../validation_matrices/download_matrices/new_folder/Ga41As41H72.mtx
------------------------
/local/pmpakos/SpMV-Research/benchmark_code/BENCH_HYBRID/../../validation_matrices/download_matrices/new_folder/Ga41As41H72.mtx
Ga41As41H72_spmv_hybrid_csr_vec_cuda_csr_transpose_expand_rows_STRAT_RATIO_80_MALLOC
max threads 72
time read: 0.036986
time coo to csr: 0.098340
Hybrid Matrix Partition (FIXED_RATIO):
   CPU Portion: 71968 rows (26.84%), 3697449 NNZs (20.00%)
   GPU Portion: 196128 rows (73.16%), 14791027 NNZs (80.00%)
CPU needs 98902 elements (0.75 MB) instead of 2.05 MB 
VEC_LEN = 2
balance time = 1.3472e-05
max_smem_per_block(bytes)=49152
multiproc_count=132
max_threads_per_block=1024
warp_size=32
max_threads_per_multiproc=2048
max_block_dim_x=1024
max_persistent_l2_cache=39321600
max_num_threads=270336
degree_max=705
nnz = 14791027, nnz_extended = 15291520 (padding 3.38)
num_threads=3058304, thread_block_size=128, num_thread_blocks=23893
balance time warps = 0.000183104
balance time threads = 0.00162253
Hybrid conversion times: Total = 0.272521 s, CPU = 0.000410944 s, GPU = 0.248369 s
time convert to format: 0.272530
Grid : {23893, 1, 1} blocks. Blocks : {128, 1, 1} threads.
Hybrid configuration: m_cpu is 71968 (0.55 MB) (non-explicit memory)
time warm up 0.065218
Grid : {23893, 1, 1} blocks. Blocks : {128, 1, 1} threads.
Hybrid configuration: m_cpu is 71968 (0.55 MB) (non-explicit memory)
number of loops = 22652
time iter: min=7.3664e-05, median=7.5456e-05, max=0.0692097
time iter cpu: min=0.038048, median=0.050336, max=69.1872
time iter gpu: min=0.057248, median=0.058752, max=1.62742
time iter gather: min=9.856e-06, median=1.0368e-05, max=0.00412496
GFLOPS = 490.046544 (spmv_hybrid_csr_vec_cuda_csr_transpose_expand_rows_STRAT_RATIO_80_MALLOC) (time = 0.075456 ms)
   CPU Part: 146.910720 GFLOPS (time median: 0.050336 ms, 71968 rows, 3697449 nnz)
   GPU Part: 503.507180 GFLOPS (time median: 0.058752 ms, 196128 rows, 14791027 nnz)
/local/pmpakos/SpMV-Research/benchmark_code/BENCH_HYBRID/../../validation_matrices/download_matrices/new_folder/Ga41As41H72.mtx,72,268096,268096,18488476,18488476,1,2.000090,0.000074,0.000075,0.069210,490.046544,212.606525,0.000000,0.000000,Hybrid_CsrVec_cuda_csr_transpose_expand_rows,268096,268096,18488476,0.000000,0.000000,22652,1349.269984,0.038048,0.050336,69.187200,1331.290176,0.057248,0.058752,1.627424
Temps: Composite 26850 Composite 27850 Composite 42850 Sensor 1 39850  Sensor 2 42850  Composite 43850 Sensor 1 40850  Sensor 2 43850  asic 65000 asic 65000 
File: /local/pmpakos/SpMV-Research/benchmark_code/BENCH_HYBRID/../../validation_matrices/download_matrices/new_folder/great-britain_osm.mtx
------------------------
/local/pmpakos/SpMV-Research/benchmark_code/BENCH_HYBRID/../../validation_matrices/download_matrices/new_folder/great-britain_osm.mtx
great-britain_osm_spmv_hybrid_csr_vec_cuda_csr_transpose_expand_rows_STRAT_RATIO_80_MALLOC
max threads 72
time read: 0.012808
time coo to csr: 0.036741
Hybrid Matrix Partition (FIXED_RATIO):
   CPU Portion: 1446070 rows (18.70%), 3262604 NNZs (20.00%)
   GPU Portion: 6287752 rows (81.30%), 13050430 NNZs (80.00%)
CPU needs 1713812 elements (13.08 MB) instead of 59.00 MB 
VEC_LEN = 2
balance time = 1.4784e-05
max_smem_per_block(bytes)=49152
multiproc_count=132
max_threads_per_block=1024
warp_size=32
max_threads_per_multiproc=2048
max_block_dim_x=1024
max_persistent_l2_cache=39321600
max_num_threads=270336
degree_max=8
nnz = 13050430, nnz_extended = 14727168 (padding 12.85)
num_threads=7363584, thread_block_size=128, num_thread_blocks=57528
balance time warps = 0.00050128
balance time threads = 0.00588262
Hybrid conversion times: Total = 0.354456 s, CPU = 0.000408864 s, GPU = 0.28706 s
time convert to format: 0.354467
Grid : {57528, 1, 1} blocks. Blocks : {128, 1, 1} threads.
Hybrid configuration: m_cpu is 1446070 (11.03 MB) (non-explicit memory)
time warm up 0.150807
Grid : {57528, 1, 1} blocks. Blocks : {128, 1, 1} threads.
Hybrid configuration: m_cpu is 1446070 (11.03 MB) (non-explicit memory)
number of loops = 2723
time iter: min=0.000624288, median=0.000659584, max=0.0685091
time iter cpu: min=0.178752, median=0.195008, max=67.3655
time iter gpu: min=0.14992, median=0.154144, max=0.192064
time iter gather: min=0.000422656, median=0.00045488, max=0.0682725
GFLOPS = 49.464614 (spmv_hybrid_csr_vec_cuda_csr_transpose_expand_rows_STRAT_RATIO_80_MALLOC) (time = 0.659584 ms)
   CPU Part: 33.461232 GFLOPS (time median: 0.195008 ms, 1446070 rows, 3262604 nnz)
   GPU Part: 169.327767 GFLOPS (time median: 0.154144 ms, 6287752 rows, 13050430 nnz)
/local/pmpakos/SpMV-Research/benchmark_code/BENCH_HYBRID/../../validation_matrices/download_matrices/new_folder/great-britain_osm.mtx,72,7733822,7733822,16313034,16313034,1,2.000688,0.000624,0.000660,0.068509,49.464614,216.190052,0.000000,0.000000,Hybrid_CsrVec_cuda_csr_transpose_expand_rows,7733822,7733822,16313034,16251373036.674040,75171696.772769,2723,655.399648,0.178752,0.195008,67.365472,419.913248,0.149920,0.154144,0.192064
Temps: Composite 26850 Composite 27850 Composite 42850 Sensor 1 39850  Sensor 2 42850  Composite 43850 Sensor 1 40850  Sensor 2 43850  asic 64000 asic 64000 
File: /local/pmpakos/SpMV-Research/benchmark_code/BENCH_HYBRID/../../validation_matrices/download_matrices/new_folder/hugetric-00000.mtx
------------------------
/local/pmpakos/SpMV-Research/benchmark_code/BENCH_HYBRID/../../validation_matrices/download_matrices/new_folder/hugetric-00000.mtx
hugetric-00000_spmv_hybrid_csr_vec_cuda_csr_transpose_expand_rows_STRAT_RATIO_80_MALLOC
max threads 72
time read: 0.014440
time coo to csr: 0.038127
Hybrid Matrix Partition (FIXED_RATIO):
   CPU Portion: 1165019 rows (20.00%), 3493407 NNZs (20.00%)
   GPU Portion: 4659535 rows (80.00%), 13973639 NNZs (80.00%)
CPU needs 2796607 elements (21.34 MB) instead of 44.44 MB 
VEC_LEN = 2
balance time = 1.5456e-05
max_smem_per_block(bytes)=49152
multiproc_count=132
max_threads_per_block=1024
warp_size=32
max_threads_per_multiproc=2048
max_block_dim_x=1024
max_persistent_l2_cache=39321600
max_num_threads=270336
degree_max=3
nnz = 13973639, nnz_extended = 13978752 (padding 0.04)
num_threads=4659584, thread_block_size=128, num_thread_blocks=36403
balance time warps = 0.000362336
balance time threads = 0.00359072
Hybrid conversion times: Total = 0.329579 s, CPU = 0.000340096 s, GPU = 0.27305 s
time convert to format: 0.329588
Grid : {36403, 1, 1} blocks. Blocks : {128, 1, 1} threads.
Hybrid configuration: m_cpu is 1165019 (8.89 MB) (non-explicit memory)
time warm up 0.124511
Grid : {36403, 1, 1} blocks. Blocks : {128, 1, 1} threads.
Hybrid configuration: m_cpu is 1165019 (8.89 MB) (non-explicit memory)
number of loops = 4670
time iter: min=0.000358144, median=0.000386368, max=0.068981
time iter cpu: min=0.185344, median=0.206912, max=68.7962
time iter gpu: min=0.132928, median=0.140064, max=0.160416
time iter gather: min=0.000150272, median=0.000168256, max=0.00378707
GFLOPS = 90.416629 (spmv_hybrid_csr_vec_cuda_csr_transpose_expand_rows_STRAT_RATIO_80_MALLOC) (time = 0.386368 ms)
   CPU Part: 33.767080 GFLOPS (time median: 0.206912 ms, 1165019 rows, 3493407 nnz)
   GPU Part: 199.532198 GFLOPS (time median: 0.140064 ms, 4659535 rows, 13973639 nnz)
/local/pmpakos/SpMV-Research/benchmark_code/BENCH_HYBRID/../../validation_matrices/download_matrices/new_folder/hugetric-00000.mtx,72,5824554,5824554,17467046,17467046,1,2.000768,0.000358,0.000386,0.068981,90.416629,222.113392,0.000000,0.000000,Hybrid_CsrVec_cuda_csr_transpose_expand_rows,5824554,5824554,17467046,0.000000,0.000000,4670,1147.283136,0.185344,0.206912,68.796192,653.491360,0.132928,0.140064,0.160416
Temps: Composite 26850 Composite 27850 Composite 42850 Sensor 1 39850  Sensor 2 42850  Composite 43850 Sensor 1 40850  Sensor 2 43850  asic 64000 asic 64000 
File: /local/pmpakos/SpMV-Research/benchmark_code/BENCH_HYBRID/../../validation_matrices/download_matrices/new_folder/eu-2005.mtx
------------------------
/local/pmpakos/SpMV-Research/benchmark_code/BENCH_HYBRID/../../validation_matrices/download_matrices/new_folder/eu-2005.mtx
eu-2005_spmv_hybrid_csr_vec_cuda_csr_transpose_expand_rows_STRAT_RATIO_80_MALLOC
max threads 72
time read: 0.028689
time coo to csr: 0.107816
Hybrid Matrix Partition (FIXED_RATIO):
   CPU Portion: 185767 rows (21.53%), 3847014 NNZs (20.00%)
   GPU Portion: 676897 rows (78.47%), 15388126 NNZs (80.00%)
CPU needs 245709 elements (1.87 MB) instead of 6.58 MB 
VEC_LEN = 2
balance time = 1.4144e-05
max_smem_per_block(bytes)=49152
multiproc_count=132
max_threads_per_block=1024
warp_size=32
max_threads_per_multiproc=2048
max_block_dim_x=1024
max_persistent_l2_cache=39321600
max_num_threads=270336
degree_max=6985
nnz = 15388126, nnz_extended = 16711680 (padding 8.60)
num_threads=3342336, thread_block_size=128, num_thread_blocks=26112
balance time warps = 0.00021504
balance time threads = 0.00211469
Hybrid conversion times: Total = 0.312144 s, CPU = 0.000425504 s, GPU = 0.283545 s
time convert to format: 0.312153
Grid : {26112, 1, 1} blocks. Blocks : {128, 1, 1} threads.
Hybrid configuration: m_cpu is 185767 (1.42 MB) (non-explicit memory)
time warm up 0.076211
Grid : {26112, 1, 1} blocks. Blocks : {128, 1, 1} threads.
Hybrid configuration: m_cpu is 185767 (1.42 MB) (non-explicit memory)
number of loops = 15731
time iter: min=0.000104512, median=0.000108672, max=0.0698884
time iter cpu: min=0.05696, median=0.068544, max=69.8475
time iter gpu: min=0.068928, median=0.070784, max=3.43949
time iter gather: min=2.7552e-05, median=3.072e-05, max=0.00627882
GFLOPS = 354.003607 (spmv_hybrid_csr_vec_cuda_csr_transpose_expand_rows_STRAT_RATIO_80_MALLOC) (time = 0.108672 ms)
   CPU Part: 112.249475 GFLOPS (time median: 0.068544 ms, 185767 rows, 3847014 nnz)
   GPU Part: 434.791067 GFLOPS (time median: 0.070784 ms, 676897 rows, 15388126 nnz)
/local/pmpakos/SpMV-Research/benchmark_code/BENCH_HYBRID/../../validation_matrices/download_matrices/new_folder/eu-2005.mtx,72,862664,862664,19235140,19235140,0,2.000155,0.000105,0.000109,0.069888,354.003607,223.419514,0.000000,0.000000,Hybrid_CsrVec_cuda_csr_transpose_expand_rows,862664,862664,19235140,0.000000,0.000000,15731,1273.188320,0.056960,0.068544,69.847488,1117.535710,0.068928,0.070784,3.439488
Temps: Composite 26850 Composite 27850 Composite 42850 Sensor 1 39850  Sensor 2 42850  Composite 43850 Sensor 1 39850  Sensor 2 43850  asic 64000 asic 64000 
File: /local/pmpakos/SpMV-Research/benchmark_code/BENCH_HYBRID/../../validation_matrices/download_matrices/new_folder/Freescale1.mtx
------------------------
/local/pmpakos/SpMV-Research/benchmark_code/BENCH_HYBRID/../../validation_matrices/download_matrices/new_folder/Freescale1.mtx
Freescale1_spmv_hybrid_csr_vec_cuda_csr_transpose_expand_rows_STRAT_RATIO_80_MALLOC
max threads 72
time read: 0.065015
time coo to csr: 0.038026
Hybrid Matrix Partition (FIXED_RATIO):
   CPU Portion: 858400 rows (25.04%), 3784065 NNZs (20.00%)
   GPU Portion: 2570355 rows (74.96%), 15136282 NNZs (80.00%)
CPU needs 1512448 elements (11.54 MB) instead of 26.16 MB 
VEC_LEN = 2
balance time = 1.5104e-05
max_smem_per_block(bytes)=49152
multiproc_count=132
max_threads_per_block=1024
warp_size=32
max_threads_per_multiproc=2048
max_block_dim_x=1024
max_persistent_l2_cache=39321600
max_num_threads=270336
degree_max=30
nnz = 15136282, nnz_extended = 19145600 (padding 26.49)
num_threads=3829120, thread_block_size=128, num_thread_blocks=29915
balance time warps = 0.000252192
balance time threads = 0.00292077
Hybrid conversion times: Total = 0.308542 s, CPU = 0.0024961 s, GPU = 0.269822 s
time convert to format: 0.308549
Grid : {29915, 1, 1} blocks. Blocks : {128, 1, 1} threads.
Hybrid configuration: m_cpu is 858400 (6.55 MB) (non-explicit memory)
time warm up 0.119658
Grid : {29915, 1, 1} blocks. Blocks : {128, 1, 1} threads.
Hybrid configuration: m_cpu is 858400 (6.55 MB) (non-explicit memory)
number of loops = 5701
time iter: min=0.000233856, median=0.000298016, max=0.0704404
time iter cpu: min=0.126976, median=0.190464, max=6.61658
time iter gpu: min=0.114752, median=0.11808, max=10.1096
time iter gather: min=9.2256e-05, median=9.6736e-05, max=0.0702326
GFLOPS = 126.975377 (spmv_hybrid_csr_vec_cuda_csr_transpose_expand_rows_STRAT_RATIO_80_MALLOC) (time = 0.298016 ms)
   CPU Part: 39.735226 GFLOPS (time median: 0.190464 ms, 858400 rows, 3784065 nnz)
   GPU Part: 256.373345 GFLOPS (time median: 0.118080 ms, 2570355 rows, 15136282 nnz)
/local/pmpakos/SpMV-Research/benchmark_code/BENCH_HYBRID/../../validation_matrices/download_matrices/new_folder/Freescale1.mtx,72,3428755,3428755,18920347,18920347,0,2.000432,0.000234,0.000298,0.070440,126.975377,229.605854,0.000000,0.000000,Hybrid_CsrVec_cuda_csr_transpose_expand_rows,3428755,3428755,18920347,0.000000,0.000000,5701,1152.270880,0.126976,0.190464,6.616576,684.569951,0.114752,0.118080,10.109632
Temps: Composite 26850 Composite 27850 Composite 42850 Sensor 1 39850  Sensor 2 42850  Composite 43850 Sensor 1 39850  Sensor 2 43850  asic 64000 asic 64000 
File: /local/pmpakos/SpMV-Research/benchmark_code/BENCH_HYBRID/../../validation_matrices/download_matrices/new_folder/wikipedia-20051105.mtx
------------------------
/local/pmpakos/SpMV-Research/benchmark_code/BENCH_HYBRID/../../validation_matrices/download_matrices/new_folder/wikipedia-20051105.mtx
wikipedia-20051105_spmv_hybrid_csr_vec_cuda_csr_transpose_expand_rows_STRAT_RATIO_80_MALLOC
max threads 72
time read: 0.027017
time coo to csr: 0.047806
Hybrid Matrix Partition (FIXED_RATIO):
   CPU Portion: 122687 rows (7.50%), 3950610 NNZs (20.00%)
   GPU Portion: 1512302 rows (92.50%), 15802468 NNZs (80.00%)
CPU needs 588264 elements (4.49 MB) instead of 12.47 MB 
VEC_LEN = 2
balance time = 1.312e-05
max_smem_per_block(bytes)=49152
multiproc_count=132
max_threads_per_block=1024
warp_size=32
max_threads_per_multiproc=2048
max_block_dim_x=1024
max_persistent_l2_cache=39321600
max_num_threads=270336
degree_max=4970
nnz = 15802468, nnz_extended = 20084480 (padding 27.10)
num_threads=4016896, thread_block_size=128, num_thread_blocks=31382
balance time warps = 0.000273536
balance time threads = 0.00298154
Hybrid conversion times: Total = 0.318693 s, CPU = 0.00031488 s, GPU = 0.270622 s
time convert to format: 0.318702
Grid : {31382, 1, 1} blocks. Blocks : {128, 1, 1} threads.
Hybrid configuration: m_cpu is 122687 (0.94 MB) (non-explicit memory)
time warm up 0.130612
Grid : {31382, 1, 1} blocks. Blocks : {128, 1, 1} threads.
Hybrid configuration: m_cpu is 122687 (0.94 MB) (non-explicit memory)
number of loops = 8762
time iter: min=0.000200544, median=0.000206272, max=0.0696355
time iter cpu: min=0.1088, median=0.117536, max=69.5653
time iter gpu: min=0.133216, median=0.13888, max=5.97098
time iter gather: min=5.7696e-05, median=6.0416e-05, max=0.00374688
GFLOPS = 191.524570 (spmv_hybrid_csr_vec_cuda_csr_transpose_expand_rows_STRAT_RATIO_80_MALLOC) (time = 0.206272 ms)
   CPU Part: 67.223829 GFLOPS (time median: 0.117536 ms, 122687 rows, 3950610 nnz)
   GPU Part: 227.570104 GFLOPS (time median: 0.138880 ms, 1512302 rows, 15802468 nnz)
/local/pmpakos/SpMV-Research/benchmark_code/BENCH_HYBRID/../../validation_matrices/download_matrices/new_folder/wikipedia-20051105.mtx,72,1634989,1634989,19753078,19753078,0,2.000357,0.000201,0.000206,0.069635,191.524570,232.293030,0.000000,0.000000,Hybrid_CsrVec_cuda_csr_transpose_expand_rows,1634989,1634989,19753078,16251373036.674040,69960657.242728,8762,1184.404384,0.108800,0.117536,69.565344,1223.605503,0.133216,0.138880,5.970976
Temps: Composite 26850 Composite 27850 Composite 42850 Sensor 1 39850  Sensor 2 42850  Composite 43850 Sensor 1 40850  Sensor 2 43850  asic 64000 asic 64000 
File: /local/pmpakos/SpMV-Research/benchmark_code/BENCH_HYBRID/../../validation_matrices/download_matrices/new_folder/circuit5M_dc.mtx
------------------------
/local/pmpakos/SpMV-Research/benchmark_code/BENCH_HYBRID/../../validation_matrices/download_matrices/new_folder/circuit5M_dc.mtx
circuit5M_dc_spmv_hybrid_csr_vec_cuda_csr_transpose_expand_rows_STRAT_RATIO_80_MALLOC
max threads 72
time read: 0.141137
time coo to csr: 0.037124
Hybrid Matrix Partition (FIXED_RATIO):
   CPU Portion: 702049 rows (19.93%), 3838837 NNZs (20.00%)
   GPU Portion: 2821268 rows (80.07%), 15355356 NNZs (80.00%)
CPU needs 1698909 elements (12.96 MB) instead of 26.88 MB 
VEC_LEN = 2
balance time = 1.4656e-05
max_smem_per_block(bytes)=49152
multiproc_count=132
max_threads_per_block=1024
warp_size=32
max_threads_per_multiproc=2048
max_block_dim_x=1024
max_persistent_l2_cache=39321600
max_num_threads=270336
degree_max=25
nnz = 15355356, nnz_extended = 18919040 (padding 23.21)
num_threads=3783808, thread_block_size=128, num_thread_blocks=29561
balance time warps = 0.000272672
balance time threads = 0.00304963
Hybrid conversion times: Total = 0.31295 s, CPU = 0.000322688 s, GPU = 0.274951 s
time convert to format: 0.312957
Grid : {29561, 1, 1} blocks. Blocks : {128, 1, 1} threads.
Hybrid configuration: m_cpu is 702049 (5.36 MB) (non-explicit memory)
time warm up 0.114279
Grid : {29561, 1, 1} blocks. Blocks : {128, 1, 1} threads.
Hybrid configuration: m_cpu is 702049 (5.36 MB) (non-explicit memory)
number of loops = 6147
time iter: min=0.000235808, median=0.0002744, max=0.07061
time iter cpu: min=0.144512, median=0.1744, max=3.72701
time iter gpu: min=0.10848, median=0.112416, max=12.5831
time iter gather: min=7.6928e-05, median=8.7744e-05, max=0.070417
GFLOPS = 139.899366 (spmv_hybrid_csr_vec_cuda_csr_transpose_expand_rows_STRAT_RATIO_80_MALLOC) (time = 0.274400 ms)
   CPU Part: 44.023360 GFLOPS (time median: 0.174400 ms, 702049 rows, 3838837 nnz)
   GPU Part: 273.188089 GFLOPS (time median: 0.112416 ms, 2821268 rows, 15355356 nnz)
/local/pmpakos/SpMV-Research/benchmark_code/BENCH_HYBRID/../../validation_matrices/download_matrices/new_folder/circuit5M_dc.mtx,72,3523317,3523317,19194193,19194193,0,2.000444,0.000236,0.000274,0.070610,139.899366,233.100498,0.000000,0.000000,Hybrid_CsrVec_cuda_csr_transpose_expand_rows,3523317,3523317,19194193,0.000000,0.000000,6147,1111.802304,0.144512,0.174400,3.727008,705.766945,0.108480,0.112416,12.583104
Temps: Composite 26850 Composite 27850 Composite 42850 Sensor 1 39850  Sensor 2 42850  Composite 43850 Sensor 1 40850  Sensor 2 43850  asic 64000 asic 64000 
File: /local/pmpakos/SpMV-Research/benchmark_code/BENCH_HYBRID/../../validation_matrices/download_matrices/new_folder/bundle_adj.mtx
------------------------
/local/pmpakos/SpMV-Research/benchmark_code/BENCH_HYBRID/../../validation_matrices/download_matrices/new_folder/bundle_adj.mtx
bundle_adj_spmv_hybrid_csr_vec_cuda_csr_transpose_expand_rows_STRAT_RATIO_80_MALLOC
max threads 72
time read: 0.035641
time coo to csr: 0.034109
Hybrid Matrix Partition (FIXED_RATIO):
   CPU Portion: 1507 rows (0.29%), 4041435 NNZs (20.00%)
   GPU Portion: 511844 rows (99.71%), 16166616 NNZs (80.00%)
CPU needs 248361 elements (1.89 MB) instead of 3.92 MB 
VEC_LEN = 2
balance time = 1.3792e-05
max_smem_per_block(bytes)=49152
multiproc_count=132
max_threads_per_block=1024
warp_size=32
max_threads_per_multiproc=2048
max_block_dim_x=1024
max_persistent_l2_cache=39321600
max_num_threads=270336
degree_max=7965
nnz = 16166616, nnz_extended = 16924160 (padding 4.69)
num_threads=3384832, thread_block_size=128, num_thread_blocks=26444
balance time warps = 0.000200864
balance time threads = 0.00205533
Hybrid conversion times: Total = 0.291024 s, CPU = 0.000426144 s, GPU = 0.263977 s
time convert to format: 0.291034
Grid : {26444, 1, 1} blocks. Blocks : {128, 1, 1} threads.
Hybrid configuration: m_cpu is 1507 (0.01 MB) (non-explicit memory)
time warm up 0.075778
Grid : {26444, 1, 1} blocks. Blocks : {128, 1, 1} threads.
Hybrid configuration: m_cpu is 1507 (0.01 MB) (non-explicit memory)
number of loops = 18130
time iter: min=9.1616e-05, median=9.4176e-05, max=0.072149
time iter cpu: min=0.040512, median=0.042176, max=72.1228
time iter gpu: min=0.067584, median=0.069344, max=2.5712
time iter gather: min=1.7184e-05, median=1.8496e-05, max=0.0679244
GFLOPS = 429.155008 (spmv_hybrid_csr_vec_cuda_csr_transpose_expand_rows_STRAT_RATIO_80_MALLOC) (time = 0.094176 ms)
   CPU Part: 191.646197 GFLOPS (time median: 0.042176 ms, 1507 rows, 4041435 nnz)
   GPU Part: 466.272965 GFLOPS (time median: 0.069344 ms, 511844 rows, 16166616 nnz)
/local/pmpakos/SpMV-Research/benchmark_code/BENCH_HYBRID/../../validation_matrices/download_matrices/new_folder/bundle_adj.mtx,72,513351,513351,20208051,20208051,1,2.000166,0.000092,0.000094,0.072149,429.155008,233.221073,0.000000,0.000000,Hybrid_CsrVec_cuda_csr_transpose_expand_rows,513351,513351,20208051,0.000000,0.000000,18130,927.341792,0.040512,0.042176,72.122848,1258.959968,0.067584,0.069344,2.571200
Temps: Composite 26850 Composite 27850 Composite 42850 Sensor 1 39850  Sensor 2 42850  Composite 43850 Sensor 1 40850  Sensor 2 43850  asic 64000 asic 64000 
File: /local/pmpakos/SpMV-Research/benchmark_code/BENCH_HYBRID/../../validation_matrices/download_matrices/new_folder/msdoor.mtx
------------------------
/local/pmpakos/SpMV-Research/benchmark_code/BENCH_HYBRID/../../validation_matrices/download_matrices/new_folder/msdoor.mtx
msdoor_spmv_hybrid_csr_vec_cuda_csr_transpose_expand_rows_STRAT_RATIO_80_MALLOC
max threads 72
time read: 0.031745
time coo to csr: 0.033973
Hybrid Matrix Partition (FIXED_RATIO):
   CPU Portion: 81596 rows (19.62%), 4048146 NNZs (20.00%)
   GPU Portion: 334267 rows (80.38%), 16192789 NNZs (80.00%)
CPU needs 114107 elements (0.87 MB) instead of 3.17 MB 
VEC_LEN = 2
balance time = 1.3856e-05
max_smem_per_block(bytes)=49152
multiproc_count=132
max_threads_per_block=1024
warp_size=32
max_threads_per_multiproc=2048
max_block_dim_x=1024
max_persistent_l2_cache=39321600
max_num_threads=270336
degree_max=80
nnz = 16192789, nnz_extended = 16698880 (padding 3.13)
num_threads=3339776, thread_block_size=128, num_thread_blocks=26092
balance time warps = 0.000189184
balance time threads = 0.00222534
Hybrid conversion times: Total = 0.280265 s, CPU = 0.000438208 s, GPU = 0.253748 s
time convert to format: 0.280273
Grid : {26092, 1, 1} blocks. Blocks : {128, 1, 1} threads.
Hybrid configuration: m_cpu is 81596 (0.62 MB) (non-explicit memory)
time warm up 0.072367
Grid : {26092, 1, 1} blocks. Blocks : {128, 1, 1} threads.
Hybrid configuration: m_cpu is 81596 (0.62 MB) (non-explicit memory)
number of loops = 19520
time iter: min=8.6752e-05, median=9.0176e-05, max=0.0740852
time iter cpu: min=0.043168, median=0.052576, max=6.028
time iter gpu: min=0.06432, median=0.065952, max=2.19021
time iter gather: min=1.552e-05, median=1.7984e-05, max=0.0680369
GFLOPS = 448.920666 (spmv_hybrid_csr_vec_cuda_csr_transpose_expand_rows_STRAT_RATIO_80_MALLOC) (time = 0.090176 ms)
   CPU Part: 153.992164 GFLOPS (time median: 0.052576 ms, 81596 rows, 4048146 nnz)
   GPU Part: 491.047679 GFLOPS (time median: 0.065952 ms, 334267 rows, 16192789 nnz)
/local/pmpakos/SpMV-Research/benchmark_code/BENCH_HYBRID/../../validation_matrices/download_matrices/new_folder/msdoor.mtx,72,415863,415863,20240935,20240935,1,2.000174,0.000087,0.000090,0.074085,448.920666,233.225513,0.000000,0.000000,Hybrid_CsrVec_cuda_csr_transpose_expand_rows,415863,415863,20240935,0.000000,0.000000,19520,1086.194176,0.043168,0.052576,6.028000,1287.871547,0.064320,0.065952,2.190208
Temps: Composite 26850 Composite 27850 Composite 42850 Sensor 1 39850  Sensor 2 42850  Composite 43850 Sensor 1 39850  Sensor 2 43850  asic 64000 asic 64000 
File: /local/pmpakos/SpMV-Research/benchmark_code/BENCH_HYBRID/../../validation_matrices/download_matrices/new_folder/fem_hifreq_circuit.mtx
------------------------
/local/pmpakos/SpMV-Research/benchmark_code/BENCH_HYBRID/../../validation_matrices/download_matrices/new_folder/fem_hifreq_circuit.mtx
fem_hifreq_circuit_spmv_hybrid_csr_vec_cuda_csr_transpose_expand_rows_STRAT_RATIO_80_MALLOC
max threads 72
time read: 0.079817
time coo to csr: 0.041061
Hybrid Matrix Partition (FIXED_RATIO):
   CPU Portion: 69326 rows (14.12%), 4047844 NNZs (20.00%)
   GPU Portion: 421774 rows (85.88%), 16191393 NNZs (80.00%)
CPU needs 214310 elements (1.64 MB) instead of 3.75 MB 
VEC_LEN = 2
balance time = 1.3536e-05
max_smem_per_block(bytes)=49152
multiproc_count=132
max_threads_per_block=1024
warp_size=32
max_threads_per_multiproc=2048
max_block_dim_x=1024
max_persistent_l2_cache=39321600
max_num_threads=270336
degree_max=110
nnz = 16191393, nnz_extended = 17101440 (padding 5.62)
num_threads=3420288, thread_block_size=128, num_thread_blocks=26721
balance time warps = 0.000199392
balance time threads = 0.00195907
Hybrid conversion times: Total = 0.326538 s, CPU = 0.000552832 s, GPU = 0.299768 s
time convert to format: 0.326547
Grid : {26721, 1, 1} blocks. Blocks : {128, 1, 1} threads.
Hybrid configuration: m_cpu is 69326 (0.53 MB) (non-explicit memory)
time warm up 0.075681
Grid : {26721, 1, 1} blocks. Blocks : {128, 1, 1} threads.
Hybrid configuration: m_cpu is 69326 (0.53 MB) (non-explicit memory)
number of loops = 16816
time iter: min=9.7184e-05, median=9.9712e-05, max=0.0724848
time iter cpu: min=0.044064, median=0.051648, max=72.4498
time iter gpu: min=0.067904, median=0.06944, max=2.39178
time iter gather: min=2.1056e-05, median=2.3744e-05, max=0.0687803
GFLOPS = 405.953887 (spmv_hybrid_csr_vec_cuda_csr_transpose_expand_rows_STRAT_RATIO_80_MALLOC) (time = 0.099712 ms)
   CPU Part: 156.747367 GFLOPS (time median: 0.051648 ms, 69326 rows, 4047844 nnz)
   GPU Part: 466.341966 GFLOPS (time median: 0.069440 ms, 421774 rows, 16191393 nnz)
/local/pmpakos/SpMV-Research/benchmark_code/BENCH_HYBRID/../../validation_matrices/download_matrices/new_folder/fem_hifreq_circuit.mtx,72,491100,491100,20239237,20239237,0,2.000114,0.000097,0.000100,0.072485,405.953887,233.493088,0.000000,0.000000,Hybrid_CsrVec_cuda_csr_transpose_expand_rows,491100,491100,20239237,16251373036.674040,69601088.374757,16816,1027.316320,0.044064,0.051648,72.449792,1170.199490,0.067904,0.069440,2.391776
Temps: Composite 26850 Composite 27850 Composite 42850 Sensor 1 39850  Sensor 2 42850  Composite 43850 Sensor 1 40850  Sensor 2 43850  asic 64000 asic 64000 
File: /local/pmpakos/SpMV-Research/benchmark_code/BENCH_HYBRID/../../validation_matrices/download_matrices/new_folder/kron_g500-logn18.mtx
------------------------
/local/pmpakos/SpMV-Research/benchmark_code/BENCH_HYBRID/../../validation_matrices/download_matrices/new_folder/kron_g500-logn18.mtx
kron_g500-logn18_spmv_hybrid_csr_vec_cuda_csr_transpose_expand_rows_STRAT_RATIO_80_MALLOC
max threads 72
time read: 0.020117
time coo to csr: 0.048846
Hybrid Matrix Partition (FIXED_RATIO):
   CPU Portion: 52633 rows (20.08%), 4232209 NNZs (20.00%)
   GPU Portion: 209511 rows (79.92%), 16933699 NNZs (80.00%)
CPU needs 157413 elements (1.20 MB) instead of 2.00 MB 
VEC_LEN = 2
balance time = 1.5136e-05
max_smem_per_block(bytes)=49152
multiproc_count=132
max_threads_per_block=1024
warp_size=32
max_threads_per_multiproc=2048
max_block_dim_x=1024
max_persistent_l2_cache=39321600
max_num_threads=270336
degree_max=49165
nnz = 16933699, nnz_extended = 17319040 (padding 2.28)
num_threads=3463808, thread_block_size=128, num_thread_blocks=27061
balance time warps = 0.000189408
balance time threads = 0.00252669
Hybrid conversion times: Total = 0.283353 s, CPU = 0.000433472 s, GPU = 0.2486 s
time convert to format: 0.283361
Grid : {27061, 1, 1} blocks. Blocks : {128, 1, 1} threads.
Hybrid configuration: m_cpu is 52633 (0.40 MB) (non-explicit memory)
time warm up 0.120072
Grid : {27061, 1, 1} blocks. Blocks : {128, 1, 1} threads.
Hybrid configuration: m_cpu is 52633 (0.40 MB) (non-explicit memory)
number of loops = 11935
time iter: min=0.00014064, median=0.000145696, max=0.069466
time iter cpu: min=0.110976, median=0.117536, max=67.5946
time iter gpu: min=0.115168, median=0.117568, max=1.76054
time iter gather: min=1.6576e-05, median=1.8464e-05, max=0.0693296
GFLOPS = 290.548924 (spmv_hybrid_csr_vec_cuda_csr_transpose_expand_rows_STRAT_RATIO_80_MALLOC) (time = 0.145696 ms)
   CPU Part: 72.015536 GFLOPS (time median: 0.117536 ms, 52633 rows, 4232209 nnz)
   GPU Part: 288.066461 GFLOPS (time median: 0.117568 ms, 209511 rows, 16933699 nnz)
/local/pmpakos/SpMV-Research/benchmark_code/BENCH_HYBRID/../../validation_matrices/download_matrices/new_folder/kron_g500-logn18.mtx,72,262144,262144,21165908,21165908,1,2.000193,0.000141,0.000146,0.069466,290.548924,243.224598,0.000000,0.000000,Hybrid_CsrVec_cuda_csr_transpose_expand_rows,262144,262144,21165908,0.000000,0.000000,11935,1547.616192,0.110976,0.117536,67.594624,1408.555712,0.115168,0.117568,1.760544
Temps: Composite 26850 Composite 27850 Composite 42850 Sensor 1 39850  Sensor 2 42850  Composite 43850 Sensor 1 40850  Sensor 2 43850  asic 64000 asic 64000 
File: /local/pmpakos/SpMV-Research/benchmark_code/BENCH_HYBRID/../../validation_matrices/download_matrices/new_folder/StocF-1465.mtx
------------------------
/local/pmpakos/SpMV-Research/benchmark_code/BENCH_HYBRID/../../validation_matrices/download_matrices/new_folder/StocF-1465.mtx
StocF-1465_spmv_hybrid_csr_vec_cuda_csr_transpose_expand_rows_STRAT_RATIO_80_MALLOC
max threads 72
time read: 0.035367
time coo to csr: 0.034322
Hybrid Matrix Partition (FIXED_RATIO):
   CPU Portion: 290450 rows (19.82%), 4201074 NNZs (20.00%)
   GPU Portion: 1174687 rows (80.18%), 16804315 NNZs (80.00%)
CPU needs 312031 elements (2.38 MB) instead of 11.18 MB 
VEC_LEN = 2
balance time = 1.4784e-05
max_smem_per_block(bytes)=49152
multiproc_count=132
max_threads_per_block=1024
warp_size=32
max_threads_per_multiproc=2048
max_block_dim_x=1024
max_persistent_l2_cache=39321600
max_num_threads=270336
degree_max=190
nnz = 16804315, nnz_extended = 17792640 (padding 5.88)
num_threads=3558528, thread_block_size=128, num_thread_blocks=27801
balance time warps = 0.000231648
balance time threads = 0.00222928
Hybrid conversion times: Total = 0.282489 s, CPU = 0.000471424 s, GPU = 0.251635 s
time convert to format: 0.282496
Grid : {27801, 1, 1} blocks. Blocks : {128, 1, 1} threads.
Hybrid configuration: m_cpu is 290450 (2.22 MB) (non-explicit memory)
time warm up 0.085227
Grid : {27801, 1, 1} blocks. Blocks : {128, 1, 1} threads.
Hybrid configuration: m_cpu is 290450 (2.22 MB) (non-explicit memory)
number of loops = 17407
time iter: min=9.6896e-05, median=9.9904e-05, max=0.0677898
time iter cpu: min=0.046016, median=0.051968, max=67.6201
time iter gpu: min=0.076864, median=0.078432, max=5.79846
time iter gather: min=1.3408e-05, median=1.52e-05, max=0.00441222
GFLOPS = 420.511471 (spmv_hybrid_csr_vec_cuda_csr_transpose_expand_rows_STRAT_RATIO_80_MALLOC) (time = 0.099904 ms)
   CPU Part: 161.679264 GFLOPS (time median: 0.051968 ms, 290450 rows, 4201074 nnz)
   GPU Part: 428.506598 GFLOPS (time median: 0.078432 ms, 1174687 rows, 16804315 nnz)
/local/pmpakos/SpMV-Research/benchmark_code/BENCH_HYBRID/../../validation_matrices/download_matrices/new_folder/StocF-1465.mtx,72,1465137,1465137,21005389,21005389,1,2.000227,0.000097,0.000100,0.067790,420.511471,245.976658,0.000000,0.000000,Hybrid_CsrVec_cuda_csr_transpose_expand_rows,1465137,1465137,21005389,0.000000,0.000000,17407,1101.778592,0.046016,0.051968,67.620064,1369.980040,0.076864,0.078432,5.798464
Temps: Composite 26850 Composite 27850 Composite 42850 Sensor 1 39850  Sensor 2 42850  Composite 43850 Sensor 1 40850  Sensor 2 43850  asic 63000 asic 63000 
File: /local/pmpakos/SpMV-Research/benchmark_code/BENCH_HYBRID/../../validation_matrices/download_matrices/new_folder/rajat31.mtx
------------------------
/local/pmpakos/SpMV-Research/benchmark_code/BENCH_HYBRID/../../validation_matrices/download_matrices/new_folder/rajat31.mtx
rajat31_spmv_hybrid_csr_vec_cuda_csr_transpose_expand_rows_STRAT_RATIO_80_MALLOC
max threads 72
time read: 0.061179
time coo to csr: 0.032064
Hybrid Matrix Partition (FIXED_RATIO):
   CPU Portion: 937813 rows (20.00%), 4063248 NNZs (20.00%)
   GPU Portion: 3752189 rows (80.00%), 16253005 NNZs (80.00%)
CPU needs 941362 elements (7.18 MB) instead of 35.78 MB 
VEC_LEN = 2
balance time = 1.5104e-05
max_smem_per_block(bytes)=49152
multiproc_count=132
max_threads_per_block=1024
warp_size=32
max_threads_per_multiproc=2048
max_block_dim_x=1024
max_persistent_l2_cache=39321600
max_num_threads=270336
degree_max=5
nnz = 16253005, nnz_extended = 18760960 (padding 15.43)
num_threads=3752192, thread_block_size=128, num_thread_blocks=29314
balance time warps = 0.0700125
balance time threads = 0.00272224
Hybrid conversion times: Total = 0.387246 s, CPU = 0.00040272 s, GPU = 0.345932 s
time convert to format: 0.387254
Grid : {29314, 1, 1} blocks. Blocks : {128, 1, 1} threads.
Hybrid configuration: m_cpu is 937813 (7.15 MB) (non-explicit memory)
time warm up 0.115270
Grid : {29314, 1, 1} blocks. Blocks : {128, 1, 1} threads.
Hybrid configuration: m_cpu is 937813 (7.15 MB) (non-explicit memory)
number of loops = 11348
time iter: min=0.000155296, median=0.000163808, max=0.0685801
time iter cpu: min=0.065312, median=0.078336, max=68.5233
time iter gpu: min=0.106784, median=0.108832, max=0.122048
time iter gather: min=3.9872e-05, median=4.8288e-05, max=0.00368038
GFLOPS = 248.049582 (spmv_hybrid_csr_vec_cuda_csr_transpose_expand_rows_STRAT_RATIO_80_MALLOC) (time = 0.163808 ms)
   CPU Part: 103.738971 GFLOPS (time median: 0.078336 ms, 937813 rows, 4063248 nnz)
   GPU Part: 298.680622 GFLOPS (time median: 0.108832 ms, 3752189 rows, 16253005 nnz)
/local/pmpakos/SpMV-Research/benchmark_code/BENCH_HYBRID/../../validation_matrices/download_matrices/new_folder/rajat31.mtx,72,4690002,4690002,20316253,20316253,0,2.000193,0.000155,0.000164,0.068580,248.049582,250.392006,0.000000,0.000000,Hybrid_CsrVec_cuda_csr_transpose_expand_rows,4690002,4690002,20316253,0.000000,0.000000,11348,1006.286976,0.065312,0.078336,68.523296,1235.574048,0.106784,0.108832,0.122048
Temps: Composite 26850 Composite 27850 Composite 42850 Sensor 1 39850  Sensor 2 42850  Composite 43850 Sensor 1 40850  Sensor 2 43850  asic 63000 asic 63000 
File: /local/pmpakos/SpMV-Research/benchmark_code/BENCH_HYBRID/../../validation_matrices/download_matrices/new_folder/gsm_106857.mtx
------------------------
/local/pmpakos/SpMV-Research/benchmark_code/BENCH_HYBRID/../../validation_matrices/download_matrices/new_folder/gsm_106857.mtx
gsm_106857_spmv_hybrid_csr_vec_cuda_csr_transpose_expand_rows_STRAT_RATIO_80_MALLOC
max threads 72
time read: 0.042662
time coo to csr: 0.044320
Hybrid Matrix Partition (FIXED_RATIO):
   CPU Portion: 83363 rows (14.14%), 4351780 NNZs (20.00%)
   GPU Portion: 506083 rows (85.86%), 17407144 NNZs (80.00%)
CPU needs 589446 elements (4.50 MB) instead of 4.50 MB 
VEC_LEN = 2
balance time = 2.816e-05
max_smem_per_block(bytes)=49152
multiproc_count=132
max_threads_per_block=1024
warp_size=32
max_threads_per_multiproc=2048
max_block_dim_x=1024
max_persistent_l2_cache=39321600
max_num_threads=270336
degree_max=110
nnz = 17407144, nnz_extended = 18291840 (padding 5.08)
num_threads=3658368, thread_block_size=128, num_thread_blocks=28581
balance time warps = 0.000197056
balance time threads = 0.00204598
Hybrid conversion times: Total = 0.282049 s, CPU = 0.000459072 s, GPU = 0.250212 s
time convert to format: 0.282061
Grid : {28581, 1, 1} blocks. Blocks : {128, 1, 1} threads.
Hybrid configuration: m_cpu is 83363 (0.64 MB) (non-explicit memory)
time warm up 0.086137
Grid : {28581, 1, 1} blocks. Blocks : {128, 1, 1} threads.
Hybrid configuration: m_cpu is 83363 (0.64 MB) (non-explicit memory)
number of loops = 11171
time iter: min=0.000145984, median=0.000156096, max=0.0694236
time iter cpu: min=0.108224, median=0.122656, max=69.3887
time iter gpu: min=0.083296, median=0.088672, max=3.57078
time iter gather: min=2.2848e-05, median=2.4544e-05, max=0.0680538
GFLOPS = 278.789002 (spmv_hybrid_csr_vec_cuda_csr_transpose_expand_rows_STRAT_RATIO_80_MALLOC) (time = 0.156096 ms)
   CPU Part: 70.959105 GFLOPS (time median: 0.122656 ms, 83363 rows, 4351780 nnz)
   GPU Part: 392.618742 GFLOPS (time median: 0.088672 ms, 506083 rows, 17407144 nnz)
/local/pmpakos/SpMV-Research/benchmark_code/BENCH_HYBRID/../../validation_matrices/download_matrices/new_folder/gsm_106857.mtx,72,589446,589446,21758924,21758924,1,2.000296,0.000146,0.000156,0.069424,278.789002,251.259686,0.000000,0.000000,Hybrid_CsrVec_cuda_csr_transpose_expand_rows,589446,589446,21758924,0.000000,0.000000,11171,1514.603648,0.108224,0.122656,69.388736,994.414112,0.083296,0.088672,3.570784
Temps: Composite 26850 Composite 27850 Composite 42850 Sensor 1 39850  Sensor 2 42850  Composite 43850 Sensor 1 39850  Sensor 2 43850  asic 63000 asic 63000 
File: /local/pmpakos/SpMV-Research/benchmark_code/BENCH_HYBRID/../../validation_matrices/download_matrices/new_folder/hugetric-00010.mtx
------------------------
/local/pmpakos/SpMV-Research/benchmark_code/BENCH_HYBRID/../../validation_matrices/download_matrices/new_folder/hugetric-00010.mtx
hugetric-00010_spmv_hybrid_csr_vec_cuda_csr_transpose_expand_rows_STRAT_RATIO_80_MALLOC
max threads 72
time read: 0.016668
time coo to csr: 0.044744
Hybrid Matrix Partition (FIXED_RATIO):
   CPU Portion: 1318633 rows (20.00%), 3954338 NNZs (20.00%)
   GPU Portion: 5274132 rows (80.00%), 15817370 NNZs (80.00%)
CPU needs 2287463 elements (17.45 MB) instead of 50.30 MB 
VEC_LEN = 2
balance time = 1.5072e-05
max_smem_per_block(bytes)=49152
multiproc_count=132
max_threads_per_block=1024
warp_size=32
max_threads_per_multiproc=2048
max_block_dim_x=1024
max_persistent_l2_cache=39321600
max_num_threads=270336
degree_max=3
nnz = 15817370, nnz_extended = 15822720 (padding 0.03)
num_threads=5274240, thread_block_size=128, num_thread_blocks=41205
balance time warps = 0.000339392
balance time threads = 0.00370067
Hybrid conversion times: Total = 0.34805 s, CPU = 0.000375552 s, GPU = 0.275595 s
time convert to format: 0.348058
Grid : {41205, 1, 1} blocks. Blocks : {128, 1, 1} threads.
Hybrid configuration: m_cpu is 1318633 (10.06 MB) (non-explicit memory)
time warm up 0.174308
Grid : {41205, 1, 1} blocks. Blocks : {128, 1, 1} threads.
Hybrid configuration: m_cpu is 1318633 (10.06 MB) (non-explicit memory)
number of loops = 3087
time iter: min=0.000536064, median=0.000561184, max=0.0696145
time iter cpu: min=0.237856, median=0.246624, max=69.2896
time iter gpu: min=0.189856, median=0.196512, max=23.4376
time iter gather: min=0.000283104, median=0.000302944, max=0.00395866
GFLOPS = 70.464261 (spmv_hybrid_csr_vec_cuda_csr_transpose_expand_rows_STRAT_RATIO_80_MALLOC) (time = 0.561184 ms)
   CPU Part: 32.067747 GFLOPS (time median: 0.246624 ms, 1318633 rows, 3954338 nnz)
   GPU Part: 160.981213 GFLOPS (time median: 0.196512 ms, 5274132 rows, 15817370 nnz)
/local/pmpakos/SpMV-Research/benchmark_code/BENCH_HYBRID/../../validation_matrices/download_matrices/new_folder/hugetric-00010.mtx,72,6592765,6592765,19771708,19771708,1,2.000968,0.000536,0.000561,0.069615,70.464261,251.418648,0.000000,0.000000,Hybrid_CsrVec_cuda_csr_transpose_expand_rows,6592765,6592765,19771708,0.000000,0.000000,3087,988.379808,0.237856,0.246624,69.289568,636.982016,0.189856,0.196512,23.437569
Temps: Composite 26850 Composite 27850 Composite 42850 Sensor 1 39850  Sensor 2 42850  Composite 43850 Sensor 1 40850  Sensor 2 43850  asic 63000 asic 63000 
File: /local/pmpakos/SpMV-Research/benchmark_code/BENCH_HYBRID/../../validation_matrices/download_matrices/new_folder/M6.mtx
------------------------
/local/pmpakos/SpMV-Research/benchmark_code/BENCH_HYBRID/../../validation_matrices/download_matrices/new_folder/M6.mtx
M6_spmv_hybrid_csr_vec_cuda_csr_transpose_expand_rows_STRAT_RATIO_80_MALLOC
max threads 72
time read: 0.016033
time coo to csr: 0.044338
Hybrid Matrix Partition (FIXED_RATIO):
   CPU Portion: 682992 rows (19.50%), 4200771 NNZs (20.00%)
   GPU Portion: 2818784 rows (80.50%), 16803101 NNZs (80.00%)
CPU needs 2208338 elements (16.85 MB) instead of 26.72 MB 
VEC_LEN = 2
balance time = 1.5392e-05
max_smem_per_block(bytes)=49152
multiproc_count=132
max_threads_per_block=1024
warp_size=32
max_threads_per_multiproc=2048
max_block_dim_x=1024
max_persistent_l2_cache=39321600
max_num_threads=270336
degree_max=10
nnz = 16803101, nnz_extended = 24081920 (padding 43.32)
num_threads=4816384, thread_block_size=128, num_thread_blocks=37628
balance time warps = 0.000329184
balance time threads = 0.00364368
Hybrid conversion times: Total = 0.437134 s, CPU = 0.000333408 s, GPU = 0.374557 s
time convert to format: 0.437143
Grid : {37628, 1, 1} blocks. Blocks : {128, 1, 1} threads.
Hybrid configuration: m_cpu is 682992 (5.21 MB) (non-explicit memory)
time warm up 0.200943
Grid : {37628, 1, 1} blocks. Blocks : {128, 1, 1} threads.
Hybrid configuration: m_cpu is 682992 (5.21 MB) (non-explicit memory)
number of loops = 5096
time iter: min=0.000328416, median=0.000344256, max=0.0682253
time iter cpu: min=0.125856, median=0.134464, max=68.102
time iter gpu: min=0.217344, median=0.23056, max=12.6778
time iter gather: min=9.4208e-05, median=0.00010688, max=0.0677167
GFLOPS = 122.024726 (spmv_hybrid_csr_vec_cuda_csr_transpose_expand_rows_STRAT_RATIO_80_MALLOC) (time = 0.344256 ms)
   CPU Part: 62.481720 GFLOPS (time median: 0.134464 ms, 682992 rows, 4200771 nnz)
   GPU Part: 145.759027 GFLOPS (time median: 0.230560 ms, 2818784 rows, 16803101 nnz)
/local/pmpakos/SpMV-Research/benchmark_code/BENCH_HYBRID/../../validation_matrices/download_matrices/new_folder/M6.mtx,72,3501776,3501776,21003872,21003872,1,2.000540,0.000328,0.000344,0.068225,122.024726,253.728458,0.000000,0.000000,Hybrid_CsrVec_cuda_csr_transpose_expand_rows,3501776,3501776,21003872,0.000000,0.000000,5096,789.030080,0.125856,0.134464,68.101952,1193.308736,0.217344,0.230560,12.677824
Temps: Composite 26850 Composite 27850 Composite 42850 Sensor 1 39850  Sensor 2 42850  Composite 43850 Sensor 1 40850  Sensor 2 43850  asic 63000 asic 63000 
File: /local/pmpakos/SpMV-Research/benchmark_code/BENCH_HYBRID/../../validation_matrices/download_matrices/new_folder/CoupCons3D.mtx
------------------------
/local/pmpakos/SpMV-Research/benchmark_code/BENCH_HYBRID/../../validation_matrices/download_matrices/new_folder/CoupCons3D.mtx
CoupCons3D_spmv_hybrid_csr_vec_cuda_csr_transpose_expand_rows_STRAT_RATIO_80_MALLOC
max threads 72
time read: 0.068207
time coo to csr: 0.035488
Hybrid Matrix Partition (FIXED_RATIO):
   CPU Portion: 96685 rows (23.20%), 4464420 NNZs (20.00%)
   GPU Portion: 320115 rows (76.80%), 17857916 NNZs (80.00%)
CPU needs 180048 elements (1.37 MB) instead of 3.18 MB 
VEC_LEN = 2
balance time = 1.392e-05
max_smem_per_block(bytes)=49152
multiproc_count=132
max_threads_per_block=1024
warp_size=32
max_threads_per_multiproc=2048
max_block_dim_x=1024
max_persistent_l2_cache=39321600
max_num_threads=270336
degree_max=80
nnz = 17857916, nnz_extended = 18099200 (padding 1.35)
num_threads=3619840, thread_block_size=128, num_thread_blocks=28280
balance time warps = 0.000198112
balance time threads = 0.0024904
Hybrid conversion times: Total = 0.2774 s, CPU = 0.000362432 s, GPU = 0.248234 s
time convert to format: 0.277410
Grid : {28280, 1, 1} blocks. Blocks : {128, 1, 1} threads.
Hybrid configuration: m_cpu is 96685 (0.74 MB) (non-explicit memory)
time warm up 0.077306
Grid : {28280, 1, 1} blocks. Blocks : {128, 1, 1} threads.
Hybrid configuration: m_cpu is 96685 (0.74 MB) (non-explicit memory)
number of loops = 19316
time iter: min=8.8256e-05, median=9.04e-05, max=0.0718192
time iter cpu: min=0.05328, median=0.057024, max=4.06509
time iter gpu: min=0.069216, median=0.070944, max=2.34061
time iter gather: min=1.1968e-05, median=1.3088e-05, max=0.0717272
GFLOPS = 493.856991 (spmv_hybrid_csr_vec_cuda_csr_transpose_expand_rows_STRAT_RATIO_80_MALLOC) (time = 0.090400 ms)
   CPU Part: 156.580387 GFLOPS (time median: 0.057024 ms, 96685 rows, 4464420 nnz)
   GPU Part: 503.436991 GFLOPS (time median: 0.070944 ms, 320115 rows, 17857916 nnz)
/local/pmpakos/SpMV-Research/benchmark_code/BENCH_HYBRID/../../validation_matrices/download_matrices/new_folder/CoupCons3D.mtx,72,416800,416800,22322336,22322336,0,2.000110,0.000088,0.000090,0.071819,493.856991,257.048832,0.000000,0.000000,Hybrid_CsrVec_cuda_csr_transpose_expand_rows,416800,416800,22322336,0.000000,0.000000,19316,1151.670944,0.053280,0.057024,4.065088,1370.094809,0.069216,0.070944,2.340608
Temps: Composite 26850 Composite 27850 Composite 42850 Sensor 1 39850  Sensor 2 42850  Composite 43850 Sensor 1 40850  Sensor 2 43850  asic 63000 asic 63000 
File: /local/pmpakos/SpMV-Research/benchmark_code/BENCH_HYBRID/../../validation_matrices/download_matrices/new_folder/12month1.mtx
------------------------
/local/pmpakos/SpMV-Research/benchmark_code/BENCH_HYBRID/../../validation_matrices/download_matrices/new_folder/12month1.mtx
12month1_spmv_hybrid_csr_vec_cuda_csr_transpose_expand_rows_STRAT_RATIO_80_MALLOC
max threads 72
time read: 0.026602
time coo to csr: 0.089733
Hybrid Matrix Partition (FIXED_RATIO):
   CPU Portion: 1249 rows (10.02%), 4524933 NNZs (20.00%)
   GPU Portion: 11222 rows (89.98%), 18099794 NNZs (80.00%)
CPU needs 416894 elements (3.18 MB) instead of 6.66 MB 
VEC_LEN = 2
balance time = 1.2448e-05
max_smem_per_block(bytes)=49152
multiproc_count=132
max_threads_per_block=1024
warp_size=32
max_threads_per_multiproc=2048
max_block_dim_x=1024
max_persistent_l2_cache=39321600
max_num_threads=270336
degree_max=72695
nnz = 18099794, nnz_extended = 18122880 (padding 0.13)
num_threads=3624576, thread_block_size=128, num_thread_blocks=28317
balance time warps = 0.00014496
balance time threads = 0.00123965
Hybrid conversion times: Total = 0.285606 s, CPU = 0.000481664 s, GPU = 0.252919 s
time convert to format: 0.285616
Grid : {28317, 1, 1} blocks. Blocks : {128, 1, 1} threads.
Hybrid configuration: m_cpu is 1249 (0.01 MB) (non-explicit memory)
time warm up 0.094621
Grid : {28317, 1, 1} blocks. Blocks : {128, 1, 1} threads.
Hybrid configuration: m_cpu is 1249 (0.01 MB) (non-explicit memory)
number of loops = 13487
time iter: min=0.0001264, median=0.00013104, max=0.0708322
time iter cpu: min=0.099744, median=0.103264, max=70.8023
time iter gpu: min=0.089824, median=0.093856, max=5.36304
time iter gather: min=1.8752e-05, median=2.0416e-05, max=0.00367926
GFLOPS = 345.310241 (spmv_hybrid_csr_vec_cuda_csr_transpose_expand_rows_STRAT_RATIO_80_MALLOC) (time = 0.131040 ms)
   CPU Part: 87.638151 GFLOPS (time median: 0.103264 ms, 1249 rows, 4524933 nnz)
   GPU Part: 385.692851 GFLOPS (time median: 0.093856 ms, 11222 rows, 18099794 nnz)
/local/pmpakos/SpMV-Research/benchmark_code/BENCH_HYBRID/../../validation_matrices/download_matrices/new_folder/12month1.mtx,72,12471,872622,22624727,22624727,0,2.000204,0.000126,0.000131,0.070832,345.310241,258.967030,0.000000,0.000000,Hybrid_CsrVec_cuda_csr_transpose_expand_rows,12471,872622,22624727,0.000000,0.000000,13487,1591.828800,0.099744,0.103264,70.802272,1269.699328,0.089824,0.093856,5.363040
Temps: Composite 26850 Composite 27850 Composite 42850 Sensor 1 39850  Sensor 2 42850  Composite 43850 Sensor 1 40850  Sensor 2 43850  asic 63000 asic 63000 
File: /local/pmpakos/SpMV-Research/benchmark_code/BENCH_HYBRID/../../validation_matrices/download_matrices/new_folder/as-Skitter.mtx
------------------------
/local/pmpakos/SpMV-Research/benchmark_code/BENCH_HYBRID/../../validation_matrices/download_matrices/new_folder/as-Skitter.mtx
as-Skitter_spmv_hybrid_csr_vec_cuda_csr_transpose_expand_rows_STRAT_RATIO_80_MALLOC
max threads 72
time read: 0.015973
time coo to csr: 0.042499
Hybrid Matrix Partition (FIXED_RATIO):
   CPU Portion: 57512 rows (3.39%), 4438112 NNZs (20.00%)
   GPU Portion: 1638903 rows (96.61%), 17752484 NNZs (80.00%)
CPU needs 695023 elements (5.30 MB) instead of 12.94 MB 
VEC_LEN = 2
balance time = 1.3792e-05
max_smem_per_block(bytes)=49152
multiproc_count=132
max_threads_per_block=1024
warp_size=32
max_threads_per_multiproc=2048
max_block_dim_x=1024
max_persistent_l2_cache=39321600
max_num_threads=270336
degree_max=10880
nnz = 17752484, nnz_extended = 21538560 (padding 21.33)
num_threads=4307712, thread_block_size=128, num_thread_blocks=33654
balance time warps = 0.000275424
balance time threads = 0.0030553
Hybrid conversion times: Total = 0.300393 s, CPU = 0.000449536 s, GPU = 0.260068 s
time convert to format: 0.300404
Grid : {33654, 1, 1} blocks. Blocks : {128, 1, 1} threads.
Hybrid configuration: m_cpu is 57512 (0.44 MB) (non-explicit memory)
time warm up 0.111698
Grid : {33654, 1, 1} blocks. Blocks : {128, 1, 1} threads.
Hybrid configuration: m_cpu is 57512 (0.44 MB) (non-explicit memory)
number of loops = 11990
time iter: min=0.000142528, median=0.000145184, max=0.0721028
time iter cpu: min=0.090592, median=0.099296, max=3.11597
time iter gpu: min=0.108, median=0.110048, max=5.88358
time iter gather: min=2.6784e-05, median=2.8576e-05, max=0.0719798
GFLOPS = 305.689277 (spmv_hybrid_csr_vec_cuda_csr_transpose_expand_rows_STRAT_RATIO_80_MALLOC) (time = 0.145184 ms)
   CPU Part: 89.391557 GFLOPS (time median: 0.099296 ms, 57512 rows, 4438112 nnz)
   GPU Part: 322.631641 GFLOPS (time median: 0.110048 ms, 1638903 rows, 17752484 nnz)
/local/pmpakos/SpMV-Research/benchmark_code/BENCH_HYBRID/../../validation_matrices/download_matrices/new_folder/as-Skitter.mtx,72,1696415,1696415,22190596,22190596,1,2.000227,0.000143,0.000145,0.072103,305.689277,260.422531,0.000000,0.000000,Hybrid_CsrVec_cuda_csr_transpose_expand_rows,1696415,1696415,22190596,0.000000,0.000000,11990,1231.609920,0.090592,0.099296,3.115968,1326.320671,0.108000,0.110048,5.883584
Temps: Composite 26850 Composite 27850 Composite 42850 Sensor 1 40850  Sensor 2 42850  Composite 43850 Sensor 1 40850  Sensor 2 43850  asic 62000 asic 62000 
File: /local/pmpakos/SpMV-Research/benchmark_code/BENCH_HYBRID/../../validation_matrices/download_matrices/new_folder/333SP.mtx
------------------------
/local/pmpakos/SpMV-Research/benchmark_code/BENCH_HYBRID/../../validation_matrices/download_matrices/new_folder/333SP.mtx
333SP_spmv_hybrid_csr_vec_cuda_csr_transpose_expand_rows_STRAT_RATIO_80_MALLOC
max threads 72
time read: 0.018145
time coo to csr: 0.047169
Hybrid Matrix Partition (FIXED_RATIO):
   CPU Portion: 733476 rows (19.76%), 4443447 NNZs (20.00%)
   GPU Portion: 2979339 rows (80.24%), 17773819 NNZs (80.00%)
CPU needs 1882631 elements (14.36 MB) instead of 28.33 MB 
VEC_LEN = 2
balance time = 1.456e-05
max_smem_per_block(bytes)=49152
multiproc_count=132
max_threads_per_block=1024
warp_size=32
max_threads_per_multiproc=2048
max_block_dim_x=1024
max_persistent_l2_cache=39321600
max_num_threads=270336
degree_max=15
nnz = 17773819, nnz_extended = 27170560 (padding 52.87)
num_threads=5434112, thread_block_size=128, num_thread_blocks=42454
balance time warps = 0.00036208
balance time threads = 0.004136
Hybrid conversion times: Total = 0.328301 s, CPU = 0.00035856 s, GPU = 0.272929 s
time convert to format: 0.328313
Grid : {42454, 1, 1} blocks. Blocks : {128, 1, 1} threads.
Hybrid configuration: m_cpu is 733476 (5.60 MB) (non-explicit memory)
time warm up 0.165423
Grid : {42454, 1, 1} blocks. Blocks : {128, 1, 1} threads.
Hybrid configuration: m_cpu is 733476 (5.60 MB) (non-explicit memory)
number of loops = 4696
time iter: min=0.000366752, median=0.000383296, max=0.0680239
time iter cpu: min=0.137824, median=0.151392, max=67.8158
time iter gpu: min=0.174688, median=0.181024, max=9.54806
time iter gather: min=0.000179552, median=0.000194944, max=0.0304692
GFLOPS = 115.927461 (spmv_hybrid_csr_vec_cuda_csr_transpose_expand_rows_STRAT_RATIO_80_MALLOC) (time = 0.383296 ms)
   CPU Part: 58.701213 GFLOPS (time median: 0.151392 ms, 733476 rows, 4443447 nnz)
   GPU Part: 196.369752 GFLOPS (time median: 0.181024 ms, 2979339 rows, 17773819 nnz)
/local/pmpakos/SpMV-Research/benchmark_code/BENCH_HYBRID/../../validation_matrices/download_matrices/new_folder/333SP.mtx,72,3712815,3712815,22217266,22217266,1,2.000470,0.000367,0.000383,0.068024,115.927461,268.419701,0.000000,0.000000,Hybrid_CsrVec_cuda_csr_transpose_expand_rows,3712815,3712815,22217266,0.000000,0.000000,4696,873.570208,0.137824,0.151392,67.815840,860.828416,0.174688,0.181024,9.548064
Temps: Composite 26850 Composite 27850 Composite 42850 Sensor 1 39850  Sensor 2 42850  Composite 43850 Sensor 1 40850  Sensor 2 43850  asic 62000 asic 62000 
File: /local/pmpakos/SpMV-Research/benchmark_code/BENCH_HYBRID/../../validation_matrices/download_matrices/new_folder/hugetric-00020.mtx
------------------------
/local/pmpakos/SpMV-Research/benchmark_code/BENCH_HYBRID/../../validation_matrices/download_matrices/new_folder/hugetric-00020.mtx
hugetric-00020_spmv_hybrid_csr_vec_cuda_csr_transpose_expand_rows_STRAT_RATIO_80_MALLOC
max threads 72
time read: 0.016844
time coo to csr: 0.045652
Hybrid Matrix Partition (FIXED_RATIO):
   CPU Portion: 1424606 rows (20.00%), 4272307 NNZs (20.00%)
   GPU Portion: 5698186 rows (80.00%), 17089247 NNZs (80.00%)
CPU needs 2463808 elements (18.80 MB) instead of 54.34 MB 
VEC_LEN = 2
balance time = 1.5968e-05
max_smem_per_block(bytes)=49152
multiproc_count=132
max_threads_per_block=1024
warp_size=32
max_threads_per_multiproc=2048
max_block_dim_x=1024
max_persistent_l2_cache=39321600
max_num_threads=270336
degree_max=3
nnz = 17089247, nnz_extended = 17094912 (padding 0.03)
num_threads=5698304, thread_block_size=128, num_thread_blocks=44518
balance time warps = 0.000374176
balance time threads = 0.00406755
Hybrid conversion times: Total = 0.395756 s, CPU = 0.0482524 s, GPU = 0.269927 s
time convert to format: 0.395766
Grid : {44518, 1, 1} blocks. Blocks : {128, 1, 1} threads.
Hybrid configuration: m_cpu is 1424606 (10.87 MB) (non-explicit memory)
time warm up 0.188679
Grid : {44518, 1, 1} blocks. Blocks : {128, 1, 1} threads.
Hybrid configuration: m_cpu is 1424606 (10.87 MB) (non-explicit memory)
number of loops = 2950
time iter: min=0.00056992, median=0.000607328, max=0.0691442
time iter cpu: min=0.254176, median=0.268928, max=68.8003
time iter gpu: min=0.205632, median=0.212896, max=0.231488
time iter gather: min=0.000290432, median=0.000324704, max=0.00369661
GFLOPS = 70.346021 (spmv_hybrid_csr_vec_cuda_csr_transpose_expand_rows_STRAT_RATIO_80_MALLOC) (time = 0.607328 ms)
   CPU Part: 31.772869 GFLOPS (time median: 0.268928 ms, 1424606 rows, 4272307 nnz)
   GPU Part: 160.540796 GFLOPS (time median: 0.212896 ms, 5698186 rows, 17089247 nnz)
/local/pmpakos/SpMV-Research/benchmark_code/BENCH_HYBRID/../../validation_matrices/download_matrices/new_folder/hugetric-00020.mtx,72,7122792,7122792,21361554,21361554,1,2.001053,0.000570,0.000607,0.069144,70.346021,271.634884,0.000000,0.000000,Hybrid_CsrVec_cuda_csr_transpose_expand_rows,7122792,7122792,21361554,0.000000,0.000000,2950,997.657632,0.254176,0.268928,68.800288,628.325664,0.205632,0.212896,0.231488
Temps: Composite 26850 Composite 27850 Composite 43850 Sensor 1 39850  Sensor 2 43850  Composite 43850 Sensor 1 40850  Sensor 2 43850  asic 62000 asic 62000 
File: /local/pmpakos/SpMV-Research/benchmark_code/BENCH_HYBRID/../../validation_matrices/download_matrices/new_folder/AS365.mtx
------------------------
/local/pmpakos/SpMV-Research/benchmark_code/BENCH_HYBRID/../../validation_matrices/download_matrices/new_folder/AS365.mtx
AS365_spmv_hybrid_csr_vec_cuda_csr_transpose_expand_rows_STRAT_RATIO_80_MALLOC
max threads 72
time read: 0.017857
time coo to csr: 0.046621
Hybrid Matrix Partition (FIXED_RATIO):
   CPU Portion: 748761 rows (19.71%), 4547224 NNZs (20.00%)
   GPU Portion: 3050514 rows (80.29%), 18188928 NNZs (80.00%)
CPU needs 2368348 elements (18.07 MB) instead of 28.99 MB 
VEC_LEN = 2
balance time = 1.5264e-05
max_smem_per_block(bytes)=49152
multiproc_count=132
max_threads_per_block=1024
warp_size=32
max_threads_per_multiproc=2048
max_block_dim_x=1024
max_persistent_l2_cache=39321600
max_num_threads=270336
degree_max=10
nnz = 18188928, nnz_extended = 25971200 (padding 42.79)
num_threads=5194240, thread_block_size=128, num_thread_blocks=40580
balance time warps = 0.000362496
balance time threads = 0.00393094
Hybrid conversion times: Total = 0.345547 s, CPU = 0.000376064 s, GPU = 0.277975 s
time convert to format: 0.345558
Grid : {40580, 1, 1} blocks. Blocks : {128, 1, 1} threads.
Hybrid configuration: m_cpu is 748761 (5.71 MB) (non-explicit memory)
time warm up 0.219746
Grid : {40580, 1, 1} blocks. Blocks : {128, 1, 1} threads.
Hybrid configuration: m_cpu is 748761 (5.71 MB) (non-explicit memory)
number of loops = 4776
time iter: min=0.000357344, median=0.000363648, max=0.0691257
time iter cpu: min=0.151168, median=0.172736, max=3.80461
time iter gpu: min=0.235392, median=0.24704, max=13.7582
time iter gather: min=0.00010672, median=0.000109376, max=0.0688653
GFLOPS = 125.044835 (spmv_hybrid_csr_vec_cuda_csr_transpose_expand_rows_STRAT_RATIO_80_MALLOC) (time = 0.363648 ms)
   CPU Part: 52.649407 GFLOPS (time median: 0.172736 ms, 748761 rows, 4547224 nnz)
   GPU Part: 147.254920 GFLOPS (time median: 0.247040 ms, 3050514 rows, 18188928 nnz)
/local/pmpakos/SpMV-Research/benchmark_code/BENCH_HYBRID/../../validation_matrices/download_matrices/new_folder/AS365.mtx,72,3799275,3799275,22736152,22736152,1,2.000656,0.000357,0.000364,0.069126,125.044835,274.687698,0.000000,0.000000,Hybrid_CsrVec_cuda_csr_transpose_expand_rows,3799275,3799275,22736152,0.000000,0.000000,4776,892.955328,0.151168,0.172736,3.804608,1195.789888,0.235392,0.247040,13.758176
Temps: Composite 26850 Composite 27850 Composite 43850 Sensor 1 40850  Sensor 2 43850  Composite 43850 Sensor 1 40850  Sensor 2 43850  asic 62000 asic 62000 
File: /local/pmpakos/SpMV-Research/benchmark_code/BENCH_HYBRID/../../validation_matrices/download_matrices/new_folder/Transport.mtx
------------------------
/local/pmpakos/SpMV-Research/benchmark_code/BENCH_HYBRID/../../validation_matrices/download_matrices/new_folder/Transport.mtx
Transport_spmv_hybrid_csr_vec_cuda_csr_transpose_expand_rows_STRAT_RATIO_80_MALLOC
max threads 72
time read: 0.084405
time coo to csr: 0.036444
Hybrid Matrix Partition (FIXED_RATIO):
   CPU Portion: 328705 rows (20.52%), 4700136 NNZs (20.00%)
   GPU Portion: 1273406 rows (79.48%), 18800595 NNZs (80.00%)
CPU needs 380386 elements (2.90 MB) instead of 12.22 MB 
VEC_LEN = 2
balance time = 1.4432e-05
max_smem_per_block(bytes)=49152
multiproc_count=132
max_threads_per_block=1024
warp_size=32
max_threads_per_multiproc=2048
max_block_dim_x=1024
max_persistent_l2_cache=39321600
max_num_threads=270336
degree_max=15
nnz = 18800595, nnz_extended = 19096320 (padding 1.57)
num_threads=3819264, thread_block_size=128, num_thread_blocks=29838
balance time warps = 0.00022688
balance time threads = 0.00241549
Hybrid conversion times: Total = 0.373234 s, CPU = 0.000514304 s, GPU = 0.339388 s
time convert to format: 0.373246
Grid : {29838, 1, 1} blocks. Blocks : {128, 1, 1} threads.
Hybrid configuration: m_cpu is 328705 (2.51 MB) (non-explicit memory)
time warm up 0.090476
Grid : {29838, 1, 1} blocks. Blocks : {128, 1, 1} threads.
Hybrid configuration: m_cpu is 328705 (2.51 MB) (non-explicit memory)
number of loops = 16935
time iter: min=0.000103296, median=0.000106208, max=0.0685199
time iter cpu: min=0.051968, median=0.059104, max=68.2199
time iter gpu: min=0.081888, median=0.083712, max=5.0817
time iter gather: min=1.4528e-05, median=1.6128e-05, max=0.0680987
GFLOPS = 442.541635 (spmv_hybrid_csr_vec_cuda_csr_transpose_expand_rows_STRAT_RATIO_80_MALLOC) (time = 0.106208 ms)
   CPU Part: 159.046291 GFLOPS (time median: 0.059104 ms, 328705 rows, 4700136 nnz)
   GPU Part: 449.173255 GFLOPS (time median: 0.083712 ms, 1273406 rows, 18800595 nnz)
/local/pmpakos/SpMV-Research/benchmark_code/BENCH_HYBRID/../../validation_matrices/download_matrices/new_folder/Transport.mtx,72,1602111,1602111,23500731,23500731,0,2.039090,0.000103,0.000106,0.068520,442.541635,275.056095,0.000000,0.000000,Hybrid_CsrVec_cuda_csr_transpose_expand_rows,1602111,1602111,23500731,0.000000,0.000000,16935,1113.075296,0.051968,0.059104,68.219872,1422.151517,0.081888,0.083712,5.081696
Temps: Composite 26850 Composite 27850 Composite 43850 Sensor 1 40850  Sensor 2 43850  Composite 43850 Sensor 1 40850  Sensor 2 43850  asic 62000 asic 62000 
File: /local/pmpakos/SpMV-Research/benchmark_code/BENCH_HYBRID/../../validation_matrices/download_matrices/new_folder/Freescale2.mtx
------------------------
/local/pmpakos/SpMV-Research/benchmark_code/BENCH_HYBRID/../../validation_matrices/download_matrices/new_folder/Freescale2.mtx
Freescale2_spmv_hybrid_csr_vec_cuda_csr_transpose_expand_rows_STRAT_RATIO_80_MALLOC
max threads 72
time read: 0.058658
time coo to csr: 0.041923
Hybrid Matrix Partition (FIXED_RATIO):
   CPU Portion: 520451 rows (17.35%), 4608530 NNZs (20.00%)
   GPU Portion: 2478898 rows (82.65%), 18434147 NNZs (80.00%)
CPU needs 1246669 elements (9.51 MB) instead of 22.88 MB 
VEC_LEN = 2
balance time = 1.488e-05
max_smem_per_block(bytes)=49152
multiproc_count=132
max_threads_per_block=1024
warp_size=32
max_threads_per_multiproc=2048
max_block_dim_x=1024
max_persistent_l2_cache=39321600
max_num_threads=270336
degree_max=6335
nnz = 18434147, nnz_extended = 22862720 (padding 24.02)
num_threads=4572544, thread_block_size=128, num_thread_blocks=35723
balance time warps = 0.00030176
balance time threads = 0.00317206
Hybrid conversion times: Total = 0.308543 s, CPU = 0.000386112 s, GPU = 0.266082 s
time convert to format: 0.308551
Grid : {35723, 1, 1} blocks. Blocks : {128, 1, 1} threads.
Hybrid configuration: m_cpu is 520451 (3.97 MB) (non-explicit memory)
time warm up 0.122172
Grid : {35723, 1, 1} blocks. Blocks : {128, 1, 1} threads.
Hybrid configuration: m_cpu is 520451 (3.97 MB) (non-explicit memory)
number of loops = 5117
time iter: min=0.000314048, median=0.00034304, max=0.0683025
time iter cpu: min=0.111392, median=0.12208, max=68.0758
time iter gpu: min=0.122208, median=0.124768, max=9.80944
time iter gather: min=0.000182016, median=0.000208576, max=0.00368541
GFLOPS = 134.343966 (spmv_hybrid_csr_vec_cuda_csr_transpose_expand_rows_STRAT_RATIO_80_MALLOC) (time = 0.343040 ms)
   CPU Part: 75.500164 GFLOPS (time median: 0.122080 ms, 520451 rows, 4608530 nnz)
   GPU Part: 295.494799 GFLOPS (time median: 0.124768 ms, 2478898 rows, 18434147 nnz)
/local/pmpakos/SpMV-Research/benchmark_code/BENCH_HYBRID/../../validation_matrices/download_matrices/new_folder/Freescale2.mtx,72,2999349,2999349,23042677,23042677,0,2.000476,0.000314,0.000343,0.068303,134.343966,275.144123,0.000000,0.000000,Hybrid_CsrVec_cuda_csr_transpose_expand_rows,2999349,2999349,23042677,0.000000,0.000000,5117,851.360576,0.111392,0.122080,68.075840,652.279617,0.122208,0.124768,9.809440
Temps: Composite 26850 Composite 27850 Composite 43850 Sensor 1 39850  Sensor 2 43850  Composite 43850 Sensor 1 40850  Sensor 2 43850  asic 62000 asic 62000 
File: /local/pmpakos/SpMV-Research/benchmark_code/BENCH_HYBRID/../../validation_matrices/download_matrices/new_folder/human_gene1.mtx
------------------------
/local/pmpakos/SpMV-Research/benchmark_code/BENCH_HYBRID/../../validation_matrices/download_matrices/new_folder/human_gene1.mtx
human_gene1_spmv_hybrid_csr_vec_cuda_csr_transpose_expand_rows_STRAT_RATIO_80_MALLOC
max threads 72
time read: 0.041396
time coo to csr: 0.058811
Hybrid Matrix Partition (FIXED_RATIO):
   CPU Portion: 6322 rows (28.37%), 4932158 NNZs (19.99%)
   GPU Portion: 15961 rows (71.63%), 19737485 NNZs (80.01%)
CPU needs 21581 elements (0.16 MB) instead of 0.17 MB 
VEC_LEN = 2
balance time = 1.3152e-05
max_smem_per_block(bytes)=49152
multiproc_count=132
max_threads_per_block=1024
warp_size=32
max_threads_per_multiproc=2048
max_block_dim_x=1024
max_persistent_l2_cache=39321600
max_num_threads=270336
degree_max=7940
nnz = 19737485, nnz_extended = 19770240 (padding 0.17)
num_threads=3954048, thread_block_size=128, num_thread_blocks=30891
balance time warps = 0.000159008
balance time threads = 0.00139251
Hybrid conversion times: Total = 0.284941 s, CPU = 0.000494432 s, GPU = 0.251614 s
time convert to format: 0.284952
Grid : {30891, 1, 1} blocks. Blocks : {128, 1, 1} threads.
Hybrid configuration: m_cpu is 6322 (0.05 MB) (non-explicit memory)
time warm up 0.076874
Grid : {30891, 1, 1} blocks. Blocks : {128, 1, 1} threads.
Hybrid configuration: m_cpu is 6322 (0.05 MB) (non-explicit memory)
number of loops = 19624
time iter: min=8.5984e-05, median=8.8352e-05, max=0.0680505
time iter cpu: min=0.056512, median=0.059648, max=68.0301
time iter gpu: min=0.068608, median=0.070688, max=0.299552
time iter gather: min=1.0112e-05, median=1.1104e-05, max=0.00402458
GFLOPS = 558.439945 (spmv_hybrid_csr_vec_cuda_csr_transpose_expand_rows_STRAT_RATIO_80_MALLOC) (time = 0.088352 ms)
   CPU Part: 165.375469 GFLOPS (time median: 0.059648 ms, 6322 rows, 4932158 nnz)
   GPU Part: 558.439466 GFLOPS (time median: 0.070688 ms, 15961 rows, 19737485 nnz)
/local/pmpakos/SpMV-Research/benchmark_code/BENCH_HYBRID/../../validation_matrices/download_matrices/new_folder/human_gene1.mtx,72,22283,22283,24669643,24669643,1,2.000167,0.000086,0.000088,0.068051,558.439945,282.406666,0.000000,0.000000,Hybrid_CsrVec_cuda_csr_transpose_expand_rows,22283,22283,24669643,0.000000,0.000000,19624,1392.871648,0.056512,0.059648,68.030144,1387.234497,0.068608,0.070688,0.299552
Temps: Composite 26850 Composite 27850 Composite 43850 Sensor 1 39850  Sensor 2 43850  Composite 43850 Sensor 1 40850  Sensor 2 43850  asic 61000 asic 61000 
File: /local/pmpakos/SpMV-Research/benchmark_code/BENCH_HYBRID/../../validation_matrices/download_matrices/new_folder/NLR.mtx
------------------------
/local/pmpakos/SpMV-Research/benchmark_code/BENCH_HYBRID/../../validation_matrices/download_matrices/new_folder/NLR.mtx
NLR_spmv_hybrid_csr_vec_cuda_csr_transpose_expand_rows_STRAT_RATIO_80_MALLOC
max threads 72
time read: 0.019762
time coo to csr: 0.049754
Hybrid Matrix Partition (FIXED_RATIO):
   CPU Portion: 812254 rows (19.51%), 4995186 NNZs (20.00%)
   GPU Portion: 3351509 rows (80.49%), 19980766 NNZs (80.00%)
CPU needs 2615020 elements (19.95 MB) instead of 31.77 MB 
VEC_LEN = 2
balance time = 1.504e-05
max_smem_per_block(bytes)=49152
multiproc_count=132
max_threads_per_block=1024
warp_size=32
max_threads_per_multiproc=2048
max_block_dim_x=1024
max_persistent_l2_cache=39321600
max_num_threads=270336
degree_max=20
nnz = 19980766, nnz_extended = 28706560 (padding 43.67)
num_threads=5741312, thread_block_size=128, num_thread_blocks=44854
balance time warps = 0.00038176
balance time threads = 0.00429517
Hybrid conversion times: Total = 0.445377 s, CPU = 0.000401536 s, GPU = 0.370678 s
time convert to format: 0.445385
Grid : {44854, 1, 1} blocks. Blocks : {128, 1, 1} threads.
Hybrid configuration: m_cpu is 812254 (6.20 MB) (non-explicit memory)
time warm up 0.251098
Grid : {44854, 1, 1} blocks. Blocks : {128, 1, 1} threads.
Hybrid configuration: m_cpu is 812254 (6.20 MB) (non-explicit memory)
number of loops = 4169
time iter: min=0.000395776, median=0.000418016, max=0.0712903
time iter cpu: min=0.163616, median=0.172096, max=3.9305
time iter gpu: min=0.26304, median=0.279104, max=10.4482
time iter gather: min=0.000110944, median=0.00013168, max=0.069752
GFLOPS = 119.497589 (spmv_hybrid_csr_vec_cuda_csr_transpose_expand_rows_STRAT_RATIO_80_MALLOC) (time = 0.418016 ms)
   CPU Part: 58.051157 GFLOPS (time median: 0.172096 ms, 812254 rows, 4995186 nnz)
   GPU Part: 143.177929 GFLOPS (time median: 0.279104 ms, 3351509 rows, 19980766 nnz)
/local/pmpakos/SpMV-Research/benchmark_code/BENCH_HYBRID/../../validation_matrices/download_matrices/new_folder/NLR.mtx,72,4163763,4163763,24975952,24975952,1,2.000712,0.000396,0.000418,0.071290,119.497589,301.710587,0.000000,0.000000,Hybrid_CsrVec_cuda_csr_transpose_expand_rows,4163763,4163763,24975952,0.000000,0.000000,4169,758.999744,0.163616,0.172096,3.930496,1176.109664,0.263040,0.279104,10.448160
Temps: Composite 25850 Composite 27850 Composite 43850 Sensor 1 40850  Sensor 2 43850  Composite 43850 Sensor 1 40850  Sensor 2 43850  asic 61000 asic 61000 
File: /local/pmpakos/SpMV-Research/benchmark_code/BENCH_HYBRID/../../validation_matrices/download_matrices/new_folder/GL7d17.mtx
------------------------
/local/pmpakos/SpMV-Research/benchmark_code/BENCH_HYBRID/../../validation_matrices/download_matrices/new_folder/GL7d17.mtx
GL7d17_spmv_hybrid_csr_vec_cuda_csr_transpose_expand_rows_STRAT_RATIO_80_MALLOC
max threads 72
time read: 0.042867
time coo to csr: 0.052841
Hybrid Matrix Partition (FIXED_RATIO):
   CPU Portion: 337810 rows (21.81%), 5195606 NNZs (20.00%)
   GPU Portion: 1210840 rows (78.19%), 20782492 NNZs (80.00%)
CPU needs 441289 elements (3.37 MB) instead of 7.29 MB 
VEC_LEN = 2
balance time = 1.4336e-05
max_smem_per_block(bytes)=49152
multiproc_count=132
max_threads_per_block=1024
warp_size=32
max_threads_per_multiproc=2048
max_block_dim_x=1024
max_persistent_l2_cache=39321600
max_num_threads=270336
degree_max=70
nnz = 20782492, nnz_extended = 23372800 (padding 12.46)
num_threads=4674560, thread_block_size=128, num_thread_blocks=36520
balance time warps = 0.000276512
balance time threads = 0.00292922
Hybrid conversion times: Total = 0.308129 s, CPU = 0.000534592 s, GPU = 0.260313 s
time convert to format: 0.308141
Grid : {36520, 1, 1} blocks. Blocks : {128, 1, 1} threads.
Hybrid configuration: m_cpu is 337810 (2.58 MB) (non-explicit memory)
time warm up 0.181094
Grid : {36520, 1, 1} blocks. Blocks : {128, 1, 1} threads.
Hybrid configuration: m_cpu is 337810 (2.58 MB) (non-explicit memory)
number of loops = 6339
time iter: min=0.000266528, median=0.000277216, max=0.0720822
time iter cpu: min=0.185056, median=0.193792, max=71.998
time iter gpu: min=0.182784, median=0.18608, max=5.92298
time iter gather: min=6.7616e-05, median=7.4848e-05, max=0.00356669
GFLOPS = 187.421347 (spmv_hybrid_csr_vec_cuda_csr_transpose_expand_rows_STRAT_RATIO_80_MALLOC) (time = 0.277216 ms)
   CPU Part: 53.620438 GFLOPS (time median: 0.193792 ms, 337810 rows, 5195606 nnz)
   GPU Part: 223.371590 GFLOPS (time median: 0.186080 ms, 1210840 rows, 20782492 nnz)
/local/pmpakos/SpMV-Research/benchmark_code/BENCH_HYBRID/../../validation_matrices/download_matrices/new_folder/GL7d17.mtx,72,1548650,955128,25978098,25978098,0,2.000482,0.000267,0.000277,0.072082,187.421347,303.203373,0.000000,0.000000,Hybrid_CsrVec_cuda_csr_transpose_expand_rows,1548650,955128,25978098,0.000000,0.000000,6339,1452.577280,0.185056,0.193792,71.997952,1188.928417,0.182784,0.186080,5.922976
Temps: Composite 25850 Composite 27850 Composite 43850 Sensor 1 40850  Sensor 2 43850  Composite 43850 Sensor 1 40850  Sensor 2 43850  asic 61000 asic 61000 
File: /local/pmpakos/SpMV-Research/benchmark_code/BENCH_HYBRID/../../validation_matrices/download_matrices/new_folder/delaunay_n22.mtx
------------------------
/local/pmpakos/SpMV-Research/benchmark_code/BENCH_HYBRID/../../validation_matrices/download_matrices/new_folder/delaunay_n22.mtx
delaunay_n22_spmv_hybrid_csr_vec_cuda_csr_transpose_expand_rows_STRAT_RATIO_80_MALLOC
max threads 72
time read: 0.020434
time coo to csr: 0.052185
Hybrid Matrix Partition (FIXED_RATIO):
   CPU Portion: 838602 rows (19.99%), 5033144 NNZs (20.00%)
   GPU Portion: 3355702 rows (80.01%), 20132594 NNZs (80.00%)
CPU needs 2845974 elements (21.71 MB) instead of 32.00 MB 
VEC_LEN = 2
balance time = 1.6032e-05
max_smem_per_block(bytes)=49152
multiproc_count=132
max_threads_per_block=1024
warp_size=32
max_threads_per_multiproc=2048
max_block_dim_x=1024
max_persistent_l2_cache=39321600
max_num_threads=270336
degree_max=25
nnz = 20132594, nnz_extended = 27246720 (padding 35.34)
num_threads=5449344, thread_block_size=128, num_thread_blocks=42573
balance time warps = 0.000368864
balance time threads = 0.00412723
Hybrid conversion times: Total = 0.401917 s, CPU = 0.000458688 s, GPU = 0.33882 s
time convert to format: 0.401927
Grid : {42573, 1, 1} blocks. Blocks : {128, 1, 1} threads.
Hybrid configuration: m_cpu is 838602 (6.40 MB) (non-explicit memory)
time warm up 0.146133
Grid : {42573, 1, 1} blocks. Blocks : {128, 1, 1} threads.
Hybrid configuration: m_cpu is 838602 (6.40 MB) (non-explicit memory)
number of loops = 4477
time iter: min=0.000357152, median=0.000386752, max=0.0690653
time iter cpu: min=0.164832, median=0.171584, max=68.8429
time iter gpu: min=0.14208, median=0.146848, max=12.6676
time iter gather: min=0.000177152, median=0.000203584, max=0.00597366
GFLOPS = 130.138890 (spmv_hybrid_csr_vec_cuda_csr_transpose_expand_rows_STRAT_RATIO_80_MALLOC) (time = 0.386752 ms)
   CPU Part: 58.666822 GFLOPS (time median: 0.171584 ms, 838602 rows, 5033144 nnz)
   GPU Part: 274.196379 GFLOPS (time median: 0.146848 ms, 3355702 rows, 20132594 nnz)
/local/pmpakos/SpMV-Research/benchmark_code/BENCH_HYBRID/../../validation_matrices/download_matrices/new_folder/delaunay_n22.mtx,72,4194304,4194304,25165738,25165738,1,2.000730,0.000357,0.000387,0.069065,130.138890,303.999020,0.000000,0.000000,Hybrid_CsrVec_cuda_csr_transpose_expand_rows,4194304,4194304,25165738,0.000000,0.000000,4477,981.989024,0.164832,0.171584,68.842880,670.227072,0.142080,0.146848,12.667648
Temps: Composite 25850 Composite 27850 Composite 43850 Sensor 1 39850  Sensor 2 43850  Composite 43850 Sensor 1 40850  Sensor 2 43850  asic 61000 asic 61000 
File: /local/pmpakos/SpMV-Research/benchmark_code/BENCH_HYBRID/../../validation_matrices/download_matrices/new_folder/F1.mtx
------------------------
/local/pmpakos/SpMV-Research/benchmark_code/BENCH_HYBRID/../../validation_matrices/download_matrices/new_folder/F1.mtx
F1_spmv_hybrid_csr_vec_cuda_csr_transpose_expand_rows_STRAT_RATIO_80_MALLOC
max threads 72
time read: 0.044451
time coo to csr: 0.041835
Hybrid Matrix Partition (FIXED_RATIO):
   CPU Portion: 82853 rows (24.10%), 5367418 NNZs (20.00%)
   GPU Portion: 260938 rows (75.90%), 21469695 NNZs (80.00%)
CPU needs 206670 elements (1.58 MB) instead of 2.62 MB 
VEC_LEN = 2
balance time = 1.52e-05
max_smem_per_block(bytes)=49152
multiproc_count=132
max_threads_per_block=1024
warp_size=32
max_threads_per_multiproc=2048
max_block_dim_x=1024
max_persistent_l2_cache=39321600
max_num_threads=270336
degree_max=435
nnz = 21469695, nnz_extended = 21978240 (padding 2.37)
num_threads=4395648, thread_block_size=128, num_thread_blocks=34341
balance time warps = 0.000215072
balance time threads = 0.00527594
Hybrid conversion times: Total = 0.295123 s, CPU = 0.00048704 s, GPU = 0.259548 s
time convert to format: 0.295133
Grid : {34341, 1, 1} blocks. Blocks : {128, 1, 1} threads.
Hybrid configuration: m_cpu is 82853 (0.63 MB) (non-explicit memory)
time warm up 0.088926
Grid : {34341, 1, 1} blocks. Blocks : {128, 1, 1} threads.
Hybrid configuration: m_cpu is 82853 (0.63 MB) (non-explicit memory)
number of loops = 16038
time iter: min=0.000106336, median=0.000108864, max=0.0716911
time iter cpu: min=0.058464, median=0.070656, max=71.6641
time iter gpu: min=0.08176, median=0.083968, max=3.53965
time iter gather: min=1.6192e-05, median=1.8336e-05, max=0.00360566
GFLOPS = 493.039260 (spmv_hybrid_csr_vec_cuda_csr_transpose_expand_rows_STRAT_RATIO_80_MALLOC) (time = 0.108864 ms)
   CPU Part: 151.930990 GFLOPS (time median: 0.070656 ms, 82853 rows, 5367418 nnz)
   GPU Part: 511.378033 GFLOPS (time median: 0.083968 ms, 260938 rows, 21469695 nnz)
/local/pmpakos/SpMV-Research/benchmark_code/BENCH_HYBRID/../../validation_matrices/download_matrices/new_folder/F1.mtx,72,343791,343791,26837113,26837113,1,2.000143,0.000106,0.000109,0.071691,493.039260,308.437847,0.000000,0.000000,Hybrid_CsrVec_cuda_csr_transpose_expand_rows,343791,343791,26837113,0.000000,0.000000,16038,1326.049376,0.058464,0.070656,71.664128,1349.430624,0.081760,0.083968,3.539648
Temps: Composite 25850 Composite 26850 Composite 43850 Sensor 1 40850  Sensor 2 43850  Composite 43850 Sensor 1 40850  Sensor 2 43850  asic 61000 asic 61000 
File: /local/pmpakos/SpMV-Research/benchmark_code/BENCH_HYBRID/../../validation_matrices/download_matrices/new_folder/rel9.mtx
------------------------
/local/pmpakos/SpMV-Research/benchmark_code/BENCH_HYBRID/../../validation_matrices/download_matrices/new_folder/rel9.mtx
rel9_spmv_hybrid_csr_vec_cuda_csr_transpose_expand_rows_STRAT_RATIO_80_MALLOC
max threads 72
time read: 0.039315
time coo to csr: 0.052414
Hybrid Matrix Partition (FIXED_RATIO):
   CPU Portion: 1185880 rows (11.99%), 4733435 NNZs (20.00%)
   GPU Portion: 8702168 rows (88.01%), 18933748 NNZs (80.00%)
CPU needs 129825 elements (0.99 MB) instead of 2.10 MB 
VEC_LEN = 2
balance time = 1.4848e-05
max_smem_per_block(bytes)=49152
multiproc_count=132
max_threads_per_block=1024
warp_size=32
max_threads_per_multiproc=2048
max_block_dim_x=1024
max_persistent_l2_cache=39321600
max_num_threads=270336
degree_max=4
nnz = 18933748, nnz_extended = 18943488 (padding 0.05)
num_threads=9471744, thread_block_size=128, num_thread_blocks=73998
balance time warps = 0.000565856
balance time threads = 0.00701107
Hybrid conversion times: Total = 0.336323 s, CPU = 0.000635712 s, GPU = 0.287968 s
time convert to format: 0.336333
Grid : {73998, 1, 1} blocks. Blocks : {128, 1, 1} threads.
Hybrid configuration: m_cpu is 1185880 (9.05 MB) (non-explicit memory)
time warm up 0.156958
Grid : {73998, 1, 1} blocks. Blocks : {128, 1, 1} threads.
Hybrid configuration: m_cpu is 1185880 (9.05 MB) (non-explicit memory)
number of loops = 8748
time iter: min=0.000196352, median=0.000216448, max=0.0163239
time iter cpu: min=0.164448, median=0.192128, max=3.52912
time iter gpu: min=0.158784, median=0.18112, max=14.1364
time iter gather: min=1.1776e-05, median=1.3856e-05, max=0.00363622
GFLOPS = 218.687010 (spmv_hybrid_csr_vec_cuda_csr_transpose_expand_rows_STRAT_RATIO_80_MALLOC) (time = 0.216448 ms)
   CPU Part: 49.273765 GFLOPS (time median: 0.192128 ms, 1185880 rows, 4733435 nnz)
   GPU Part: 209.074080 GFLOPS (time median: 0.181120 ms, 8702168 rows, 18933748 nnz)
/local/pmpakos/SpMV-Research/benchmark_code/BENCH_HYBRID/../../validation_matrices/download_matrices/new_folder/rel9.mtx,72,9888048,274669,23667183,23667183,0,2.000269,0.000196,0.000216,0.016324,218.687010,308.569328,0.000000,0.000000,Hybrid_CsrVec_cuda_csr_transpose_expand_rows,9888048,274669,23667183,0.000000,0.000000,8748,1694.566368,0.164448,0.192128,3.529120,1630.850240,0.158784,0.181120,14.136352
Temps: Composite 25850 Composite 26850 Composite 43850 Sensor 1 39850  Sensor 2 43850  Composite 43850 Sensor 1 40850  Sensor 2 43850  asic 61000 asic 61000 
File: /local/pmpakos/SpMV-Research/benchmark_code/BENCH_HYBRID/../../validation_matrices/download_matrices/new_folder/CurlCurl_4.mtx
------------------------
/local/pmpakos/SpMV-Research/benchmark_code/BENCH_HYBRID/../../validation_matrices/download_matrices/new_folder/CurlCurl_4.mtx
CurlCurl_4_spmv_hybrid_csr_vec_cuda_csr_transpose_expand_rows_STRAT_RATIO_80_MALLOC
max threads 72
time read: 0.046500
time coo to csr: 0.038483
Hybrid Matrix Partition (FIXED_RATIO):
   CPU Portion: 477433 rows (20.06%), 5303163 NNZs (20.00%)
   GPU Portion: 1903082 rows (79.94%), 21212704 NNZs (80.00%)
CPU needs 502515 elements (3.83 MB) instead of 18.16 MB 
VEC_LEN = 2
balance time = 1.4688e-05
max_smem_per_block(bytes)=49152
multiproc_count=132
max_threads_per_block=1024
warp_size=32
max_threads_per_multiproc=2048
max_block_dim_x=1024
max_persistent_l2_cache=39321600
max_num_threads=270336
degree_max=15
nnz = 21212704, nnz_extended = 27930240 (padding 31.67)
num_threads=5586048, thread_block_size=128, num_thread_blocks=43641
balance time warps = 0.000326144
balance time threads = 0.00363766
Hybrid conversion times: Total = 0.311221 s, CPU = 0.000584928 s, GPU = 0.270859 s
time convert to format: 0.311229
Grid : {43641, 1, 1} blocks. Blocks : {128, 1, 1} threads.
Hybrid configuration: m_cpu is 477433 (3.64 MB) (non-explicit memory)
time warm up 0.126337
Grid : {43641, 1, 1} blocks. Blocks : {128, 1, 1} threads.
Hybrid configuration: m_cpu is 477433 (3.64 MB) (non-explicit memory)
number of loops = 11757
time iter: min=0.000145504, median=0.000148224, max=0.0713251
time iter cpu: min=0.069216, median=0.08112, max=69.4165
time iter gpu: min=0.118048, median=0.11936, max=7.95414
time iter gather: min=2.0384e-05, median=2.2272e-05, max=0.0707779
GFLOPS = 357.781021 (spmv_hybrid_csr_vec_cuda_csr_transpose_expand_rows_STRAT_RATIO_80_MALLOC) (time = 0.148224 ms)
   CPU Part: 130.748595 GFLOPS (time median: 0.081120 ms, 477433 rows, 5303163 nnz)
   GPU Part: 355.440751 GFLOPS (time median: 0.119360 ms, 1903082 rows, 21212704 nnz)
/local/pmpakos/SpMV-Research/benchmark_code/BENCH_HYBRID/../../validation_matrices/download_matrices/new_folder/CurlCurl_4.mtx,72,2380515,2380515,26515867,26515867,1,2.000223,0.000146,0.000148,0.071325,357.781021,312.530964,0.000000,0.000000,Hybrid_CsrVec_cuda_csr_transpose_expand_rows,2380515,2380515,26515867,0.000000,0.000000,11757,1088.600992,0.069216,0.081120,69.416512,1413.283200,0.118048,0.119360,7.954144
Temps: Composite 25850 Composite 26850 Composite 43850 Sensor 1 39850  Sensor 2 43850  Composite 43850 Sensor 1 40850  Sensor 2 43850  asic 61000 asic 61000 
File: /local/pmpakos/SpMV-Research/benchmark_code/BENCH_HYBRID/../../validation_matrices/download_matrices/new_folder/FullChip.mtx
------------------------
/local/pmpakos/SpMV-Research/benchmark_code/BENCH_HYBRID/../../validation_matrices/download_matrices/new_folder/FullChip.mtx
FullChip_spmv_hybrid_csr_vec_cuda_csr_transpose_expand_rows_STRAT_RATIO_80_MALLOC
max threads 72
time read: 0.074590
time coo to csr: 0.274793
Hybrid Matrix Partition (FIXED_RATIO):
   CPU Portion: 45918 rows (1.54%), 5324394 NNZs (20.00%)
   GPU Portion: 2941094 rows (98.46%), 21297596 NNZs (80.00%)
CPU needs 2978738 elements (22.73 MB) instead of 22.79 MB 
VEC_LEN = 2
balance time = 1.3952e-05
max_smem_per_block(bytes)=49152
multiproc_count=132
max_threads_per_block=1024
warp_size=32
max_threads_per_multiproc=2048
max_block_dim_x=1024
max_persistent_l2_cache=39321600
max_num_threads=270336
degree_max=305
nnz = 21297596, nnz_extended = 26148480 (padding 22.78)
num_threads=5229696, thread_block_size=128, num_thread_blocks=40857
balance time warps = 0.000353376
balance time threads = 0.00392586
Hybrid conversion times: Total = 0.358605 s, CPU = 0.0405824 s, GPU = 0.272567 s
time convert to format: 0.358615
Grid : {40857, 1, 1} blocks. Blocks : {128, 1, 1} threads.
Hybrid configuration: m_cpu is 45918 (0.35 MB) (non-explicit memory)
time warm up 0.157029
Grid : {40857, 1, 1} blocks. Blocks : {128, 1, 1} threads.
Hybrid configuration: m_cpu is 45918 (0.35 MB) (non-explicit memory)
number of loops = 1195
time iter: min=0.00144038, median=0.00151843, max=0.0685128
time iter cpu: min=1.33261, median=1.41158, max=4.42554
time iter gpu: min=0.14384, median=0.146368, max=10.6888
time iter gather: min=9.4592e-05, median=9.6864e-05, max=0.0670657
GFLOPS = 35.065107 (spmv_hybrid_csr_vec_cuda_csr_transpose_expand_rows_STRAT_RATIO_80_MALLOC) (time = 1.518432 ms)
   CPU Part: 7.543857 GFLOPS (time median: 1.411584 ms, 45918 rows, 5324394 nnz)
   GPU Part: 291.014381 GFLOPS (time median: 0.146368 ms, 2941094 rows, 21297596 nnz)
/local/pmpakos/SpMV-Research/benchmark_code/BENCH_HYBRID/../../validation_matrices/download_matrices/new_folder/FullChip.mtx,72,2987012,2987012,26621990,26621990,0,2.002679,0.001440,0.001518,0.068513,35.065107,316.059048,0.000000,0.000000,Hybrid_CsrVec_cuda_csr_transpose_expand_rows,2987012,2987012,26621990,0.000000,0.000000,1195,1692.716416,1.332608,1.411584,4.425536,188.917888,0.143840,0.146368,10.688800
Temps: Composite 25850 Composite 26850 Composite 43850 Sensor 1 39850  Sensor 2 43850  Composite 43850 Sensor 1 40850  Sensor 2 43850  asic 61000 asic 61000 
File: /local/pmpakos/SpMV-Research/benchmark_code/BENCH_HYBRID/../../validation_matrices/download_matrices/new_folder/cage14.mtx
------------------------
/local/pmpakos/SpMV-Research/benchmark_code/BENCH_HYBRID/../../validation_matrices/download_matrices/new_folder/cage14.mtx
cage14_spmv_hybrid_csr_vec_cuda_csr_transpose_expand_rows_STRAT_RATIO_80_MALLOC
max threads 72
time read: 0.081069
time coo to csr: 0.042972
Hybrid Matrix Partition (FIXED_RATIO):
   CPU Portion: 382967 rows (25.43%), 5426057 NNZs (20.00%)
   GPU Portion: 1122818 rows (74.57%), 21704292 NNZs (80.00%)
CPU needs 537496 elements (4.10 MB) instead of 11.49 MB 
VEC_LEN = 2
balance time = 1.5872e-05
max_smem_per_block(bytes)=49152
multiproc_count=132
max_threads_per_block=1024
warp_size=32
max_threads_per_multiproc=2048
max_block_dim_x=1024
max_persistent_l2_cache=39321600
max_num_threads=270336
degree_max=45
nnz = 21704292, nnz_extended = 23945600 (padding 10.33)
num_threads=4789120, thread_block_size=128, num_thread_blocks=37415
balance time warps = 0.000284896
balance time threads = 0.00292451
Hybrid conversion times: Total = 0.303431 s, CPU = 0.000468288 s, GPU = 0.263986 s
time convert to format: 0.303440
Grid : {37415, 1, 1} blocks. Blocks : {128, 1, 1} threads.
Hybrid configuration: m_cpu is 382967 (2.92 MB) (non-explicit memory)
time warm up 0.108231
Grid : {37415, 1, 1} blocks. Blocks : {128, 1, 1} threads.
Hybrid configuration: m_cpu is 382967 (2.92 MB) (non-explicit memory)
number of loops = 12841
time iter: min=0.000130592, median=0.00013648, max=0.0682496
time iter cpu: min=0.066144, median=0.073632, max=68.2105
time iter gpu: min=0.100704, median=0.102688, max=5.63802
time iter gather: min=2.2784e-05, median=2.7136e-05, max=0.0679123
GFLOPS = 397.572523 (spmv_hybrid_csr_vec_cuda_csr_transpose_expand_rows_STRAT_RATIO_80_MALLOC) (time = 0.136480 ms)
   CPU Part: 147.383121 GFLOPS (time median: 0.073632 ms, 382967 rows, 5426057 nnz)
   GPU Part: 422.723046 GFLOPS (time median: 0.102688 ms, 1122818 rows, 21704292 nnz)
/local/pmpakos/SpMV-Research/benchmark_code/BENCH_HYBRID/../../validation_matrices/download_matrices/new_folder/cage14.mtx,72,1505785,1505785,27130349,27130349,0,2.000164,0.000131,0.000136,0.068250,397.572523,316.226322,0.000000,0.000000,Hybrid_CsrVec_cuda_csr_transpose_expand_rows,1505785,1505785,27130349,0.000000,0.000000,12841,1084.809504,0.066144,0.073632,68.210528,1325.650590,0.100704,0.102688,5.638016
Temps: Composite 25850 Composite 26850 Composite 43850 Sensor 1 40850  Sensor 2 43850  Composite 43850 Sensor 1 40850  Sensor 2 43850  asic 60000 asic 60000 
File: /local/pmpakos/SpMV-Research/benchmark_code/BENCH_HYBRID/../../validation_matrices/download_matrices/new_folder/ML_Laplace.mtx
------------------------
/local/pmpakos/SpMV-Research/benchmark_code/BENCH_HYBRID/../../validation_matrices/download_matrices/new_folder/ML_Laplace.mtx
ML_Laplace_spmv_hybrid_csr_vec_cuda_csr_transpose_expand_rows_STRAT_RATIO_80_MALLOC
max threads 72
time read: 0.079470
time coo to csr: 0.036199
Hybrid Matrix Partition (FIXED_RATIO):
   CPU Portion: 75459 rows (20.02%), 5537954 NNZs (20.00%)
   GPU Portion: 301543 rows (79.98%), 22152018 NNZs (80.00%)
CPU needs 77538 elements (0.59 MB) instead of 2.88 MB 
VEC_LEN = 2
balance time = 1.392e-05
max_smem_per_block(bytes)=49152
multiproc_count=132
max_threads_per_block=1024
warp_size=32
max_threads_per_multiproc=2048
max_block_dim_x=1024
max_persistent_l2_cache=39321600
max_num_threads=270336
degree_max=75
nnz = 22152018, nnz_extended = 22460160 (padding 1.39)
num_threads=4492032, thread_block_size=128, num_thread_blocks=35094
balance time warps = 0.000238016
balance time threads = 0.00330733
Hybrid conversion times: Total = 0.379996 s, CPU = 0.00060432 s, GPU = 0.34431 s
time convert to format: 0.380005
Grid : {35094, 1, 1} blocks. Blocks : {128, 1, 1} threads.
Hybrid configuration: m_cpu is 75459 (0.58 MB) (non-explicit memory)
time warm up 0.090147
Grid : {35094, 1, 1} blocks. Blocks : {128, 1, 1} threads.
Hybrid configuration: m_cpu is 75459 (0.58 MB) (non-explicit memory)
number of loops = 18351
time iter: min=9.7184e-05, median=9.9328e-05, max=0.0681584
time iter cpu: min=0.047616, median=0.048096, max=4.94067
time iter gpu: min=0.081024, median=0.08288, max=2.57062
time iter gather: min=9.504e-06, median=1.0144e-05, max=0.0680611
GFLOPS = 557.546150 (spmv_hybrid_csr_vec_cuda_csr_transpose_expand_rows_STRAT_RATIO_80_MALLOC) (time = 0.099328 ms)
   CPU Part: 230.287508 GFLOPS (time median: 0.048096 ms, 75459 rows, 5537954 nnz)
   GPU Part: 534.556433 GFLOPS (time median: 0.082880 ms, 301543 rows, 22152018 nnz)
/local/pmpakos/SpMV-Research/benchmark_code/BENCH_HYBRID/../../validation_matrices/download_matrices/new_folder/ML_Laplace.mtx,72,377002,377002,27689972,27689972,0,2.002023,0.000097,0.000099,0.068158,557.546150,318.324734,0.000000,0.000000,Hybrid_CsrVec_cuda_csr_transpose_expand_rows,377002,377002,27689972,0.000000,0.000000,18351,926.890560,0.047616,0.048096,4.940672,1523.470551,0.081024,0.082880,2.570624
Temps: Composite 25850 Composite 26850 Composite 43850 Sensor 1 40850  Sensor 2 43850  Composite 43850 Sensor 1 40850  Sensor 2 43850  asic 60000 asic 60000 
File: /local/pmpakos/SpMV-Research/benchmark_code/BENCH_HYBRID/../../validation_matrices/download_matrices/new_folder/germany_osm.mtx
------------------------
/local/pmpakos/SpMV-Research/benchmark_code/BENCH_HYBRID/../../validation_matrices/download_matrices/new_folder/germany_osm.mtx
germany_osm_spmv_hybrid_csr_vec_cuda_csr_transpose_expand_rows_STRAT_RATIO_80_MALLOC
max threads 72
time read: 0.020507
time coo to csr: 0.047691
Hybrid Matrix Partition (FIXED_RATIO):
   CPU Portion: 2225346 rows (19.27%), 4947670 NNZs (20.00%)
   GPU Portion: 9323499 rows (80.73%), 19790692 NNZs (80.00%)
CPU needs 2602914 elements (19.86 MB) instead of 88.11 MB 
VEC_LEN = 2
balance time = 1.664e-05
max_smem_per_block(bytes)=49152
multiproc_count=132
max_threads_per_block=1024
warp_size=32
max_threads_per_multiproc=2048
max_block_dim_x=1024
max_persistent_l2_cache=39321600
max_num_threads=270336
degree_max=14
nnz = 19790692, nnz_extended = 21891328 (padding 10.61)
num_threads=10945664, thread_block_size=128, num_thread_blocks=85513
balance time warps = 0.000681184
balance time threads = 0.00845456
Hybrid conversion times: Total = 0.390144 s, CPU = 0.000638912 s, GPU = 0.287284 s
time convert to format: 0.390154
Grid : {85513, 1, 1} blocks. Blocks : {128, 1, 1} threads.
Hybrid configuration: m_cpu is 2225346 (16.98 MB) (non-explicit memory)
time warm up 0.222561
Grid : {85513, 1, 1} blocks. Blocks : {128, 1, 1} threads.
Hybrid configuration: m_cpu is 2225346 (16.98 MB) (non-explicit memory)
number of loops = 1800
time iter: min=0.000961728, median=0.000996928, max=0.0682586
time iter cpu: min=0.270048, median=0.301152, max=67.5668
time iter gpu: min=0.2256, median=0.233952, max=1.4064
time iter gather: min=0.00066304, median=0.000684608, max=0.00410477
GFLOPS = 49.629185 (spmv_hybrid_csr_vec_cuda_csr_transpose_expand_rows_STRAT_RATIO_80_MALLOC) (time = 0.996928 ms)
   CPU Part: 32.858291 GFLOPS (time median: 0.301152 ms, 2225346 rows, 4947670 nnz)
   GPU Part: 169.185918 GFLOPS (time median: 0.233952 ms, 9323499 rows, 19790692 nnz)
/local/pmpakos/SpMV-Research/benchmark_code/BENCH_HYBRID/../../validation_matrices/download_matrices/new_folder/germany_osm.mtx,72,11548845,11548845,24738362,24738362,1,2.001259,0.000962,0.000997,0.068259,49.629185,327.163437,0.000000,0.000000,Hybrid_CsrVec_cuda_csr_transpose_expand_rows,11548845,11548845,24738362,0.000000,0.000000,1800,732.688608,0.270048,0.301152,67.566816,422.633696,0.225600,0.233952,1.406400
Temps: Composite 25850 Composite 26850 Composite 43850 Sensor 1 40850  Sensor 2 43850  Composite 43850 Sensor 1 40850  Sensor 2 43850  asic 60000 asic 60000 
File: /local/pmpakos/SpMV-Research/benchmark_code/BENCH_HYBRID/../../validation_matrices/download_matrices/new_folder/nd24k.mtx
------------------------
/local/pmpakos/SpMV-Research/benchmark_code/BENCH_HYBRID/../../validation_matrices/download_matrices/new_folder/nd24k.mtx
nd24k_spmv_hybrid_csr_vec_cuda_csr_transpose_expand_rows_STRAT_RATIO_80_MALLOC
max threads 72
time read: 0.042269
time coo to csr: 0.041345
Hybrid Matrix Partition (FIXED_RATIO):
   CPU Portion: 12738 rows (17.69%), 5742786 NNZs (20.00%)
   GPU Portion: 59262 rows (82.31%), 22972848 NNZs (80.00%)
CPU needs 40273 elements (0.31 MB) instead of 0.55 MB 
VEC_LEN = 2
balance time = 1.7632e-05
max_smem_per_block(bytes)=49152
multiproc_count=132
max_threads_per_block=1024
warp_size=32
max_threads_per_multiproc=2048
max_block_dim_x=1024
max_persistent_l2_cache=39321600
max_num_threads=270336
degree_max=520
nnz = 22972848, nnz_extended = 23091840 (padding 0.52)
num_threads=4618368, thread_block_size=128, num_thread_blocks=36081
balance time warps = 0.00324797
balance time threads = 0.0724523
Hybrid conversion times: Total = 0.369809 s, CPU = 0.000611104 s, GPU = 0.333836 s
time convert to format: 0.369818
Grid : {36081, 1, 1} blocks. Blocks : {128, 1, 1} threads.
Hybrid configuration: m_cpu is 12738 (0.10 MB) (non-explicit memory)
time warm up 0.087990
Grid : {36081, 1, 1} blocks. Blocks : {128, 1, 1} threads.
Hybrid configuration: m_cpu is 12738 (0.10 MB) (non-explicit memory)
number of loops = 18978
time iter: min=9.52e-05, median=9.7312e-05, max=0.0688523
time iter cpu: min=0.051328, median=0.05328, max=68.8307
time iter gpu: min=0.079264, median=0.081024, max=0.888736
time iter gather: min=9.024e-06, median=9.728e-06, max=0.00416986
GFLOPS = 590.176628 (spmv_hybrid_csr_vec_cuda_csr_transpose_expand_rows_STRAT_RATIO_80_MALLOC) (time = 0.097312 ms)
   CPU Part: 215.570045 GFLOPS (time median: 0.053280 ms, 12738 rows, 5742786 nnz)
   GPU Part: 567.062806 GFLOPS (time median: 0.081024 ms, 59262 rows, 22972848 nnz)
/local/pmpakos/SpMV-Research/benchmark_code/BENCH_HYBRID/../../validation_matrices/download_matrices/new_folder/nd24k.mtx,72,72000,72000,28715634,28715634,1,2.000167,0.000095,0.000097,0.068852,590.176628,328.899014,0.000000,0.000000,Hybrid_CsrVec_cuda_csr_transpose_expand_rows,72000,72000,28715634,0.000000,0.000000,18978,1126.038560,0.051328,0.053280,68.830688,1537.753529,0.079264,0.081024,0.888736
Temps: Composite 25850 Composite 26850 Composite 43850 Sensor 1 39850  Sensor 2 43850  Composite 43850 Sensor 1 40850  Sensor 2 43850  asic 60000 asic 60000 
File: /local/pmpakos/SpMV-Research/benchmark_code/BENCH_HYBRID/../../validation_matrices/download_matrices/new_folder/Fault_639.mtx
------------------------
/local/pmpakos/SpMV-Research/benchmark_code/BENCH_HYBRID/../../validation_matrices/download_matrices/new_folder/Fault_639.mtx
Fault_639_spmv_hybrid_csr_vec_cuda_csr_transpose_expand_rows_STRAT_RATIO_80_MALLOC
max threads 72
time read: 0.051221
time coo to csr: 0.039890
Hybrid Matrix Partition (FIXED_RATIO):
   CPU Portion: 126872 rows (19.86%), 5722893 NNZs (20.00%)
   GPU Portion: 511930 rows (80.14%), 22891671 NNZs (80.00%)
CPU needs 139935 elements (1.07 MB) instead of 4.87 MB 
VEC_LEN = 2
balance time = 1.9584e-05
max_smem_per_block(bytes)=49152
multiproc_count=132
max_threads_per_block=1024
warp_size=32
max_threads_per_multiproc=2048
max_block_dim_x=1024
max_persistent_l2_cache=39321600
max_num_threads=270336
degree_max=320
nnz = 22891671, nnz_extended = 23298560 (padding 1.78)
num_threads=4659712, thread_block_size=128, num_thread_blocks=36404
balance time warps = 0.0002408
balance time threads = 0.00259859
Hybrid conversion times: Total = 0.296822 s, CPU = 0.000682912 s, GPU = 0.25905 s
time convert to format: 0.296833
Grid : {36404, 1, 1} blocks. Blocks : {128, 1, 1} threads.
Hybrid configuration: m_cpu is 126872 (0.97 MB) (non-explicit memory)
time warm up 0.096197
Grid : {36404, 1, 1} blocks. Blocks : {128, 1, 1} threads.
Hybrid configuration: m_cpu is 126872 (0.97 MB) (non-explicit memory)
number of loops = 16490
time iter: min=0.000103776, median=0.000105984, max=0.0699863
time iter cpu: min=0.051488, median=0.066496, max=6.08493
time iter gpu: min=0.086944, median=0.088832, max=3.99837
time iter gather: min=9.888e-06, median=1.0656e-05, max=0.0698784
GFLOPS = 539.978940 (spmv_hybrid_csr_vec_cuda_csr_transpose_expand_rows_STRAT_RATIO_80_MALLOC) (time = 0.105984 ms)
   CPU Part: 172.127436 GFLOPS (time median: 0.066496 ms, 126872 rows, 5722893 nnz)
   GPU Part: 515.392458 GFLOPS (time median: 0.088832 ms, 511930 rows, 22891671 nnz)
/local/pmpakos/SpMV-Research/benchmark_code/BENCH_HYBRID/../../validation_matrices/download_matrices/new_folder/Fault_639.mtx,72,638802,638802,28614564,28614564,1,2.000166,0.000104,0.000106,0.069986,539.978940,329.904537,0.000000,0.000000,Hybrid_CsrVec_cuda_csr_transpose_expand_rows,638802,638802,28614564,0.000000,0.000000,16490,1131.256352,0.051488,0.066496,6.084928,1467.900442,0.086944,0.088832,3.998368
Temps: Composite 25850 Composite 26850 Composite 43850 Sensor 1 39850  Sensor 2 43850  Composite 43850 Sensor 1 40850  Sensor 2 43850  asic 60000 asic 60000 
File: /local/pmpakos/SpMV-Research/benchmark_code/BENCH_HYBRID/../../validation_matrices/download_matrices/new_folder/mouse_gene.mtx
------------------------
/local/pmpakos/SpMV-Research/benchmark_code/BENCH_HYBRID/../../validation_matrices/download_matrices/new_folder/mouse_gene.mtx
mouse_gene_spmv_hybrid_csr_vec_cuda_csr_transpose_expand_rows_STRAT_RATIO_80_MALLOC
max threads 72
time read: 0.048207
time coo to csr: 0.068921
Hybrid Matrix Partition (FIXED_RATIO):
   CPU Portion: 8345 rows (18.50%), 5791969 NNZs (19.99%)
   GPU Portion: 36756 rows (81.50%), 23175322 NNZs (80.01%)
CPU needs 39288 elements (0.30 MB) instead of 0.34 MB 
VEC_LEN = 2
balance time = 2.3008e-05
max_smem_per_block(bytes)=49152
multiproc_count=132
max_threads_per_block=1024
warp_size=32
max_threads_per_multiproc=2048
max_block_dim_x=1024
max_persistent_l2_cache=39321600
max_num_threads=270336
degree_max=8035
nnz = 23175322, nnz_extended = 23252480 (padding 0.33)
num_threads=4650496, thread_block_size=128, num_thread_blocks=36332
balance time warps = 0.000344384
balance time threads = 0.00184326
Hybrid conversion times: Total = 0.301012 s, CPU = 0.00064784 s, GPU = 0.261282 s
time convert to format: 0.301022
Grid : {36332, 1, 1} blocks. Blocks : {128, 1, 1} threads.
Hybrid configuration: m_cpu is 8345 (0.06 MB) (non-explicit memory)
time warm up 0.102279
Grid : {36332, 1, 1} blocks. Blocks : {128, 1, 1} threads.
Hybrid configuration: m_cpu is 8345 (0.06 MB) (non-explicit memory)
number of loops = 14770
time iter: min=0.00011312, median=0.00011664, max=0.0716452
time iter cpu: min=0.073024, median=0.075168, max=71.6238
time iter gpu: min=0.094688, median=0.098304, max=1.24733
time iter gather: min=1.072e-05, median=1.1776e-05, max=0.0678188
GFLOPS = 496.695662 (spmv_hybrid_csr_vec_cuda_csr_transpose_expand_rows_STRAT_RATIO_80_MALLOC) (time = 0.116640 ms)
   CPU Part: 154.107306 GFLOPS (time median: 0.075168 ms, 8345 rows, 5791969 nnz)
   GPU Part: 471.503116 GFLOPS (time median: 0.098304 ms, 36756 rows, 23175322 nnz)
/local/pmpakos/SpMV-Research/benchmark_code/BENCH_HYBRID/../../validation_matrices/download_matrices/new_folder/mouse_gene.mtx,72,45101,45101,28967291,28967291,1,2.000186,0.000113,0.000117,0.071645,496.695662,331.676388,0.000000,0.000000,Hybrid_CsrVec_cuda_csr_transpose_expand_rows,45101,45101,28967291,0.000000,0.000000,14770,1246.164576,0.073024,0.075168,71.623776,1479.487328,0.094688,0.098304,1.247328
Temps: Composite 25850 Composite 26850 Composite 43850 Sensor 1 40850  Sensor 2 43850  Composite 43850 Sensor 1 40850  Sensor 2 43850  asic 60000 asic 60000 
File: /local/pmpakos/SpMV-Research/benchmark_code/BENCH_HYBRID/../../validation_matrices/download_matrices/new_folder/nlpkkt80.mtx
------------------------
/local/pmpakos/SpMV-Research/benchmark_code/BENCH_HYBRID/../../validation_matrices/download_matrices/new_folder/nlpkkt80.mtx
nlpkkt80_spmv_hybrid_csr_vec_cuda_csr_transpose_expand_rows_STRAT_RATIO_80_MALLOC
max threads 72
time read: 0.028296
time coo to csr: 0.040633
Hybrid Matrix Partition (FIXED_RATIO):
   CPU Portion: 221042 rows (20.81%), 5740915 NNZs (20.00%)
   GPU Portion: 841358 rows (79.19%), 22963757 NNZs (80.00%)
CPU needs 432012 elements (3.30 MB) instead of 8.11 MB 
VEC_LEN = 2
balance time = 2.3808e-05
max_smem_per_block(bytes)=49152
multiproc_count=132
max_threads_per_block=1024
warp_size=32
max_threads_per_multiproc=2048
max_block_dim_x=1024
max_persistent_l2_cache=39321600
max_num_threads=270336
degree_max=30
nnz = 22963757, nnz_extended = 24583680 (padding 7.05)
num_threads=4916736, thread_block_size=128, num_thread_blocks=38412
balance time warps = 0.000269664
balance time threads = 0.00302582
Hybrid conversion times: Total = 0.322568 s, CPU = 0.000711328 s, GPU = 0.283357 s
time convert to format: 0.322577
Grid : {38412, 1, 1} blocks. Blocks : {128, 1, 1} threads.
Hybrid configuration: m_cpu is 221042 (1.69 MB) (non-explicit memory)
time warm up 0.106156
Grid : {38412, 1, 1} blocks. Blocks : {128, 1, 1} threads.
Hybrid configuration: m_cpu is 221042 (1.69 MB) (non-explicit memory)
number of loops = 14160
time iter: min=0.00012288, median=0.000126272, max=0.0674795
time iter cpu: min=0.069248, median=0.100896, max=67.4533
time iter gpu: min=0.098048, median=0.100064, max=4.58179
time iter gather: min=1.6928e-05, median=1.8048e-05, max=0.0169602
GFLOPS = 454.648251 (spmv_hybrid_csr_vec_cuda_csr_transpose_expand_rows_STRAT_RATIO_80_MALLOC) (time = 0.126272 ms)
   CPU Part: 113.798664 GFLOPS (time median: 0.100896 ms, 221042 rows, 5740915 nnz)
   GPU Part: 458.981383 GFLOPS (time median: 0.100064 ms, 841358 rows, 22963757 nnz)
/local/pmpakos/SpMV-Research/benchmark_code/BENCH_HYBRID/../../validation_matrices/download_matrices/new_folder/nlpkkt80.mtx,72,1062400,1062400,28704672,28704672,1,2.000229,0.000123,0.000126,0.067480,454.648251,332.551640,0.000000,0.000000,Hybrid_CsrVec_cuda_csr_transpose_expand_rows,1062400,1062400,28704672,0.000000,0.000000,14160,1565.818528,0.069248,0.100896,67.453280,1427.120066,0.098048,0.100064,4.581792
Temps: Composite 25850 Composite 26850 Composite 43850 Sensor 1 40850  Sensor 2 43850  Composite 43850 Sensor 1 40850  Sensor 2 43850  asic 60000 asic 60000 
File: /local/pmpakos/SpMV-Research/benchmark_code/BENCH_HYBRID/../../validation_matrices/download_matrices/new_folder/wiki-topcats.mtx
------------------------
/local/pmpakos/SpMV-Research/benchmark_code/BENCH_HYBRID/../../validation_matrices/download_matrices/new_folder/wiki-topcats.mtx
wiki-topcats_spmv_hybrid_csr_vec_cuda_csr_transpose_expand_rows_STRAT_RATIO_80_MALLOC
max threads 72
time read: 0.037290
time coo to csr: 0.061957
Hybrid Matrix Partition (FIXED_RATIO):
   CPU Portion: 355980 rows (19.87%), 5702360 NNZs (20.00%)
   GPU Portion: 1435509 rows (80.13%), 22809447 NNZs (80.00%)
CPU needs 689935 elements (5.26 MB) instead of 13.67 MB 
VEC_LEN = 2
balance time = 2.1312e-05
max_smem_per_block(bytes)=49152
multiproc_count=132
max_threads_per_block=1024
warp_size=32
max_threads_per_multiproc=2048
max_block_dim_x=1024
max_persistent_l2_cache=39321600
max_num_threads=270336
degree_max=3910
nnz = 22809447, nnz_extended = 25715200 (padding 12.74)
num_threads=5143040, thread_block_size=128, num_thread_blocks=40180
balance time warps = 0.000329888
balance time threads = 0.00356077
Hybrid conversion times: Total = 0.379364 s, CPU = 0.0480687 s, GPU = 0.271748 s
time convert to format: 0.379377
Grid : {40180, 1, 1} blocks. Blocks : {128, 1, 1} threads.
Hybrid configuration: m_cpu is 355980 (2.72 MB) (non-explicit memory)
time warm up 0.142783
Grid : {40180, 1, 1} blocks. Blocks : {128, 1, 1} threads.
Hybrid configuration: m_cpu is 355980 (2.72 MB) (non-explicit memory)
number of loops = 7994
time iter: min=0.00021088, median=0.000218592, max=0.0702946
time iter cpu: min=0.118272, median=0.125344, max=5.64074
time iter gpu: min=0.142368, median=0.150144, max=6.59866
time iter gather: min=5.8272e-05, median=6.1184e-05, max=0.070134
GFLOPS = 260.867799 (spmv_hybrid_csr_vec_cuda_csr_transpose_expand_rows_STRAT_RATIO_80_MALLOC) (time = 0.218592 ms)
   CPU Part: 90.987363 GFLOPS (time median: 0.125344 ms, 355980 rows, 5702360 nnz)
   GPU Part: 303.834287 GFLOPS (time median: 0.150144 ms, 1435509 rows, 22809447 nnz)
/local/pmpakos/SpMV-Research/benchmark_code/BENCH_HYBRID/../../validation_matrices/download_matrices/new_folder/wiki-topcats.mtx,72,1791489,1791489,28511807,28511807,0,2.000276,0.000211,0.000219,0.070295,260.867799,333.125729,0.000000,0.000000,Hybrid_CsrVec_cuda_csr_transpose_expand_rows,1791489,1791489,28511807,0.000000,0.000000,7994,1077.391872,0.118272,0.125344,5.640736,1209.501568,0.142368,0.150144,6.598656
Temps: Composite 25850 Composite 26850 Composite 43850 Sensor 1 40850  Sensor 2 43850  Composite 43850 Sensor 1 40850  Sensor 2 43850  asic 61000 asic 61000 
File: /local/pmpakos/SpMV-Research/benchmark_code/BENCH_HYBRID/../../validation_matrices/download_matrices/new_folder/asia_osm.mtx
------------------------
/local/pmpakos/SpMV-Research/benchmark_code/BENCH_HYBRID/../../validation_matrices/download_matrices/new_folder/asia_osm.mtx
asia_osm_spmv_hybrid_csr_vec_cuda_csr_transpose_expand_rows_STRAT_RATIO_80_MALLOC
max threads 72
time read: 0.020473
time coo to csr: 0.044620
Hybrid Matrix Partition (FIXED_RATIO):
   CPU Portion: 2408408 rows (20.15%), 5084639 NNZs (20.00%)
   GPU Portion: 9542349 rows (79.85%), 20338567 NNZs (80.00%)
CPU needs 2584347 elements (19.72 MB) instead of 91.18 MB 
VEC_LEN = 2
balance time = 1.7504e-05
max_smem_per_block(bytes)=49152
multiproc_count=132
max_threads_per_block=1024
warp_size=32
max_threads_per_multiproc=2048
max_block_dim_x=1024
max_persistent_l2_cache=39321600
max_num_threads=270336
degree_max=10
nnz = 20338567, nnz_extended = 21881600 (padding 7.59)
num_threads=10940800, thread_block_size=128, num_thread_blocks=85475
balance time warps = 0.000693344
balance time threads = 0.00870381
Hybrid conversion times: Total = 0.388772 s, CPU = 0.000608096 s, GPU = 0.29287 s
time convert to format: 0.388782
Grid : {85475, 1, 1} blocks. Blocks : {128, 1, 1} threads.
Hybrid configuration: m_cpu is 2408408 (18.37 MB) (non-explicit memory)
time warm up 0.212676
Grid : {85475, 1, 1} blocks. Blocks : {128, 1, 1} threads.
Hybrid configuration: m_cpu is 2408408 (18.37 MB) (non-explicit memory)
number of loops = 2120
time iter: min=0.000758624, median=0.000809888, max=0.068904
time iter cpu: min=0.252576, median=0.284704, max=68.3749
time iter gpu: min=0.211904, median=0.220064, max=38.082
time iter gather: min=0.000477824, median=0.00051424, max=0.00442803
GFLOPS = 62.782029 (spmv_hybrid_csr_vec_cuda_csr_transpose_expand_rows_STRAT_RATIO_80_MALLOC) (time = 0.809888 ms)
   CPU Part: 35.718775 GFLOPS (time median: 0.284704 ms, 2408408 rows, 5084639 nnz)
   GPU Part: 184.842292 GFLOPS (time median: 0.220064 ms, 9542349 rows, 20338567 nnz)
/local/pmpakos/SpMV-Research/benchmark_code/BENCH_HYBRID/../../validation_matrices/download_matrices/new_folder/asia_osm.mtx,72,11950757,11950757,25423206,25423206,1,2.001063,0.000759,0.000810,0.068904,62.782029,336.534027,0.000000,0.000000,Hybrid_CsrVec_cuda_csr_transpose_expand_rows,11950757,11950757,25423206,0.000000,0.000000,2120,809.705664,0.252576,0.284704,68.374880,523.942241,0.211904,0.220064,38.082016
Temps: Composite 25850 Composite 26850 Composite 43850 Sensor 1 40850  Sensor 2 43850  Composite 43850 Sensor 1 40850  Sensor 2 43850  asic 60000 asic 60000 
File: /local/pmpakos/SpMV-Research/benchmark_code/BENCH_HYBRID/../../validation_matrices/download_matrices/new_folder/adaptive.mtx
------------------------
/local/pmpakos/SpMV-Research/benchmark_code/BENCH_HYBRID/../../validation_matrices/download_matrices/new_folder/adaptive.mtx
adaptive_spmv_hybrid_csr_vec_cuda_csr_transpose_expand_rows_STRAT_RATIO_80_MALLOC
max threads 72
time read: 0.021114
time coo to csr: 0.046252
Hybrid Matrix Partition (FIXED_RATIO):
   CPU Portion: 1363312 rows (20.00%), 5449724 NNZs (20.00%)
   GPU Portion: 5452432 rows (80.00%), 21798916 NNZs (80.00%)
CPU needs 4086412 elements (31.18 MB) instead of 52.00 MB 
VEC_LEN = 2
balance time = 1.6448e-05
max_smem_per_block(bytes)=49152
multiproc_count=132
max_threads_per_block=1024
warp_size=32
max_threads_per_multiproc=2048
max_block_dim_x=1024
max_persistent_l2_cache=39321600
max_num_threads=270336
degree_max=4
nnz = 21798916, nnz_extended = 21810176 (padding 0.05)
num_threads=5452544, thread_block_size=128, num_thread_blocks=42598
balance time warps = 0.000364192
balance time threads = 0.00389459
Hybrid conversion times: Total = 0.419607 s, CPU = 0.000510976 s, GPU = 0.358828 s
time convert to format: 0.419619
Grid : {42598, 1, 1} blocks. Blocks : {128, 1, 1} threads.
Hybrid configuration: m_cpu is 1363312 (10.40 MB) (non-explicit memory)
time warm up 0.176167
Grid : {42598, 1, 1} blocks. Blocks : {128, 1, 1} threads.
Hybrid configuration: m_cpu is 1363312 (10.40 MB) (non-explicit memory)
number of loops = 2874
time iter: min=0.000578144, median=0.000610496, max=0.0699689
time iter cpu: min=0.204896, median=0.232736, max=69.5812
time iter gpu: min=0.179712, median=0.187008, max=18.232
time iter gather: min=0.00035216, median=0.0003656, max=0.00405856
GFLOPS = 89.267219 (spmv_hybrid_csr_vec_cuda_csr_transpose_expand_rows_STRAT_RATIO_80_MALLOC) (time = 0.610496 ms)
   CPU Part: 46.831809 GFLOPS (time median: 0.232736 ms, 1363312 rows, 5449724 nnz)
   GPU Part: 233.133521 GFLOPS (time median: 0.187008 ms, 5452432 rows, 21798916 nnz)
/local/pmpakos/SpMV-Research/benchmark_code/BENCH_HYBRID/../../validation_matrices/download_matrices/new_folder/adaptive.mtx,72,6815744,6815744,27248640,27248640,1,2.000846,0.000578,0.000610,0.069969,89.267219,337.835941,0.000000,0.000000,Hybrid_CsrVec_cuda_csr_transpose_expand_rows,6815744,6815744,27248640,0.000000,0.000000,2874,883.761024,0.204896,0.232736,69.581216,556.755648,0.179712,0.187008,18.231968
Temps: Composite 25850 Composite 26850 Composite 43850 Sensor 1 40850  Sensor 2 43850  Composite 43850 Sensor 1 40850  Sensor 2 43850  asic 60000 asic 60000 
File: /local/pmpakos/SpMV-Research/benchmark_code/BENCH_HYBRID/../../validation_matrices/download_matrices/new_folder/rgg_n_2_21_s0.mtx
------------------------
/local/pmpakos/SpMV-Research/benchmark_code/BENCH_HYBRID/../../validation_matrices/download_matrices/new_folder/rgg_n_2_21_s0.mtx
rgg_n_2_21_s0_spmv_hybrid_csr_vec_cuda_csr_transpose_expand_rows_STRAT_RATIO_80_MALLOC
max threads 72
time read: 0.021497
time coo to csr: 0.038121
Hybrid Matrix Partition (FIXED_RATIO):
   CPU Portion: 420117 rows (20.03%), 5795194 NNZs (20.00%)
   GPU Portion: 1677035 rows (79.97%), 23180796 NNZs (80.00%)
CPU needs 422262 elements (3.22 MB) instead of 16.00 MB 
VEC_LEN = 2
balance time = 2.1376e-05
max_smem_per_block(bytes)=49152
multiproc_count=132
max_threads_per_block=1024
warp_size=32
max_threads_per_multiproc=2048
max_block_dim_x=1024
max_persistent_l2_cache=39321600
max_num_threads=270336
degree_max=40
nnz = 23180796, nnz_extended = 26538240 (padding 14.48)
num_threads=5307648, thread_block_size=128, num_thread_blocks=41466
balance time warps = 0.000324448
balance time threads = 0.00365987
Hybrid conversion times: Total = 0.321368 s, CPU = 0.000715776 s, GPU = 0.27208 s
time convert to format: 0.321379
Grid : {41466, 1, 1} blocks. Blocks : {128, 1, 1} threads.
Hybrid configuration: m_cpu is 420117 (3.21 MB) (non-explicit memory)
time warm up 0.138042
Grid : {41466, 1, 1} blocks. Blocks : {128, 1, 1} threads.
Hybrid configuration: m_cpu is 420117 (3.21 MB) (non-explicit memory)
number of loops = 10970
time iter: min=0.000153024, median=0.000158016, max=0.0679874
time iter cpu: min=0.065728, median=0.066912, max=67.9479
time iter gpu: min=0.126976, median=0.129216, max=7.71926
time iter gather: min=1.7888e-05, median=2.2336e-05, max=0.067242
GFLOPS = 366.747545 (spmv_hybrid_csr_vec_cuda_csr_transpose_expand_rows_STRAT_RATIO_80_MALLOC) (time = 0.158016 ms)
   CPU Part: 173.218376 GFLOPS (time median: 0.066912 ms, 420117 rows, 5795194 nnz)
   GPU Part: 358.791418 GFLOPS (time median: 0.129216 ms, 1677035 rows, 23180796 nnz)
/local/pmpakos/SpMV-Research/benchmark_code/BENCH_HYBRID/../../validation_matrices/download_matrices/new_folder/rgg_n_2_21_s0.mtx,72,2097152,2097152,28975990,28975990,1,2.000307,0.000153,0.000158,0.067987,366.747545,339.603893,0.000000,0.000000,Hybrid_CsrVec_cuda_csr_transpose_expand_rows,2097152,2097152,28975990,0.000000,0.000000,10970,884.593984,0.065728,0.066912,67.947904,1426.108258,0.126976,0.129216,7.719264
Temps: Composite 25850 Composite 26850 Composite 43850 Sensor 1 40850  Sensor 2 43850  Composite 44850 Sensor 1 40850  Sensor 2 44850  asic 60000 asic 60000 
File: /local/pmpakos/SpMV-Research/benchmark_code/BENCH_HYBRID/../../validation_matrices/download_matrices/new_folder/GL7d20.mtx
------------------------
/local/pmpakos/SpMV-Research/benchmark_code/BENCH_HYBRID/../../validation_matrices/download_matrices/new_folder/GL7d20.mtx
GL7d20_spmv_hybrid_csr_vec_cuda_csr_transpose_expand_rows_STRAT_RATIO_80_MALLOC
max threads 72
time read: 0.050399
time coo to csr: 0.059333
Hybrid Matrix Partition (FIXED_RATIO):
   CPU Portion: 297934 rows (20.73%), 5978615 NNZs (20.00%)
   GPU Portion: 1139613 rows (79.27%), 23914469 NNZs (80.00%)
CPU needs 811228 elements (6.19 MB) instead of 14.58 MB 
VEC_LEN = 2
balance time = 2.2496e-05
max_smem_per_block(bytes)=49152
multiproc_count=132
max_threads_per_block=1024
warp_size=32
max_threads_per_multiproc=2048
max_block_dim_x=1024
max_persistent_l2_cache=39321600
max_num_threads=270336
degree_max=395
nnz = 23914469, nnz_extended = 27457920 (padding 14.82)
num_threads=5491584, thread_block_size=128, num_thread_blocks=42903
balance time warps = 0.000317952
balance time threads = 0.0033513
Hybrid conversion times: Total = 0.342519 s, CPU = 0.000550432 s, GPU = 0.284853 s
time convert to format: 0.342531
Grid : {42903, 1, 1} blocks. Blocks : {128, 1, 1} threads.
Hybrid configuration: m_cpu is 297934 (2.27 MB) (non-explicit memory)
time warm up 0.215108
Grid : {42903, 1, 1} blocks. Blocks : {128, 1, 1} threads.
Hybrid configuration: m_cpu is 297934 (2.27 MB) (non-explicit memory)
number of loops = 4281
time iter: min=0.000399488, median=0.000420512, max=0.0684167
time iter cpu: min=0.240224, median=0.2528, max=6.82589
time iter gpu: min=0.219424, median=0.23072, max=9.60448
time iter gather: min=0.00013232, median=0.000157248, max=0.0681106
GFLOPS = 142.174701 (spmv_hybrid_csr_vec_cuda_csr_transpose_expand_rows_STRAT_RATIO_80_MALLOC) (time = 0.420512 ms)
   CPU Part: 47.299169 GFLOPS (time median: 0.252800 ms, 297934 rows, 5978615 nnz)
   GPU Part: 207.302957 GFLOPS (time median: 0.230720 ms, 1139613 rows, 23914469 nnz)
/local/pmpakos/SpMV-Research/benchmark_code/BENCH_HYBRID/../../validation_matrices/download_matrices/new_folder/GL7d20.mtx,72,1437547,1911130,29893084,29893084,0,2.000610,0.000399,0.000421,0.068417,142.174701,347.583008,0.000000,0.000000,Hybrid_CsrVec_cuda_csr_transpose_expand_rows,1437547,1911130,29893084,0.000000,0.000000,4281,1183.735872,0.240224,0.252800,6.825888,1000.180832,0.219424,0.230720,9.604480
Temps: Composite 25850 Composite 26850 Composite 43850 Sensor 1 40850  Sensor 2 43850  Composite 44850 Sensor 1 40850  Sensor 2 44850  asic 60000 asic 60000 
File: /local/pmpakos/SpMV-Research/benchmark_code/BENCH_HYBRID/../../validation_matrices/download_matrices/new_folder/coPapersDBLP.mtx
------------------------
/local/pmpakos/SpMV-Research/benchmark_code/BENCH_HYBRID/../../validation_matrices/download_matrices/new_folder/coPapersDBLP.mtx
coPapersDBLP_spmv_hybrid_csr_vec_cuda_csr_transpose_expand_rows_STRAT_RATIO_80_MALLOC
max threads 72
time read: 0.021579
time coo to csr: 0.044367
Hybrid Matrix Partition (FIXED_RATIO):
   CPU Portion: 48361 rows (8.95%), 6098287 NNZs (20.00%)
   GPU Portion: 492125 rows (91.05%), 24393171 NNZs (80.00%)
CPU needs 275813 elements (2.10 MB) instead of 4.12 MB 
VEC_LEN = 2
balance time = 1.8528e-05
max_smem_per_block(bytes)=49152
multiproc_count=132
max_threads_per_block=1024
warp_size=32
max_threads_per_multiproc=2048
max_block_dim_x=1024
max_persistent_l2_cache=39321600
max_num_threads=270336
degree_max=1225
nnz = 24393171, nnz_extended = 25393920 (padding 4.10)
num_threads=5078784, thread_block_size=128, num_thread_blocks=39678
balance time warps = 0.000276544
balance time threads = 0.00287133
Hybrid conversion times: Total = 0.308241 s, CPU = 0.00074672 s, GPU = 0.26488 s
time convert to format: 0.308251
Grid : {39678, 1, 1} blocks. Blocks : {128, 1, 1} threads.
Hybrid configuration: m_cpu is 48361 (0.37 MB) (non-explicit memory)
time warm up 0.104254
Grid : {39678, 1, 1} blocks. Blocks : {128, 1, 1} threads.
Hybrid configuration: m_cpu is 48361 (0.37 MB) (non-explicit memory)
number of loops = 12676
time iter: min=0.000134176, median=0.00013744, max=0.0693522
time iter cpu: min=0.06384, median=0.069024, max=69.3116
time iter gpu: min=0.097248, median=0.099296, max=3.1192
time iter gather: min=2.8832e-05, median=3.1552e-05, max=0.0685828
GFLOPS = 443.705733 (spmv_hybrid_csr_vec_cuda_csr_transpose_expand_rows_STRAT_RATIO_80_MALLOC) (time = 0.137440 ms)
   CPU Part: 176.700481 GFLOPS (time median: 0.069024 ms, 48361 rows, 6098287 nnz)
   GPU Part: 491.322311 GFLOPS (time median: 0.099296 ms, 492125 rows, 24393171 nnz)
/local/pmpakos/SpMV-Research/benchmark_code/BENCH_HYBRID/../../validation_matrices/download_matrices/new_folder/coPapersDBLP.mtx,72,540486,540486,30491458,30491458,1,2.000207,0.000134,0.000137,0.069352,443.705733,351.008839,0.000000,0.000000,Hybrid_CsrVec_cuda_csr_transpose_expand_rows,540486,540486,30491458,0.000000,0.000000,12676,1037.732000,0.063840,0.069024,69.311552,1264.553952,0.097248,0.099296,3.119200
Temps: Composite 25850 Composite 26850 Composite 43850 Sensor 1 40850  Sensor 2 43850  Composite 44850 Sensor 1 40850  Sensor 2 44850  asic 60000 asic 60000 
File: /local/pmpakos/SpMV-Research/benchmark_code/BENCH_HYBRID/../../validation_matrices/download_matrices/new_folder/soc-Pokec.mtx
------------------------
/local/pmpakos/SpMV-Research/benchmark_code/BENCH_HYBRID/../../validation_matrices/download_matrices/new_folder/soc-Pokec.mtx
soc-Pokec_spmv_hybrid_csr_vec_cuda_csr_transpose_expand_rows_STRAT_RATIO_80_MALLOC
max threads 72
time read: 0.040091
time coo to csr: 0.060171
Hybrid Matrix Partition (FIXED_RATIO):
   CPU Portion: 136811 rows (8.38%), 6124499 NNZs (20.00%)
   GPU Portion: 1495992 rows (91.62%), 24498065 NNZs (80.00%)
CPU needs 906107 elements (6.91 MB) instead of 12.46 MB 
VEC_LEN = 2
balance time = 2.0736e-05
max_smem_per_block(bytes)=49152
multiproc_count=132
max_threads_per_block=1024
warp_size=32
max_threads_per_multiproc=2048
max_block_dim_x=1024
max_persistent_l2_cache=39321600
max_num_threads=270336
degree_max=1000
nnz = 24498065, nnz_extended = 27432320 (padding 11.98)
num_threads=5486464, thread_block_size=128, num_thread_blocks=42863
balance time warps = 0.000354016
balance time threads = 0.00420442
Hybrid conversion times: Total = 0.349514 s, CPU = 0.000773472 s, GPU = 0.285015 s
time convert to format: 0.349524
Grid : {42863, 1, 1} blocks. Blocks : {128, 1, 1} threads.
Hybrid configuration: m_cpu is 136811 (1.04 MB) (non-explicit memory)
time warm up 0.215626
Grid : {42863, 1, 1} blocks. Blocks : {128, 1, 1} threads.
Hybrid configuration: m_cpu is 136811 (1.04 MB) (non-explicit memory)
number of loops = 4337
time iter: min=0.000407776, median=0.000424384, max=0.0701236
time iter cpu: min=0.216928, median=0.238144, max=3.55741
time iter gpu: min=0.218464, median=0.22848, max=9.53395
time iter gather: min=0.00015904, median=0.000173568, max=0.0698216
GFLOPS = 144.315356 (spmv_hybrid_csr_vec_cuda_csr_transpose_expand_rows_STRAT_RATIO_80_MALLOC) (time = 0.424384 ms)
   CPU Part: 51.435258 GFLOPS (time median: 0.238144 ms, 136811 rows, 6124499 nnz)
   GPU Part: 214.443850 GFLOPS (time median: 0.228480 ms, 1495992 rows, 24498065 nnz)
/local/pmpakos/SpMV-Research/benchmark_code/BENCH_HYBRID/../../validation_matrices/download_matrices/new_folder/soc-Pokec.mtx,72,1632803,1632803,30622564,30622564,0,2.000763,0.000408,0.000424,0.070124,144.315356,356.676086,0.000000,0.000000,Hybrid_CsrVec_cuda_csr_transpose_expand_rows,1632803,1632803,30622564,0.000000,0.000000,4337,1087.130976,0.216928,0.238144,3.557408,1003.040640,0.218464,0.228480,9.533952
Temps: Composite 25850 Composite 26850 Composite 43850 Sensor 1 40850  Sensor 2 43850  Composite 44850 Sensor 1 40850  Sensor 2 44850  asic 60000 asic 60000 
File: /local/pmpakos/SpMV-Research/benchmark_code/BENCH_HYBRID/../../validation_matrices/download_matrices/new_folder/coPapersCiteseer.mtx
------------------------
/local/pmpakos/SpMV-Research/benchmark_code/BENCH_HYBRID/../../validation_matrices/download_matrices/new_folder/coPapersCiteseer.mtx
coPapersCiteseer_spmv_hybrid_csr_vec_cuda_csr_transpose_expand_rows_STRAT_RATIO_80_MALLOC
max threads 72
time read: 0.113899
time coo to csr: 0.046477
Hybrid Matrix Partition (FIXED_RATIO):
   CPU Portion: 33080 rows (7.62%), 6414554 NNZs (20.00%)
   GPU Portion: 401022 rows (92.38%), 25658886 NNZs (80.00%)
CPU needs 150838 elements (1.15 MB) instead of 3.31 MB 
VEC_LEN = 2
balance time = 1.4624e-05
max_smem_per_block(bytes)=49152
multiproc_count=132
max_threads_per_block=1024
warp_size=32
max_threads_per_multiproc=2048
max_block_dim_x=1024
max_persistent_l2_cache=39321600
max_num_threads=270336
degree_max=995
nnz = 25658886, nnz_extended = 26469760 (padding 3.16)
num_threads=5293952, thread_block_size=128, num_thread_blocks=41359
balance time warps = 0.000288544
balance time threads = 0.00338224
Hybrid conversion times: Total = 0.311175 s, CPU = 0.0007808 s, GPU = 0.268081 s
time convert to format: 0.311187
Grid : {41359, 1, 1} blocks. Blocks : {128, 1, 1} threads.
Hybrid configuration: m_cpu is 33080 (0.25 MB) (non-explicit memory)
time warm up 0.106357
Grid : {41359, 1, 1} blocks. Blocks : {128, 1, 1} threads.
Hybrid configuration: m_cpu is 33080 (0.25 MB) (non-explicit memory)
number of loops = 13390
time iter: min=0.000126176, median=0.000130368, max=0.0719891
time iter cpu: min=0.060416, median=0.062336, max=67.8367
time iter gpu: min=0.098176, median=0.100064, max=2.1487
time iter gather: min=1.9808e-05, median=2.384e-05, max=0.071875
GFLOPS = 492.044674 (spmv_hybrid_csr_vec_cuda_csr_transpose_expand_rows_STRAT_RATIO_80_MALLOC) (time = 0.130368 ms)
   CPU Part: 205.805762 GFLOPS (time median: 0.062336 ms, 33080 rows, 6414554 nnz)
   GPU Part: 512.849486 GFLOPS (time median: 0.100064 ms, 401022 rows, 25658886 nnz)
/local/pmpakos/SpMV-Research/benchmark_code/BENCH_HYBRID/../../validation_matrices/download_matrices/new_folder/coPapersCiteseer.mtx,72,434102,434102,32073440,32073440,1,2.000147,0.000126,0.000130,0.071989,492.044674,368.707363,0.000000,0.000000,Hybrid_CsrVec_cuda_csr_transpose_expand_rows,434102,434102,32073440,0.000000,0.000000,13390,981.030720,0.060416,0.062336,67.836672,1342.815843,0.098176,0.100064,2.148704
Temps: Composite 25850 Composite 26850 Composite 43850 Sensor 1 40850  Sensor 2 43850  Composite 44850 Sensor 1 40850  Sensor 2 44850  asic 60000 asic 60000 
File: /local/pmpakos/SpMV-Research/benchmark_code/BENCH_HYBRID/../../validation_matrices/download_matrices/new_folder/dielFilterV3clx.mtx
------------------------
/local/pmpakos/SpMV-Research/benchmark_code/BENCH_HYBRID/../../validation_matrices/download_matrices/new_folder/dielFilterV3clx.mtx
dielFilterV3clx_spmv_hybrid_csr_vec_cuda_csr_transpose_expand_rows_STRAT_RATIO_80_MALLOC
max threads 72
time read: 0.085159
time coo to csr: 0.044781
Hybrid Matrix Partition (FIXED_RATIO):
   CPU Portion: 59323 rows (14.11%), 6577201 NNZs (20.00%)
   GPU Portion: 361085 rows (85.89%), 26309007 NNZs (80.00%)
CPU needs 420393 elements (3.21 MB) instead of 3.21 MB 
VEC_LEN = 2
balance time = 1.504e-05
max_smem_per_block(bytes)=49152
multiproc_count=132
max_threads_per_block=1024
warp_size=32
max_threads_per_multiproc=2048
max_block_dim_x=1024
max_persistent_l2_cache=39321600
max_num_threads=270336
degree_max=305
nnz = 26309007, nnz_extended = 26591360 (padding 1.07)
num_threads=5318272, thread_block_size=128, num_thread_blocks=41549
balance time warps = 0.000275168
balance time threads = 0.00335296
Hybrid conversion times: Total = 0.309064 s, CPU = 0.000831392 s, GPU = 0.266188 s
time convert to format: 0.309076
Grid : {41549, 1, 1} blocks. Blocks : {128, 1, 1} threads.
Hybrid configuration: m_cpu is 59323 (0.45 MB) (non-explicit memory)
time warm up 0.105301
Grid : {41549, 1, 1} blocks. Blocks : {128, 1, 1} threads.
Hybrid configuration: m_cpu is 59323 (0.45 MB) (non-explicit memory)
number of loops = 13502
time iter: min=0.000124096, median=0.000128864, max=0.0710317
time iter cpu: min=0.071328, median=0.100608, max=69.8241
time iter gpu: min=0.097728, median=0.099808, max=3.39821
time iter gather: min=1.8784e-05, median=2.0448e-05, max=0.0709024
GFLOPS = 510.401788 (spmv_hybrid_csr_vec_cuda_csr_transpose_expand_rows_STRAT_RATIO_80_MALLOC) (time = 0.128864 ms)
   CPU Part: 130.749066 GFLOPS (time median: 0.100608 ms, 59323 rows, 6577201 nnz)
   GPU Part: 527.192349 GFLOPS (time median: 0.099808 ms, 361085 rows, 26309007 nnz)
/local/pmpakos/SpMV-Research/benchmark_code/BENCH_HYBRID/../../validation_matrices/download_matrices/new_folder/dielFilterV3clx.mtx,72,420408,420408,32886208,32886208,1,2.000135,0.000124,0.000129,0.071032,510.401788,377.956516,0.000000,0.000000,Hybrid_CsrVec_cuda_csr_transpose_expand_rows,420408,420408,32886208,0.000000,0.000000,13502,1448.852992,0.071328,0.100608,69.824128,1351.408001,0.097728,0.099808,3.398208
Temps: Composite 25850 Composite 26850 Composite 43850 Sensor 1 40850  Sensor 2 43850  Composite 44850 Sensor 1 40850  Sensor 2 44850  asic 60000 asic 60000 
File: /local/pmpakos/SpMV-Research/benchmark_code/BENCH_HYBRID/../../validation_matrices/download_matrices/new_folder/mycielskian16.mtx
------------------------
/local/pmpakos/SpMV-Research/benchmark_code/BENCH_HYBRID/../../validation_matrices/download_matrices/new_folder/mycielskian16.mtx
mycielskian16_spmv_hybrid_csr_vec_cuda_csr_transpose_expand_rows_STRAT_RATIO_80_MALLOC
max threads 72
time read: 0.022197
time coo to csr: 0.072765
Hybrid Matrix Partition (FIXED_RATIO):
   CPU Portion: 3097 rows (6.30%), 6674640 NNZs (19.99%)
   GPU Portion: 46054 rows (93.70%), 26707840 NNZs (80.01%)
CPU needs 49144 elements (0.37 MB) instead of 0.37 MB 
VEC_LEN = 2
balance time = 1.3152e-05
max_smem_per_block(bytes)=49152
multiproc_count=132
max_threads_per_block=1024
warp_size=32
max_threads_per_multiproc=2048
max_block_dim_x=1024
max_persistent_l2_cache=39321600
max_num_threads=270336
degree_max=24575
nnz = 26707840, nnz_extended = 26800000 (padding 0.35)
num_threads=5360000, thread_block_size=128, num_thread_blocks=41875
balance time warps = 0.000229664
balance time threads = 0.00224355
Hybrid conversion times: Total = 0.399664 s, CPU = 0.000818528 s, GPU = 0.35562 s
time convert to format: 0.399674
Grid : {41875, 1, 1} blocks. Blocks : {128, 1, 1} threads.
Hybrid configuration: m_cpu is 3097 (0.02 MB) (non-explicit memory)
time warm up 0.100235
Grid : {41875, 1, 1} blocks. Blocks : {128, 1, 1} threads.
Hybrid configuration: m_cpu is 3097 (0.02 MB) (non-explicit memory)
number of loops = 16219
time iter: min=0.000110688, median=0.00011312, max=0.0679285
time iter cpu: min=0.082016, median=0.08416, max=67.9068
time iter gpu: min=0.092, median=0.093952, max=0.637824
time iter gather: min=1.136e-05, median=1.2512e-05, max=0.00303898
GFLOPS = 590.213579 (spmv_hybrid_csr_vec_cuda_csr_transpose_expand_rows_STRAT_RATIO_80_MALLOC) (time = 0.113120 ms)
   CPU Part: 158.617871 GFLOPS (time median: 0.084160 ms, 3097 rows, 6674640 nnz)
   GPU Part: 568.542233 GFLOPS (time median: 0.093952 ms, 46054 rows, 26707840 nnz)
/local/pmpakos/SpMV-Research/benchmark_code/BENCH_HYBRID/../../validation_matrices/download_matrices/new_folder/mycielskian16.mtx,72,49151,49151,33382480,33382480,1,2.000137,0.000111,0.000113,0.067929,590.213579,382.219666,0.000000,0.000000,Hybrid_CsrVec_cuda_csr_transpose_expand_rows,49151,49151,33382480,0.000000,0.000000,16219,1504.890432,0.082016,0.084160,67.906752,1524.227263,0.092000,0.093952,0.637824
Temps: Composite 25850 Composite 26850 Composite 43850 Sensor 1 40850  Sensor 2 43850  Composite 44850 Sensor 1 40850  Sensor 2 44850  asic 60000 asic 60000 
File: /local/pmpakos/SpMV-Research/benchmark_code/BENCH_HYBRID/../../validation_matrices/download_matrices/new_folder/vas_stokes_1M.mtx
------------------------
/local/pmpakos/SpMV-Research/benchmark_code/BENCH_HYBRID/../../validation_matrices/download_matrices/new_folder/vas_stokes_1M.mtx
vas_stokes_1M_spmv_hybrid_csr_vec_cuda_csr_transpose_expand_rows_STRAT_RATIO_80_MALLOC
max threads 72
time read: 0.095272
time coo to csr: 0.050589
Hybrid Matrix Partition (FIXED_RATIO):
   CPU Portion: 353643 rows (32.42%), 6953439 NNZs (20.00%)
   GPU Portion: 737021 rows (67.58%), 27813768 NNZs (80.00%)
CPU needs 515308 elements (3.93 MB) instead of 8.32 MB 
VEC_LEN = 2
balance time = 1.6384e-05
max_smem_per_block(bytes)=49152
multiproc_count=132
max_threads_per_block=1024
warp_size=32
max_threads_per_multiproc=2048
max_block_dim_x=1024
max_persistent_l2_cache=39321600
max_num_threads=270336
degree_max=580
nnz = 27813768, nnz_extended = 29674240 (padding 6.69)
num_threads=5934848, thread_block_size=128, num_thread_blocks=46366
balance time warps = 0.000336256
balance time threads = 0.00373075
Hybrid conversion times: Total = 0.335879 s, CPU = 0.000681728 s, GPU = 0.288324 s
time convert to format: 0.335890
Grid : {46366, 1, 1} blocks. Blocks : {128, 1, 1} threads.
Hybrid configuration: m_cpu is 353643 (2.70 MB) (non-explicit memory)
time warm up 0.123196
Grid : {46366, 1, 1} blocks. Blocks : {128, 1, 1} threads.
Hybrid configuration: m_cpu is 353643 (2.70 MB) (non-explicit memory)
number of loops = 7730
time iter: min=0.000218784, median=0.000224864, max=0.0712285
time iter cpu: min=0.087168, median=0.103712, max=71.1197
time iter gpu: min=0.117216, median=0.119072, max=4.83466
time iter gather: min=9.3024e-05, median=9.8912e-05, max=0.00602381
GFLOPS = 309.228752 (spmv_hybrid_csr_vec_cuda_csr_transpose_expand_rows_STRAT_RATIO_80_MALLOC) (time = 0.224864 ms)
   CPU Part: 134.091311 GFLOPS (time median: 0.103712 ms, 353643 rows, 6953439 nnz)
   GPU Part: 467.175634 GFLOPS (time median: 0.119072 ms, 737021 rows, 27813768 nnz)
/local/pmpakos/SpMV-Research/benchmark_code/BENCH_HYBRID/../../validation_matrices/download_matrices/new_folder/vas_stokes_1M.mtx,72,1090664,1090664,34767207,34767207,0,2.000360,0.000219,0.000225,0.071229,309.228752,402.039665,0.000000,0.000000,Hybrid_CsrVec_cuda_csr_transpose_expand_rows,1090664,1090664,34767207,0.000000,0.000000,7730,1026.688608,0.087168,0.103712,71.119680,927.866720,0.117216,0.119072,4.834656
Temps: Composite 25850 Composite 26850 Composite 43850 Sensor 1 40850  Sensor 2 43850  Composite 44850 Sensor 1 40850  Sensor 2 44850  asic 60000 asic 60000 
File: /local/pmpakos/SpMV-Research/benchmark_code/BENCH_HYBRID/../../validation_matrices/download_matrices/new_folder/packing-500x100x100-b050.mtx
------------------------
/local/pmpakos/SpMV-Research/benchmark_code/BENCH_HYBRID/../../validation_matrices/download_matrices/new_folder/packing-500x100x100-b050.mtx
packing-500x100x100-b050_spmv_hybrid_csr_vec_cuda_csr_transpose_expand_rows_STRAT_RATIO_80_MALLOC
max threads 72
time read: 0.027464
time coo to csr: 0.043535
Hybrid Matrix Partition (FIXED_RATIO):
   CPU Portion: 402704 rows (18.77%), 6995290 NNZs (20.00%)
   GPU Portion: 1743148 rows (81.23%), 27981196 NNZs (80.00%)
CPU needs 407716 elements (3.11 MB) instead of 16.37 MB 
VEC_LEN = 2
balance time = 4.3488e-05
max_smem_per_block(bytes)=49152
multiproc_count=132
max_threads_per_block=1024
warp_size=32
max_threads_per_multiproc=2048
max_block_dim_x=1024
max_persistent_l2_cache=39321600
max_num_threads=270336
degree_max=20
nnz = 27981196, nnz_extended = 31522560 (padding 12.66)
num_threads=6304512, thread_block_size=128, num_thread_blocks=49254
balance time warps = 0.000370368
balance time threads = 0.00415846
Hybrid conversion times: Total = 0.331618 s, CPU = 0.00100925 s, GPU = 0.279334 s
time convert to format: 0.331627
Grid : {49254, 1, 1} blocks. Blocks : {128, 1, 1} threads.
Hybrid configuration: m_cpu is 402704 (3.07 MB) (non-explicit memory)
time warm up 0.137344
Grid : {49254, 1, 1} blocks. Blocks : {128, 1, 1} threads.
Hybrid configuration: m_cpu is 402704 (3.07 MB) (non-explicit memory)
number of loops = 10047
time iter: min=0.000166944, median=0.000173504, max=0.0685955
time iter cpu: min=0.067456, median=0.073024, max=3.796
time iter gpu: min=0.128576, median=0.129728, max=6.86499
time iter gather: min=3.0464e-05, median=3.7056e-05, max=0.0684535
GFLOPS = 403.177863 (spmv_hybrid_csr_vec_cuda_csr_transpose_expand_rows_STRAT_RATIO_80_MALLOC) (time = 0.173504 ms)
   CPU Part: 191.588793 GFLOPS (time median: 0.073024 ms, 402704 rows, 6995290 nnz)
   GPU Part: 431.382509 GFLOPS (time median: 0.129728 ms, 1743148 rows, 27981196 nnz)
/local/pmpakos/SpMV-Research/benchmark_code/BENCH_HYBRID/../../validation_matrices/download_matrices/new_folder/packing-500x100x100-b050.mtx,72,2145852,2145852,34976486,34976486,1,2.000320,0.000167,0.000174,0.068595,403.177863,408.459896,0.000000,0.000000,Hybrid_CsrVec_cuda_csr_transpose_expand_rows,2145852,2145852,34976486,16251373036.674040,39786948.957131,10047,795.528544,0.067456,0.073024,3.796000,1312.028510,0.128576,0.129728,6.864992
Temps: Composite 25850 Composite 26850 Composite 43850 Sensor 1 40850  Sensor 2 43850  Composite 44850 Sensor 1 40850  Sensor 2 44850  asic 60000 asic 60000 
File: /local/pmpakos/SpMV-Research/benchmark_code/BENCH_HYBRID/../../validation_matrices/download_matrices/new_folder/GL7d18.mtx
------------------------
/local/pmpakos/SpMV-Research/benchmark_code/BENCH_HYBRID/../../validation_matrices/download_matrices/new_folder/GL7d18.mtx
GL7d18_spmv_hybrid_csr_vec_cuda_csr_transpose_expand_rows_STRAT_RATIO_80_MALLOC
max threads 72
time read: 0.059936
time coo to csr: 0.067321
Hybrid Matrix Partition (FIXED_RATIO):
   CPU Portion: 413835 rows (21.16%), 7118093 NNZs (20.00%)
   GPU Portion: 1541474 rows (78.84%), 28472447 NNZs (80.00%)
CPU needs 691741 elements (5.28 MB) instead of 11.82 MB 
VEC_LEN = 2
balance time = 1.552e-05
max_smem_per_block(bytes)=49152
multiproc_count=132
max_threads_per_block=1024
warp_size=32
max_threads_per_multiproc=2048
max_block_dim_x=1024
max_persistent_l2_cache=39321600
max_num_threads=270336
degree_max=75
nnz = 28472447, nnz_extended = 30552320 (padding 7.30)
num_threads=6110464, thread_block_size=128, num_thread_blocks=47738
balance time warps = 0.000364864
balance time threads = 0.00406221
Hybrid conversion times: Total = 0.429066 s, CPU = 0.000902528 s, GPU = 0.36177 s
time convert to format: 0.429076
Grid : {47738, 1, 1} blocks. Blocks : {128, 1, 1} threads.
Hybrid configuration: m_cpu is 413835 (3.16 MB) (non-explicit memory)
time warm up 0.242868
Grid : {47738, 1, 1} blocks. Blocks : {128, 1, 1} threads.
Hybrid configuration: m_cpu is 413835 (3.16 MB) (non-explicit memory)
number of loops = 3917
time iter: min=0.000435712, median=0.000456064, max=0.0684056
time iter cpu: min=0.296832, median=0.309536, max=68.2445
time iter gpu: min=0.242976, median=0.2464, max=6.77213
time iter gather: min=0.000114464, median=0.00013728, max=0.00322736
GFLOPS = 156.076954 (spmv_hybrid_csr_vec_cuda_csr_transpose_expand_rows_STRAT_RATIO_80_MALLOC) (time = 0.456064 ms)
   CPU Part: 45.992020 GFLOPS (time median: 0.309536 ms, 413835 rows, 7118093 nnz)
   GPU Part: 231.107526 GFLOPS (time median: 0.246400 ms, 1541474 rows, 28472447 nnz)
/local/pmpakos/SpMV-Research/benchmark_code/BENCH_HYBRID/../../validation_matrices/download_matrices/new_folder/GL7d18.mtx,72,1955309,1548650,35590540,35590540,0,2.000686,0.000436,0.000456,0.068406,156.076954,414.760323,0.000000,0.000000,Hybrid_CsrVec_cuda_csr_transpose_expand_rows,1955309,1548650,35590540,0.000000,0.000000,3917,1413.194752,0.296832,0.309536,68.244512,976.955392,0.242976,0.246400,6.772128
Temps: Composite 25850 Composite 26850 Composite 43850 Sensor 1 40850  Sensor 2 43850  Composite 44850 Sensor 1 40850  Sensor 2 44850  asic 60000 asic 60000 
File: /local/pmpakos/SpMV-Research/benchmark_code/BENCH_HYBRID/../../validation_matrices/download_matrices/new_folder/inline_1.mtx
------------------------
/local/pmpakos/SpMV-Research/benchmark_code/BENCH_HYBRID/../../validation_matrices/download_matrices/new_folder/inline_1.mtx
inline_1_spmv_hybrid_csr_vec_cuda_csr_transpose_expand_rows_STRAT_RATIO_80_MALLOC
max threads 72
time read: 0.063303
time coo to csr: 0.047022
Hybrid Matrix Partition (FIXED_RATIO):
   CPU Portion: 77898 rows (15.46%), 7363232 NNZs (20.00%)
   GPU Portion: 425814 rows (84.54%), 29453110 NNZs (80.00%)
CPU needs 255915 elements (1.95 MB) instead of 3.84 MB 
VEC_LEN = 2
balance time = 1.52e-05
max_smem_per_block(bytes)=49152
multiproc_count=132
max_threads_per_block=1024
warp_size=32
max_threads_per_multiproc=2048
max_block_dim_x=1024
max_persistent_l2_cache=39321600
max_num_threads=270336
degree_max=845
nnz = 29453110, nnz_extended = 30392960 (padding 3.19)
num_threads=6078592, thread_block_size=128, num_thread_blocks=47489
balance time warps = 0.000303712
balance time threads = 0.00362051
Hybrid conversion times: Total = 0.326158 s, CPU = 0.000899872 s, GPU = 0.27745 s
time convert to format: 0.326167
Grid : {47489, 1, 1} blocks. Blocks : {128, 1, 1} threads.
Hybrid configuration: m_cpu is 77898 (0.59 MB) (non-explicit memory)
time warm up 0.119069
Grid : {47489, 1, 1} blocks. Blocks : {128, 1, 1} threads.
Hybrid configuration: m_cpu is 77898 (0.59 MB) (non-explicit memory)
number of loops = 12319
time iter: min=0.000136512, median=0.000141024, max=0.0679149
time iter cpu: min=0.07056, median=0.07616, max=67.7436
time iter gpu: min=0.11056, median=0.111936, max=2.9009
time iter gather: min=1.84e-05, median=2.2464e-05, max=0.0677681
GFLOPS = 522.128744 (spmv_hybrid_csr_vec_cuda_csr_transpose_expand_rows_STRAT_RATIO_80_MALLOC) (time = 0.141024 ms)
   CPU Part: 193.362185 GFLOPS (time median: 0.076160 ms, 77898 rows, 7363232 nnz)
   GPU Part: 526.249093 GFLOPS (time median: 0.111936 ms, 425814 rows, 29453110 nnz)
/local/pmpakos/SpMV-Research/benchmark_code/BENCH_HYBRID/../../validation_matrices/download_matrices/new_folder/inline_1.mtx,72,503712,503712,36816342,36816342,1,2.000245,0.000137,0.000141,0.067915,522.128744,423.251110,0.000000,0.000000,Hybrid_CsrVec_cuda_csr_transpose_expand_rows,503712,503712,36816342,0.000000,0.000000,12319,1088.904512,0.070560,0.076160,67.743616,1385.870433,0.110560,0.111936,2.900896
Temps: Composite 25850 Composite 26850 Composite 43850 Sensor 1 40850  Sensor 2 43850  Composite 44850 Sensor 1 40850  Sensor 2 44850  asic 60000 asic 60000 
File: /local/pmpakos/SpMV-Research/benchmark_code/BENCH_HYBRID/../../validation_matrices/download_matrices/new_folder/sx-stackoverflow.mtx
------------------------
/local/pmpakos/SpMV-Research/benchmark_code/BENCH_HYBRID/../../validation_matrices/download_matrices/new_folder/sx-stackoverflow.mtx
sx-stackoverflow_spmv_hybrid_csr_vec_cuda_csr_transpose_expand_rows_STRAT_RATIO_80_MALLOC
max threads 72
time read: 0.057781
time coo to csr: 0.074579
Hybrid Matrix Partition (FIXED_RATIO):
   CPU Portion: 81921 rows (3.15%), 7245730 NNZs (20.00%)
   GPU Portion: 2520056 rows (96.85%), 28987720 NNZs (80.00%)
CPU needs 1092558 elements (8.34 MB) instead of 19.85 MB 
VEC_LEN = 2
balance time = 1.584e-05
max_smem_per_block(bytes)=49152
multiproc_count=132
max_threads_per_block=1024
warp_size=32
max_threads_per_multiproc=2048
max_block_dim_x=1024
max_persistent_l2_cache=39321600
max_num_threads=270336
degree_max=28170
nnz = 28987720, nnz_extended = 35203200 (padding 21.44)
num_threads=7040640, thread_block_size=128, num_thread_blocks=55005
balance time warps = 0.00044816
balance time threads = 0.00531533
Hybrid conversion times: Total = 0.474804 s, CPU = 0.000893376 s, GPU = 0.38086 s
time convert to format: 0.474814
Grid : {55005, 1, 1} blocks. Blocks : {128, 1, 1} threads.
Hybrid configuration: m_cpu is 81921 (0.63 MB) (non-explicit memory)
time warm up 0.298277
Grid : {55005, 1, 1} blocks. Blocks : {128, 1, 1} threads.
Hybrid configuration: m_cpu is 81921 (0.63 MB) (non-explicit memory)
number of loops = 3958
time iter: min=0.000428832, median=0.000436448, max=0.0701169
time iter cpu: min=0.279712, median=0.292128, max=69.9996
time iter gpu: min=0.310048, median=0.322272, max=9.70915
time iter gather: min=0.000101248, median=0.000105344, max=0.0692942
GFLOPS = 166.037879 (spmv_hybrid_csr_vec_cuda_csr_transpose_expand_rows_STRAT_RATIO_80_MALLOC) (time = 0.436448 ms)
   CPU Part: 49.606542 GFLOPS (time median: 0.292128 ms, 81921 rows, 7245730 nnz)
   GPU Part: 179.895987 GFLOPS (time median: 0.322272 ms, 2520056 rows, 28987720 nnz)
/local/pmpakos/SpMV-Research/benchmark_code/BENCH_HYBRID/../../validation_matrices/download_matrices/new_folder/sx-stackoverflow.mtx,72,2601977,2601977,36233450,36233450,0,2.000659,0.000429,0.000436,0.070117,166.037879,424.584686,0.000000,0.000000,Hybrid_CsrVec_cuda_csr_transpose_expand_rows,2601977,2601977,36233450,0.000000,0.000000,3958,1305.457696,0.279712,0.292128,69.999648,1289.220417,0.310048,0.322272,9.709152
Temps: Composite 24850 Composite 26850 Composite 43850 Sensor 1 40850  Sensor 2 43850  Composite 44850 Sensor 1 40850  Sensor 2 44850  asic 60000 asic 60000 
File: /local/pmpakos/SpMV-Research/benchmark_code/BENCH_HYBRID/../../validation_matrices/download_matrices/new_folder/PFlow_742.mtx
------------------------
/local/pmpakos/SpMV-Research/benchmark_code/BENCH_HYBRID/../../validation_matrices/download_matrices/new_folder/PFlow_742.mtx
PFlow_742_spmv_hybrid_csr_vec_cuda_csr_transpose_expand_rows_STRAT_RATIO_80_MALLOC
max threads 72
time read: 0.065670
time coo to csr: 0.043321
Hybrid Matrix Partition (FIXED_RATIO):
   CPU Portion: 137400 rows (18.50%), 7427675 NNZs (20.00%)
   GPU Portion: 605393 rows (81.50%), 29710786 NNZs (80.00%)
CPU needs 142771 elements (1.09 MB) instead of 5.67 MB 
VEC_LEN = 2
balance time = 1.568e-05
max_smem_per_block(bytes)=49152
multiproc_count=132
max_threads_per_block=1024
warp_size=32
max_threads_per_multiproc=2048
max_block_dim_x=1024
max_persistent_l2_cache=39321600
max_num_threads=270336
degree_max=140
nnz = 29710786, nnz_extended = 31877760 (padding 7.29)
num_threads=6375552, thread_block_size=128, num_thread_blocks=49809
balance time warps = 0.000344416
balance time threads = 0.00366838
Hybrid conversion times: Total = 0.329188 s, CPU = 0.00071872 s, GPU = 0.28029 s
time convert to format: 0.329198
Grid : {49809, 1, 1} blocks. Blocks : {128, 1, 1} threads.
Hybrid configuration: m_cpu is 137400 (1.05 MB) (non-explicit memory)
time warm up 0.125718
Grid : {49809, 1, 1} blocks. Blocks : {128, 1, 1} threads.
Hybrid configuration: m_cpu is 137400 (1.05 MB) (non-explicit memory)
number of loops = 13042
time iter: min=0.000133344, median=0.000134912, max=0.0699289
time iter cpu: min=0.061984, median=0.06784, max=69.6947
time iter gpu: min=0.116832, median=0.117952, max=3.57155
time iter gather: min=1.0016e-05, median=1.056e-05, max=0.00629965
GFLOPS = 550.558305 (spmv_hybrid_csr_vec_cuda_csr_transpose_expand_rows_STRAT_RATIO_80_MALLOC) (time = 0.134912 ms)
   CPU Part: 218.976268 GFLOPS (time median: 0.067840 ms, 137400 rows, 7427675 nnz)
   GPU Part: 503.777585 GFLOPS (time median: 0.117952 ms, 605393 rows, 29710786 nnz)
/local/pmpakos/SpMV-Research/benchmark_code/BENCH_HYBRID/../../validation_matrices/download_matrices/new_folder/PFlow_742.mtx,72,742793,742793,37138461,37138461,1,2.000246,0.000133,0.000135,0.069929,550.558305,427.849491,0.000000,0.000000,Hybrid_CsrVec_cuda_csr_transpose_expand_rows,742793,742793,37138461,0.000000,0.000000,13042,1072.834144,0.061984,0.067840,69.694720,1543.743938,0.116832,0.117952,3.571552
Temps: Composite 24850 Composite 26850 Composite 43850 Sensor 1 40850  Sensor 2 43850  Composite 44850 Sensor 1 40850  Sensor 2 44850  asic 60000 asic 60000 
File: /local/pmpakos/SpMV-Research/benchmark_code/BENCH_HYBRID/../../validation_matrices/download_matrices/new_folder/RM07R.mtx
------------------------
/local/pmpakos/SpMV-Research/benchmark_code/BENCH_HYBRID/../../validation_matrices/download_matrices/new_folder/RM07R.mtx
RM07R_spmv_hybrid_csr_vec_cuda_csr_transpose_expand_rows_STRAT_RATIO_80_MALLOC
max threads 72
time read: 0.133002
time coo to csr: 0.046371
Hybrid Matrix Partition (FIXED_RATIO):
   CPU Portion: 76339 rows (20.00%), 7492951 NNZs (20.00%)
   GPU Portion: 305350 rows (80.00%), 29972011 NNZs (80.00%)
CPU needs 123170 elements (0.94 MB) instead of 2.91 MB 
VEC_LEN = 2
balance time = 1.4816e-05
max_smem_per_block(bytes)=49152
multiproc_count=132
max_threads_per_block=1024
warp_size=32
max_threads_per_multiproc=2048
max_block_dim_x=1024
max_persistent_l2_cache=39321600
max_num_threads=270336
degree_max=295
nnz = 29972011, nnz_extended = 30326400 (padding 1.18)
num_threads=6065280, thread_block_size=128, num_thread_blocks=47385
balance time warps = 0.000296096
balance time threads = 0.00447853
Hybrid conversion times: Total = 0.409336 s, CPU = 0.000889536 s, GPU = 0.361321 s
time convert to format: 0.409346
Grid : {47385, 1, 1} blocks. Blocks : {128, 1, 1} threads.
Hybrid configuration: m_cpu is 76339 (0.58 MB) (non-explicit memory)
time warm up 0.116675
Grid : {47385, 1, 1} blocks. Blocks : {128, 1, 1} threads.
Hybrid configuration: m_cpu is 76339 (0.58 MB) (non-explicit memory)
number of loops = 13409
time iter: min=0.000128512, median=0.000130432, max=0.0713363
time iter cpu: min=0.065824, median=0.071104, max=71.3099
time iter gpu: min=0.108384, median=0.109408, max=2.37328
time iter gather: min=1.3152e-05, median=1.44e-05, max=0.068898
GFLOPS = 574.475006 (spmv_hybrid_csr_vec_cuda_csr_transpose_expand_rows_STRAT_RATIO_80_MALLOC) (time = 0.130432 ms)
   CPU Part: 210.760323 GFLOPS (time median: 0.071104 ms, 76339 rows, 7492951 nnz)
   GPU Part: 547.894329 GFLOPS (time median: 0.109408 ms, 305350 rows, 29972011 nnz)
/local/pmpakos/SpMV-Research/benchmark_code/BENCH_HYBRID/../../validation_matrices/download_matrices/new_folder/RM07R.mtx,72,381689,381689,37464962,37464962,0,2.000153,0.000129,0.000130,0.071336,574.475006,430.208496,0.000000,0.000000,Hybrid_CsrVec_cuda_csr_transpose_expand_rows,381689,381689,37464962,0.000000,0.000000,13409,1104.810048,0.065824,0.071104,71.309888,1471.256958,0.108384,0.109408,2.373280
Temps: Composite 24850 Composite 26850 Composite 43850 Sensor 1 40850  Sensor 2 43850  Composite 44850 Sensor 1 40850  Sensor 2 44850  asic 60000 asic 60000 
File: /local/pmpakos/SpMV-Research/benchmark_code/BENCH_HYBRID/../../validation_matrices/download_matrices/new_folder/GL7d19.mtx
------------------------
/local/pmpakos/SpMV-Research/benchmark_code/BENCH_HYBRID/../../validation_matrices/download_matrices/new_folder/GL7d19.mtx
GL7d19_spmv_hybrid_csr_vec_cuda_csr_transpose_expand_rows_STRAT_RATIO_80_MALLOC
max threads 72
time read: 0.062042
time coo to csr: 0.070562
Hybrid Matrix Partition (FIXED_RATIO):
   CPU Portion: 396965 rows (20.77%), 7464527 NNZs (20.00%)
   GPU Portion: 1514165 rows (79.23%), 29858198 NNZs (80.00%)
CPU needs 849847 elements (6.48 MB) instead of 14.92 MB 
VEC_LEN = 2
balance time = 1.616e-05
max_smem_per_block(bytes)=49152
multiproc_count=132
max_threads_per_block=1024
warp_size=32
max_threads_per_multiproc=2048
max_block_dim_x=1024
max_persistent_l2_cache=39321600
max_num_threads=270336
degree_max=125
nnz = 29858198, nnz_extended = 30427520 (padding 1.91)
num_threads=6085504, thread_block_size=128, num_thread_blocks=47543
balance time warps = 0.00035424
balance time threads = 0.00408736
Hybrid conversion times: Total = 0.358411 s, CPU = 0.000888544 s, GPU = 0.286499 s
time convert to format: 0.358423
Grid : {47543, 1, 1} blocks. Blocks : {128, 1, 1} threads.
Hybrid configuration: m_cpu is 396965 (3.03 MB) (non-explicit memory)
time warm up 0.255775
Grid : {47543, 1, 1} blocks. Blocks : {128, 1, 1} threads.
Hybrid configuration: m_cpu is 396965 (3.03 MB) (non-explicit memory)
number of loops = 3510
time iter: min=0.000504, median=0.000529088, max=0.0705376
time iter cpu: min=0.322752, median=0.344736, max=70.3256
time iter gpu: min=0.261728, median=0.271424, max=7.31491
time iter gather: min=0.000144448, median=0.000171584, max=0.00315155
GFLOPS = 141.083241 (spmv_hybrid_csr_vec_cuda_csr_transpose_expand_rows_STRAT_RATIO_80_MALLOC) (time = 0.529088 ms)
   CPU Part: 43.305759 GFLOPS (time median: 0.344736 ms, 396965 rows, 7464527 nnz)
   GPU Part: 220.011484 GFLOPS (time median: 0.271424 ms, 1514165 rows, 29858198 nnz)
/local/pmpakos/SpMV-Research/benchmark_code/BENCH_HYBRID/../../validation_matrices/download_matrices/new_folder/GL7d19.mtx,72,1911130,1955309,37322725,37322725,0,2.000675,0.000504,0.000529,0.070538,141.083241,434.415077,0.000000,0.000000,Hybrid_CsrVec_cuda_csr_transpose_expand_rows,1911130,1955309,37322725,0.000000,0.000000,3510,1334.826432,0.322752,0.344736,70.325632,962.012320,0.261728,0.271424,7.314912
Temps: Composite 24850 Composite 25850 Composite 43850 Sensor 1 40850  Sensor 2 43850  Composite 44850 Sensor 1 40850  Sensor 2 44850  asic 60000 asic 60000 
File: /local/pmpakos/SpMV-Research/benchmark_code/BENCH_HYBRID/../../validation_matrices/download_matrices/new_folder/wikipedia-20060925.mtx
------------------------
/local/pmpakos/SpMV-Research/benchmark_code/BENCH_HYBRID/../../validation_matrices/download_matrices/new_folder/wikipedia-20060925.mtx
wikipedia-20060925_spmv_hybrid_csr_vec_cuda_csr_transpose_expand_rows_STRAT_RATIO_80_MALLOC
max threads 72
time read: 0.047612
time coo to csr: 0.077404
Hybrid Matrix Partition (FIXED_RATIO):
   CPU Portion: 207334 rows (6.95%), 7453801 NNZs (20.00%)
   GPU Portion: 2776160 rows (93.05%), 29815295 NNZs (80.00%)
CPU needs 1114500 elements (8.50 MB) instead of 22.76 MB 
VEC_LEN = 2
balance time = 1.5712e-05
max_smem_per_block(bytes)=49152
multiproc_count=132
max_threads_per_block=1024
warp_size=32
max_threads_per_multiproc=2048
max_block_dim_x=1024
max_persistent_l2_cache=39321600
max_num_threads=270336
degree_max=5855
nnz = 29815295, nnz_extended = 37855360 (padding 26.97)
num_threads=7571072, thread_block_size=128, num_thread_blocks=59149
balance time warps = 0.000497216
balance time threads = 0.00571808
Hybrid conversion times: Total = 0.441728 s, CPU = 0.0442604 s, GPU = 0.306202 s
time convert to format: 0.441740
Grid : {59149, 1, 1} blocks. Blocks : {128, 1, 1} threads.
Hybrid configuration: m_cpu is 207334 (1.58 MB) (non-explicit memory)
time warm up 0.293127
Grid : {59149, 1, 1} blocks. Blocks : {128, 1, 1} threads.
Hybrid configuration: m_cpu is 207334 (1.58 MB) (non-explicit memory)
number of loops = 3937
time iter: min=0.000424, median=0.000434208, max=0.0694725
time iter cpu: min=0.239072, median=0.249952, max=6.28198
time iter gpu: min=0.303616, median=0.31888, max=11.7259
time iter gather: min=0.0001032, median=0.000106624, max=0.0691398
GFLOPS = 171.664714 (spmv_hybrid_csr_vec_cuda_csr_transpose_expand_rows_STRAT_RATIO_80_MALLOC) (time = 0.434208 ms)
   CPU Part: 59.641859 GFLOPS (time median: 0.249952 ms, 207334 rows, 7453801 nnz)
   GPU Part: 187.000099 GFLOPS (time median: 0.318880 ms, 2776160 rows, 29815295 nnz)
/local/pmpakos/SpMV-Research/benchmark_code/BENCH_HYBRID/../../validation_matrices/download_matrices/new_folder/wikipedia-20060925.mtx,72,2983494,2983494,37269096,37269096,0,2.000685,0.000424,0.000434,0.069473,171.664714,437.892086,0.000000,0.000000,Hybrid_CsrVec_cuda_csr_transpose_expand_rows,2983494,2983494,37269096,16251373036.674040,37112735.203887,3937,1026.368032,0.239072,0.249952,6.281984,1279.819840,0.303616,0.318880,11.725856
Temps: Composite 24850 Composite 25850 Composite 43850 Sensor 1 40850  Sensor 2 43850  Composite 44850 Sensor 1 40850  Sensor 2 44850  asic 60000 asic 60000 
File: /local/pmpakos/SpMV-Research/benchmark_code/BENCH_HYBRID/../../validation_matrices/download_matrices/new_folder/road_central.mtx
------------------------
/local/pmpakos/SpMV-Research/benchmark_code/BENCH_HYBRID/../../validation_matrices/download_matrices/new_folder/road_central.mtx
road_central_spmv_hybrid_csr_vec_cuda_csr_transpose_expand_rows_STRAT_RATIO_80_MALLOC
max threads 72
time read: 0.027107
time coo to csr: 0.063660
Hybrid Matrix Partition (FIXED_RATIO):
   CPU Portion: 2815793 rows (20.00%), 6773363 NNZs (20.00%)
   GPU Portion: 11266023 rows (80.00%), 27093463 NNZs (80.00%)
CPU needs 3167627 elements (24.17 MB) instead of 107.44 MB 
VEC_LEN = 2
balance time = 1.7344e-05
max_smem_per_block(bytes)=49152
multiproc_count=132
max_threads_per_block=1024
warp_size=32
max_threads_per_multiproc=2048
max_block_dim_x=1024
max_persistent_l2_cache=39321600
max_num_threads=270336
degree_max=8
nnz = 27093463, nnz_extended = 33514496 (padding 23.70)
num_threads=16757248, thread_block_size=128, num_thread_blocks=130916
balance time warps = 0.00267206
balance time threads = 0.0204964
Hybrid conversion times: Total = 0.572776 s, CPU = 0.000905664 s, GPU = 0.419715 s
time convert to format: 0.572787
Grid : {130916, 1, 1} blocks. Blocks : {128, 1, 1} threads.
Hybrid configuration: m_cpu is 2815793 (21.48 MB) (non-explicit memory)
time warm up 0.343333
Grid : {130916, 1, 1} blocks. Blocks : {128, 1, 1} threads.
Hybrid configuration: m_cpu is 2815793 (21.48 MB) (non-explicit memory)
number of loops = 2097
time iter: min=0.000764192, median=0.000800128, max=0.0714172
time iter cpu: min=0.4016, median=0.429184, max=71.0481
time iter gpu: min=0.348672, median=0.37392, max=26.5037
time iter gather: min=0.00032192, median=0.000351584, max=0.00762595
GFLOPS = 84.653520 (spmv_hybrid_csr_vec_cuda_csr_transpose_expand_rows_STRAT_RATIO_80_MALLOC) (time = 0.800128 ms)
   CPU Part: 31.563912 GFLOPS (time median: 0.429184 ms, 2815793 rows, 6773363 nnz)
   GPU Part: 144.915829 GFLOPS (time median: 0.373920 ms, 11266023 rows, 27093463 nnz)
/local/pmpakos/SpMV-Research/benchmark_code/BENCH_HYBRID/../../validation_matrices/download_matrices/new_folder/road_central.mtx,72,14081816,14081816,33866826,33866826,1,2.001204,0.000764,0.000800,0.071417,84.653520,441.292934,0.000000,0.000000,Hybrid_CsrVec_cuda_csr_transpose_expand_rows,14081816,14081816,33866826,0.000000,0.000000,2097,1138.404960,0.401600,0.429184,71.048128,847.377567,0.348672,0.373920,26.503712
Temps: Composite 24850 Composite 25850 Composite 43850 Sensor 1 40850  Sensor 2 43850  Composite 44850 Sensor 1 40850  Sensor 2 44850  asic 60000 asic 60000 
File: /local/pmpakos/SpMV-Research/benchmark_code/BENCH_HYBRID/../../validation_matrices/download_matrices/new_folder/dgreen.mtx
------------------------
/local/pmpakos/SpMV-Research/benchmark_code/BENCH_HYBRID/../../validation_matrices/download_matrices/new_folder/dgreen.mtx
dgreen_spmv_hybrid_csr_vec_cuda_csr_transpose_expand_rows_STRAT_RATIO_80_MALLOC
max threads 72
time read: 0.088293
time coo to csr: 0.066613
Hybrid Matrix Partition (FIXED_RATIO):
   CPU Portion: 271979 rows (22.65%), 7651937 NNZs (20.00%)
   GPU Portion: 928632 rows (77.35%), 30607940 NNZs (80.00%)
CPU needs 593085 elements (4.52 MB) instead of 9.16 MB 
VEC_LEN = 2
balance time = 1.6224e-05
max_smem_per_block(bytes)=49152
multiproc_count=132
max_threads_per_block=1024
warp_size=32
max_threads_per_multiproc=2048
max_block_dim_x=1024
max_persistent_l2_cache=39321600
max_num_threads=270336
degree_max=85
nnz = 30607940, nnz_extended = 32525440 (padding 6.26)
num_threads=6505088, thread_block_size=128, num_thread_blocks=50821
balance time warps = 0.000359296
balance time threads = 0.00396445
Hybrid conversion times: Total = 0.335815 s, CPU = 0.00088848 s, GPU = 0.278465 s
time convert to format: 0.335827
Grid : {50821, 1, 1} blocks. Blocks : {128, 1, 1} threads.
Hybrid configuration: m_cpu is 271979 (2.08 MB) (non-explicit memory)
time warm up 0.202699
Grid : {50821, 1, 1} blocks. Blocks : {128, 1, 1} threads.
Hybrid configuration: m_cpu is 271979 (2.08 MB) (non-explicit memory)
number of loops = 7270
time iter: min=0.00023248, median=0.000236608, max=0.0691163
time iter cpu: min=0.164128, median=0.178496, max=67.9426
time iter gpu: min=0.19824, median=0.201664, max=5.72077
time iter gather: min=2.6112e-05, median=2.8224e-05, max=0.0061472
GFLOPS = 323.403072 (spmv_hybrid_csr_vec_cuda_csr_transpose_expand_rows_STRAT_RATIO_80_MALLOC) (time = 0.236608 ms)
   CPU Part: 85.737910 GFLOPS (time median: 0.178496 ms, 271979 rows, 7651937 nnz)
   GPU Part: 303.553831 GFLOPS (time median: 0.201664 ms, 928632 rows, 30607940 nnz)
/local/pmpakos/SpMV-Research/benchmark_code/BENCH_HYBRID/../../validation_matrices/download_matrices/new_folder/dgreen.mtx,72,1200611,1200611,38259877,38259877,0,2.000267,0.000232,0.000237,0.069116,323.403072,442.429516,0.000000,0.000000,Hybrid_CsrVec_cuda_csr_transpose_expand_rows,1200611,1200611,38259877,0.000000,0.000000,7270,1451.284640,0.164128,0.178496,67.942592,1477.605919,0.198240,0.201664,5.720768
Temps: Composite 24850 Composite 25850 Composite 43850 Sensor 1 40850  Sensor 2 43850  Composite 44850 Sensor 1 40850  Sensor 2 44850  asic 60000 asic 60000 
File: /local/pmpakos/SpMV-Research/benchmark_code/BENCH_HYBRID/../../validation_matrices/download_matrices/new_folder/hugetrace-00010.mtx
------------------------
/local/pmpakos/SpMV-Research/benchmark_code/BENCH_HYBRID/../../validation_matrices/download_matrices/new_folder/hugetrace-00010.mtx
hugetrace-00010_spmv_hybrid_csr_vec_cuda_csr_transpose_expand_rows_STRAT_RATIO_80_MALLOC
max threads 72
time read: 0.028483
time coo to csr: 0.063329
Hybrid Matrix Partition (FIXED_RATIO):
   CPU Portion: 2411544 rows (20.00%), 7232869 NNZs (20.00%)
   GPU Portion: 9645897 rows (80.00%), 28931489 NNZs (80.00%)
CPU needs 3133757 elements (23.91 MB) instead of 91.99 MB 
VEC_LEN = 2
balance time = 2.3168e-05
max_smem_per_block(bytes)=49152
multiproc_count=132
max_threads_per_block=1024
warp_size=32
max_threads_per_multiproc=2048
max_block_dim_x=1024
max_persistent_l2_cache=39321600
max_num_threads=270336
degree_max=3
nnz = 28931489, nnz_extended = 28937856 (padding 0.02)
num_threads=9645952, thread_block_size=128, num_thread_blocks=75359
balance time warps = 0.000611488
balance time threads = 0.00753226
Hybrid conversion times: Total = 0.454175 s, CPU = 0.00384307 s, GPU = 0.33745 s
time convert to format: 0.454186
Grid : {75359, 1, 1} blocks. Blocks : {128, 1, 1} threads.
Hybrid configuration: m_cpu is 2411544 (18.40 MB) (non-explicit memory)
time warm up 0.271960
Grid : {75359, 1, 1} blocks. Blocks : {128, 1, 1} threads.
Hybrid configuration: m_cpu is 2411544 (18.40 MB) (non-explicit memory)
number of loops = 1924
time iter: min=0.000836672, median=0.000879776, max=0.0731535
time iter cpu: min=0.420864, median=0.440128, max=4.31277
time iter gpu: min=0.284384, median=0.298624, max=32.1631
time iter gather: min=0.000389728, median=0.000419072, max=0.0704625
GFLOPS = 82.212650 (spmv_hybrid_csr_vec_cuda_csr_transpose_expand_rows_STRAT_RATIO_80_MALLOC) (time = 0.879776 ms)
   CPU Part: 32.867116 GFLOPS (time median: 0.440128 ms, 2411544 rows, 7232869 nnz)
   GPU Part: 193.765325 GFLOPS (time median: 0.298624 ms, 9645897 rows, 28931489 nnz)
/local/pmpakos/SpMV-Research/benchmark_code/BENCH_HYBRID/../../validation_matrices/download_matrices/new_folder/hugetrace-00010.mtx,72,12057441,12057441,36164358,36164358,1,2.001127,0.000837,0.000880,0.073153,82.212650,459.863724,0.000000,0.000000,Hybrid_CsrVec_cuda_csr_transpose_expand_rows,12057441,12057441,36164358,0.000000,0.000000,1924,923.362144,0.420864,0.440128,4.312768,622.824672,0.284384,0.298624,32.163136
Temps: Composite 24850 Composite 25850 Composite 43850 Sensor 1 40850  Sensor 2 43850  Composite 44850 Sensor 1 40850  Sensor 2 44850  asic 60000 asic 60000 
File: /local/pmpakos/SpMV-Research/benchmark_code/BENCH_HYBRID/../../validation_matrices/download_matrices/new_folder/wikipedia-20061104.mtx
------------------------
/local/pmpakos/SpMV-Research/benchmark_code/BENCH_HYBRID/../../validation_matrices/download_matrices/new_folder/wikipedia-20061104.mtx
wikipedia-20061104_spmv_hybrid_csr_vec_cuda_csr_transpose_expand_rows_STRAT_RATIO_80_MALLOC
max threads 72
time read: 0.049595
time coo to csr: 0.080072
Hybrid Matrix Partition (FIXED_RATIO):
   CPU Portion: 217375 rows (6.90%), 7876548 NNZs (20.00%)
   GPU Portion: 2931065 rows (93.10%), 31506687 NNZs (80.00%)
CPU needs 1176084 elements (8.97 MB) instead of 24.02 MB 
VEC_LEN = 2
balance time = 1.552e-05
max_smem_per_block(bytes)=49152
multiproc_count=132
max_threads_per_block=1024
warp_size=32
max_threads_per_multiproc=2048
max_block_dim_x=1024
max_persistent_l2_cache=39321600
max_num_threads=270336
degree_max=5565
nnz = 31506687, nnz_extended = 40026880 (padding 27.04)
num_threads=8005376, thread_block_size=128, num_thread_blocks=62542
balance time warps = 0.000505216
balance time threads = 0.00612966
Hybrid conversion times: Total = 0.409595 s, CPU = 0.000932736 s, GPU = 0.311955 s
time convert to format: 0.409603
Grid : {62542, 1, 1} blocks. Blocks : {128, 1, 1} threads.
Hybrid configuration: m_cpu is 217375 (1.66 MB) (non-explicit memory)
time warm up 0.324928
Grid : {62542, 1, 1} blocks. Blocks : {128, 1, 1} threads.
Hybrid configuration: m_cpu is 217375 (1.66 MB) (non-explicit memory)
number of loops = 3702
time iter: min=0.000460032, median=0.000467296, max=0.0713089
time iter cpu: min=0.263488, median=0.27648, max=3.75837
time iter gpu: min=0.332224, median=0.343776, max=11.8227
time iter gather: min=0.000111104, median=0.00011488, max=0.0709475
GFLOPS = 168.557980 (spmv_hybrid_csr_vec_cuda_csr_transpose_expand_rows_STRAT_RATIO_80_MALLOC) (time = 0.467296 ms)
   CPU Part: 56.977344 GFLOPS (time median: 0.276480 ms, 217375 rows, 7876548 nnz)
   GPU Part: 183.297776 GFLOPS (time median: 0.343776 ms, 2931065 rows, 31506687 nnz)
/local/pmpakos/SpMV-Research/benchmark_code/BENCH_HYBRID/../../validation_matrices/download_matrices/new_folder/wikipedia-20061104.mtx,72,3148440,3148440,39383235,39383235,0,2.001958,0.000460,0.000467,0.071309,168.557980,462.715706,0.000000,0.000000,Hybrid_CsrVec_cuda_csr_transpose_expand_rows,3148440,3148440,39383235,16251373036.674040,35121723.404790,3702,1041.159296,0.263488,0.276480,3.758368,1299.648224,0.332224,0.343776,11.822688
Temps: Composite 24850 Composite 25850 Composite 43850 Sensor 1 40850  Sensor 2 43850  Composite 44850 Sensor 1 40850  Sensor 2 44850  asic 60000 asic 60000 
File: /local/pmpakos/SpMV-Research/benchmark_code/BENCH_HYBRID/../../validation_matrices/download_matrices/new_folder/Emilia_923.mtx
------------------------
/local/pmpakos/SpMV-Research/benchmark_code/BENCH_HYBRID/../../validation_matrices/download_matrices/new_folder/Emilia_923.mtx
Emilia_923_spmv_hybrid_csr_vec_cuda_csr_transpose_expand_rows_STRAT_RATIO_80_MALLOC
max threads 72
time read: 0.048340
time coo to csr: 0.048262
Hybrid Matrix Partition (FIXED_RATIO):
   CPU Portion: 185483 rows (20.09%), 8201034 NNZs (20.00%)
   GPU Portion: 737653 rows (79.91%), 32804172 NNZs (80.00%)
CPU needs 200154 elements (1.53 MB) instead of 7.04 MB 
VEC_LEN = 2
balance time = 1.5584e-05
max_smem_per_block(bytes)=49152
multiproc_count=132
max_threads_per_block=1024
warp_size=32
max_threads_per_multiproc=2048
max_block_dim_x=1024
max_persistent_l2_cache=39321600
max_num_threads=270336
degree_max=60
nnz = 32804172, nnz_extended = 33193600 (padding 1.19)
num_threads=6638720, thread_block_size=128, num_thread_blocks=51865
balance time warps = 0.000355616
balance time threads = 0.00414387
Hybrid conversion times: Total = 0.334382 s, CPU = 0.00096224 s, GPU = 0.279642 s
time convert to format: 0.334393
Grid : {51865, 1, 1} blocks. Blocks : {128, 1, 1} threads.
Hybrid configuration: m_cpu is 185483 (1.42 MB) (non-explicit memory)
time warm up 0.131024
Grid : {51865, 1, 1} blocks. Blocks : {128, 1, 1} threads.
Hybrid configuration: m_cpu is 185483 (1.42 MB) (non-explicit memory)
number of loops = 12367
time iter: min=0.000139104, median=0.000140896, max=0.0718376
time iter cpu: min=0.070112, median=0.088704, max=71.816
time iter gpu: min=0.12176, median=0.123008, max=5.28426
time iter gather: min=1.0272e-05, median=1.1328e-05, max=0.00570326
GFLOPS = 582.063451 (spmv_hybrid_csr_vec_cuda_csr_transpose_expand_rows_STRAT_RATIO_80_MALLOC) (time = 0.140896 ms)
   CPU Part: 184.907873 GFLOPS (time median: 0.088704 ms, 185483 rows, 8201034 nnz)
   GPU Part: 533.366489 GFLOPS (time median: 0.123008 ms, 737653 rows, 32804172 nnz)
/local/pmpakos/SpMV-Research/benchmark_code/BENCH_HYBRID/../../validation_matrices/download_matrices/new_folder/Emilia_923.mtx,72,923136,923136,41005206,41005206,1,2.000239,0.000139,0.000141,0.071838,582.063451,472.788830,0.000000,0.000000,Hybrid_CsrVec_cuda_csr_transpose_expand_rows,923136,923136,41005206,0.000000,0.000000,12367,1285.886944,0.070112,0.088704,71.815968,1529.677921,0.121760,0.123008,5.284256
Temps: Composite 24850 Composite 25850 Composite 43850 Sensor 1 40850  Sensor 2 43850  Composite 44850 Sensor 1 40850  Sensor 2 44850  asic 60000 asic 60000 
File: /local/pmpakos/SpMV-Research/benchmark_code/BENCH_HYBRID/../../validation_matrices/download_matrices/new_folder/relat9.mtx
------------------------
/local/pmpakos/SpMV-Research/benchmark_code/BENCH_HYBRID/../../validation_matrices/download_matrices/new_folder/relat9.mtx
relat9_spmv_hybrid_csr_vec_cuda_csr_transpose_expand_rows_STRAT_RATIO_80_MALLOC
max threads 72
time read: 0.070153
time coo to csr: 0.075890
Hybrid Matrix Partition (FIXED_RATIO):
   CPU Portion: 1951321 rows (15.79%), 7791080 NNZs (20.00%)
   GPU Portion: 10408739 rows (84.21%), 31164340 NNZs (80.00%)
CPU needs 216779 elements (1.65 MB) instead of 4.19 MB 
VEC_LEN = 2
balance time = 1.728e-05
max_smem_per_block(bytes)=49152
multiproc_count=132
max_threads_per_block=1024
warp_size=32
max_threads_per_multiproc=2048
max_block_dim_x=1024
max_persistent_l2_cache=39321600
max_num_threads=270336
degree_max=6
nnz = 31164340, nnz_extended = 46723968 (padding 49.93)
num_threads=15574656, thread_block_size=128, num_thread_blocks=121677
balance time warps = 0.000915904
balance time threads = 0.0124679
Hybrid conversion times: Total = 0.434535 s, CPU = 0.000937952 s, GPU = 0.358862 s
time convert to format: 0.434547
Grid : {121677, 1, 1} blocks. Blocks : {128, 1, 1} threads.
Hybrid configuration: m_cpu is 1951321 (14.89 MB) (non-explicit memory)
time warm up 0.263734
Grid : {121677, 1, 1} blocks. Blocks : {128, 1, 1} threads.
Hybrid configuration: m_cpu is 1951321 (14.89 MB) (non-explicit memory)
number of loops = 5486
time iter: min=0.000303456, median=0.000320032, max=0.070022
time iter cpu: min=0.239136, median=0.29168, max=3.99331
time iter gpu: min=0.26944, median=0.28448, max=16.3519
time iter gather: min=1.4976e-05, median=1.6384e-05, max=0.0696998
GFLOPS = 243.447030 (spmv_hybrid_csr_vec_cuda_csr_transpose_expand_rows_STRAT_RATIO_80_MALLOC) (time = 0.320032 ms)
   CPU Part: 53.422106 GFLOPS (time median: 0.291680 ms, 1951321 rows, 7791080 nnz)
   GPU Part: 219.096874 GFLOPS (time median: 0.284480 ms, 10408739 rows, 31164340 nnz)
/local/pmpakos/SpMV-Research/benchmark_code/BENCH_HYBRID/../../validation_matrices/download_matrices/new_folder/relat9.mtx,72,12360060,549336,38955420,38955420,0,2.000444,0.000303,0.000320,0.070022,243.447030,492.959293,0.000000,0.000000,Hybrid_CsrVec_cuda_csr_transpose_expand_rows,12360060,549336,38955420,0.000000,0.000000,5486,1653.471616,0.239136,0.291680,3.993312,1641.608127,0.269440,0.284480,16.351871
Temps: Composite 24850 Composite 25850 Composite 43850 Sensor 1 40850  Sensor 2 43850  Composite 44850 Sensor 1 40850  Sensor 2 44850  asic 60000 asic 60000 
File: /local/pmpakos/SpMV-Research/benchmark_code/BENCH_HYBRID/../../validation_matrices/download_matrices/new_folder/Hardesty3.mtx
------------------------
/local/pmpakos/SpMV-Research/benchmark_code/BENCH_HYBRID/../../validation_matrices/download_matrices/new_folder/Hardesty3.mtx
Hardesty3_spmv_hybrid_csr_vec_cuda_csr_transpose_expand_rows_STRAT_RATIO_80_MALLOC
max threads 72
time read: 0.082855
time coo to csr: 0.044438
Hybrid Matrix Partition (FIXED_RATIO):
   CPU Portion: 1743979 rows (21.22%), 8090323 NNZs (20.00%)
   GPU Portion: 6473841 rows (78.78%), 32361309 NNZs (80.00%)
CPU needs 1263743 elements (9.64 MB) instead of 57.92 MB 
VEC_LEN = 2
balance time = 1.68e-05
max_smem_per_block(bytes)=49152
multiproc_count=132
max_threads_per_block=1024
warp_size=32
max_threads_per_multiproc=2048
max_block_dim_x=1024
max_persistent_l2_cache=39321600
max_num_threads=270336
degree_max=5
nnz = 32361309, nnz_extended = 32369280 (padding 0.02)
num_threads=6473856, thread_block_size=128, num_thread_blocks=50577
balance time warps = 0.000433696
balance time threads = 0.00471533
Hybrid conversion times: Total = 0.384839 s, CPU = 0.00086464 s, GPU = 0.302659 s
time convert to format: 0.384848
Grid : {50577, 1, 1} blocks. Blocks : {128, 1, 1} threads.
Hybrid configuration: m_cpu is 1743979 (13.31 MB) (non-explicit memory)
time warm up 0.189213
Grid : {50577, 1, 1} blocks. Blocks : {128, 1, 1} threads.
Hybrid configuration: m_cpu is 1743979 (13.31 MB) (non-explicit memory)
number of loops = 4209
time iter: min=0.00035744, median=0.000431232, max=0.068883
time iter cpu: min=0.22112, median=0.257728, max=68.6926
time iter gpu: min=0.186336, median=0.191904, max=19.0484
time iter gather: min=0.000115744, median=0.00016208, max=0.00386384
GFLOPS = 187.609602 (spmv_hybrid_csr_vec_cuda_csr_transpose_expand_rows_STRAT_RATIO_80_MALLOC) (time = 0.431232 ms)
   CPU Part: 62.781871 GFLOPS (time median: 0.257728 ms, 1743979 rows, 8090323 nnz)
   GPU Part: 337.265613 GFLOPS (time median: 0.191904 ms, 6473841 rows, 32361309 nnz)
/local/pmpakos/SpMV-Research/benchmark_code/BENCH_HYBRID/../../validation_matrices/download_matrices/new_folder/Hardesty3.mtx,72,8217820,7591564,40451632,40451632,0,2.000926,0.000357,0.000431,0.068883,187.609602,494.280689,0.000000,0.000000,Hybrid_CsrVec_cuda_csr_transpose_expand_rows,8217820,7591564,40451632,0.000000,0.000000,4209,1233.944064,0.221120,0.257728,68.692608,837.130337,0.186336,0.191904,19.048416
Temps: Composite 24850 Composite 25850 Composite 43850 Sensor 1 40850  Sensor 2 43850  Composite 44850 Sensor 1 40850  Sensor 2 44850  asic 60000 asic 60000 
File: /local/pmpakos/SpMV-Research/benchmark_code/BENCH_HYBRID/../../validation_matrices/download_matrices/new_folder/kron_g500-logn19.mtx
------------------------
/local/pmpakos/SpMV-Research/benchmark_code/BENCH_HYBRID/../../validation_matrices/download_matrices/new_folder/kron_g500-logn19.mtx
kron_g500-logn19_spmv_hybrid_csr_vec_cuda_csr_transpose_expand_rows_STRAT_RATIO_80_MALLOC
max threads 72
time read: 0.038610
time coo to csr: 0.078459
Hybrid Matrix Partition (FIXED_RATIO):
   CPU Portion: 103344 rows (19.71%), 8710670 NNZs (20.00%)
   GPU Portion: 420944 rows (80.29%), 34851595 NNZs (80.00%)
CPU needs 302628 elements (2.31 MB) instead of 4.00 MB 
VEC_LEN = 2
balance time = 2.1472e-05
max_smem_per_block(bytes)=49152
multiproc_count=132
max_threads_per_block=1024
warp_size=32
max_threads_per_multiproc=2048
max_block_dim_x=1024
max_persistent_l2_cache=39321600
max_num_threads=270336
degree_max=80675
nnz = 34851595, nnz_extended = 35610240 (padding 2.18)
num_threads=7122048, thread_block_size=128, num_thread_blocks=55641
balance time warps = 0.00036096
balance time threads = 0.0047025
Hybrid conversion times: Total = 0.444354 s, CPU = 0.000840896 s, GPU = 0.368056 s
time convert to format: 0.444366
Grid : {55641, 1, 1} blocks. Blocks : {128, 1, 1} threads.
Hybrid configuration: m_cpu is 103344 (0.79 MB) (non-explicit memory)
time warm up 0.249679
Grid : {55641, 1, 1} blocks. Blocks : {128, 1, 1} threads.
Hybrid configuration: m_cpu is 103344 (0.79 MB) (non-explicit memory)
number of loops = 5335
time iter: min=0.000306464, median=0.000322464, max=0.0686117
time iter cpu: min=0.270368, median=0.28544, max=68.575
time iter gpu: min=0.234848, median=0.242944, max=1.83715
time iter gather: min=2.1088e-05, median=2.2592e-05, max=0.0680209
GFLOPS = 270.183741 (spmv_hybrid_csr_vec_cuda_csr_transpose_expand_rows_STRAT_RATIO_80_MALLOC) (time = 0.322464 ms)
   CPU Part: 61.033282 GFLOPS (time median: 0.285440 ms, 103344 rows, 8710670 nnz)
   GPU Part: 286.910520 GFLOPS (time median: 0.242944 ms, 420944 rows, 34851595 nnz)
/local/pmpakos/SpMV-Research/benchmark_code/BENCH_HYBRID/../../validation_matrices/download_matrices/new_folder/kron_g500-logn19.mtx,72,524288,524288,43562265,43562265,1,2.000458,0.000306,0.000322,0.068612,270.183741,500.530563,0.000000,0.000000,Hybrid_CsrVec_cuda_csr_transpose_expand_rows,524288,524288,43562265,0.000000,0.000000,5335,1683.852096,0.270368,0.285440,68.574976,1291.731264,0.234848,0.242944,1.837152
Temps: Composite 24850 Composite 25850 Composite 43850 Sensor 1 40850  Sensor 2 43850  Composite 44850 Sensor 1 40850  Sensor 2 44850  asic 60000 asic 60000 
File: /local/pmpakos/SpMV-Research/benchmark_code/BENCH_HYBRID/../../validation_matrices/download_matrices/new_folder/mawi_201512012345.mtx
------------------------
/local/pmpakos/SpMV-Research/benchmark_code/BENCH_HYBRID/../../validation_matrices/download_matrices/new_folder/mawi_201512012345.mtx
mawi_201512012345_spmv_hybrid_csr_vec_cuda_csr_transpose_expand_rows_STRAT_RATIO_80_MALLOC
max threads 72
time read: 0.037963
time coo to csr: 0.331210
Hybrid Matrix Partition (FIXED_RATIO):
   CPU Portion: 5974827 rows (32.17%), 7608062 NNZs (20.00%)
   GPU Portion: 12596327 rows (67.83%), 30432258 NNZs (80.00%)
CPU needs 1254794 elements (9.57 MB) instead of 141.69 MB 
VEC_LEN = 2
balance time = 1.8432e-05
max_smem_per_block(bytes)=49152
multiproc_count=132
max_threads_per_block=1024
warp_size=32
max_threads_per_multiproc=2048
max_block_dim_x=1024
max_persistent_l2_cache=39321600
max_num_threads=270336
degree_max=16399896
nnz = 30432258, nnz_extended = 42936320 (padding 41.09)
num_threads=21468160, thread_block_size=128, num_thread_blocks=167720
balance time warps = 0.00576355
balance time threads = 0.0204734
Hybrid conversion times: Total = 0.604771 s, CPU = 0.0009984 s, GPU = 0.439953 s
time convert to format: 0.604782
Grid : {167720, 1, 1} blocks. Blocks : {128, 1, 1} threads.
Hybrid configuration: m_cpu is 5974827 (45.58 MB) (non-explicit memory)
time warm up 0.783878
Grid : {167720, 1, 1} blocks. Blocks : {128, 1, 1} threads.
Hybrid configuration: m_cpu is 5974827 (45.58 MB) (non-explicit memory)
number of loops = 1647
time iter: min=0.00097856, median=0.00101773, max=0.0717241
time iter cpu: min=0.503328, median=0.552096, max=70.9153
time iter gpu: min=0.724768, median=0.740384, max=25.8641
time iter gather: min=0.0002296, median=0.000267872, max=0.00642838
GFLOPS = 74.755377 (spmv_hybrid_csr_vec_cuda_csr_transpose_expand_rows_STRAT_RATIO_80_MALLOC) (time = 1.017728 ms)
   CPU Part: 27.560649 GFLOPS (time median: 0.552096 ms, 5974827 rows, 7608062 nnz)
   GPU Part: 82.206689 GFLOPS (time median: 0.740384 ms, 12596327 rows, 30432258 nnz)
/local/pmpakos/SpMV-Research/benchmark_code/BENCH_HYBRID/../../validation_matrices/download_matrices/new_folder/mawi_201512012345.mtx,72,18571154,18571154,38040320,38040320,1,2.001810,0.000979,0.001018,0.071724,74.755377,506.180248,0.000000,0.000000,Hybrid_CsrVec_cuda_csr_transpose_expand_rows,18571154,18571154,38040320,16251373036.674040,32105901.193344,1647,1092.311648,0.503328,0.552096,70.915296,1291.388670,0.724768,0.740384,25.864096
Temps: Composite 24850 Composite 25850 Composite 43850 Sensor 1 40850  Sensor 2 43850  Composite 44850 Sensor 1 40850  Sensor 2 44850  asic 60000 asic 60000 
File: /local/pmpakos/SpMV-Research/benchmark_code/BENCH_HYBRID/../../validation_matrices/download_matrices/new_folder/spal_004.mtx
------------------------
/local/pmpakos/SpMV-Research/benchmark_code/BENCH_HYBRID/../../validation_matrices/download_matrices/new_folder/spal_004.mtx
spal_004_spmv_hybrid_csr_vec_cuda_csr_transpose_expand_rows_STRAT_RATIO_80_MALLOC
max threads 72
time read: 0.113334
time coo to csr: 0.124202
Hybrid Matrix Partition (FIXED_RATIO):
   CPU Portion: 2056 rows (20.15%), 9231016 NNZs (19.99%)
   GPU Portion: 8147 rows (79.85%), 36937108 NNZs (80.01%)
CPU needs 321696 elements (2.45 MB) instead of 2.45 MB 
VEC_LEN = 2
balance time = 1.4144e-05
max_smem_per_block(bytes)=49152
multiproc_count=132
max_threads_per_block=1024
warp_size=32
max_threads_per_multiproc=2048
max_block_dim_x=1024
max_persistent_l2_cache=39321600
max_num_threads=270336
degree_max=6030
nnz = 36937108, nnz_extended = 36953600 (padding 0.04)
num_threads=7390720, thread_block_size=128, num_thread_blocks=57740
balance time warps = 0.000221536
balance time threads = 0.0023272
Hybrid conversion times: Total = 0.401022 s, CPU = 0.0591253 s, GPU = 0.27906 s
time convert to format: 0.401032
Grid : {57740, 1, 1} blocks. Blocks : {128, 1, 1} threads.
Hybrid configuration: m_cpu is 2056 (0.02 MB) (non-explicit memory)
time warm up 0.134903
Grid : {57740, 1, 1} blocks. Blocks : {128, 1, 1} threads.
Hybrid configuration: m_cpu is 2056 (0.02 MB) (non-explicit memory)
number of loops = 9415
time iter: min=0.000187456, median=0.000197344, max=0.068719
time iter cpu: min=0.161728, median=0.171264, max=68.6545
time iter gpu: min=0.128864, median=0.131232, max=1.42198
time iter gather: min=1.5808e-05, median=1.808e-05, max=0.00157626
GFLOPS = 467.894884 (spmv_hybrid_csr_vec_cuda_csr_transpose_expand_rows_STRAT_RATIO_80_MALLOC) (time = 0.197344 ms)
   CPU Part: 107.798673 GFLOPS (time median: 0.171264 ms, 2056 rows, 9231016 nnz)
   GPU Part: 562.928399 GFLOPS (time median: 0.131232 ms, 8147 rows, 36937108 nnz)
/local/pmpakos/SpMV-Research/benchmark_code/BENCH_HYBRID/../../validation_matrices/download_matrices/new_folder/spal_004.mtx,72,10203,321696,46168124,46168124,0,2.000210,0.000187,0.000197,0.068719,467.894884,528.391174,0.000000,0.000000,Hybrid_CsrVec_cuda_csr_transpose_expand_rows,10203,321696,46168124,0.000000,0.000000,9415,1745.414528,0.161728,0.171264,68.654528,1240.026368,0.128864,0.131232,1.421984
Temps: Composite 24850 Composite 25850 Composite 43850 Sensor 1 40850  Sensor 2 43850  Composite 44850 Sensor 1 40850  Sensor 2 44850  asic 60000 asic 60000 
File: /local/pmpakos/SpMV-Research/benchmark_code/BENCH_HYBRID/../../validation_matrices/download_matrices/new_folder/wikipedia-20070206.mtx
------------------------
/local/pmpakos/SpMV-Research/benchmark_code/BENCH_HYBRID/../../validation_matrices/download_matrices/new_folder/wikipedia-20070206.mtx
wikipedia-20070206_spmv_hybrid_csr_vec_cuda_csr_transpose_expand_rows_STRAT_RATIO_80_MALLOC
max threads 72
time read: 0.056408
time coo to csr: 0.089198
Hybrid Matrix Partition (FIXED_RATIO):
   CPU Portion: 244255 rows (6.85%), 9006040 NNZs (20.00%)
   GPU Portion: 3322652 rows (93.15%), 36024349 NNZs (80.00%)
CPU needs 1333734 elements (10.18 MB) instead of 27.21 MB 
VEC_LEN = 2
balance time = 1.5424e-05
max_smem_per_block(bytes)=49152
multiproc_count=132
max_threads_per_block=1024
warp_size=32
max_threads_per_multiproc=2048
max_block_dim_x=1024
max_persistent_l2_cache=39321600
max_num_threads=270336
degree_max=3885
nnz = 36024349, nnz_extended = 45725440 (padding 26.93)
num_threads=9145088, thread_block_size=128, num_thread_blocks=71446
balance time warps = 0.00254755
balance time threads = 0.00809731
Hybrid conversion times: Total = 0.489664 s, CPU = 0.000879808 s, GPU = 0.378346 s
time convert to format: 0.489675
Grid : {71446, 1, 1} blocks. Blocks : {128, 1, 1} threads.
Hybrid configuration: m_cpu is 244255 (1.86 MB) (non-explicit memory)
time warm up 0.386412
Grid : {71446, 1, 1} blocks. Blocks : {128, 1, 1} threads.
Hybrid configuration: m_cpu is 244255 (1.86 MB) (non-explicit memory)
number of loops = 3153
time iter: min=0.000537184, median=0.000546304, max=0.0686681
time iter cpu: min=0.3176, median=0.328032, max=68.2071
time iter gpu: min=0.388064, median=0.402144, max=11.083
time iter gather: min=0.000127872, median=0.000134528, max=0.0680104
GFLOPS = 164.854693 (spmv_hybrid_csr_vec_cuda_csr_transpose_expand_rows_STRAT_RATIO_80_MALLOC) (time = 0.546304 ms)
   CPU Part: 54.909521 GFLOPS (time median: 0.328032 ms, 244255 rows, 9006040 nnz)
   GPU Part: 179.161433 GFLOPS (time median: 0.402144 ms, 3322652 rows, 36024349 nnz)
/local/pmpakos/SpMV-Research/benchmark_code/BENCH_HYBRID/../../validation_matrices/download_matrices/new_folder/wikipedia-20070206.mtx,72,3566907,3566907,45030389,45030389,0,2.000569,0.000537,0.000546,0.068668,164.854693,528.938580,0.000000,0.000000,Hybrid_CsrVec_cuda_csr_transpose_expand_rows,3566907,3566907,45030389,16251373036.674040,30724499.336414,3153,1134.355168,0.317600,0.328032,68.207136,1281.400256,0.388064,0.402144,11.083040
Temps: Composite 24850 Composite 25850 Composite 43850 Sensor 1 40850  Sensor 2 43850  Composite 44850 Sensor 1 40850  Sensor 2 44850  asic 60000 asic 60000 
File: /local/pmpakos/SpMV-Research/benchmark_code/BENCH_HYBRID/../../validation_matrices/download_matrices/new_folder/ldoor.mtx
------------------------
/local/pmpakos/SpMV-Research/benchmark_code/BENCH_HYBRID/../../validation_matrices/download_matrices/new_folder/ldoor.mtx
ldoor_spmv_hybrid_csr_vec_cuda_csr_transpose_expand_rows_STRAT_RATIO_80_MALLOC
max threads 72
time read: 0.069215
time coo to csr: 0.052365
Hybrid Matrix Partition (FIXED_RATIO):
   CPU Portion: 185438 rows (19.47%), 9304459 NNZs (20.00%)
   GPU Portion: 766765 rows (80.53%), 37218016 NNZs (80.00%)
CPU needs 242823 elements (1.85 MB) instead of 7.26 MB 
VEC_LEN = 2
balance time = 1.4944e-05
max_smem_per_block(bytes)=49152
multiproc_count=132
max_threads_per_block=1024
warp_size=32
max_threads_per_multiproc=2048
max_block_dim_x=1024
max_persistent_l2_cache=39321600
max_num_threads=270336
degree_max=80
nnz = 37218016, nnz_extended = 38316160 (padding 2.95)
num_threads=7663232, thread_block_size=128, num_thread_blocks=59869
balance time warps = 0.0004088
balance time threads = 0.0046769
Hybrid conversion times: Total = 0.35541 s, CPU = 0.0010559 s, GPU = 0.292839 s
time convert to format: 0.355419
Grid : {59869, 1, 1} blocks. Blocks : {128, 1, 1} threads.
Hybrid configuration: m_cpu is 185438 (1.41 MB) (non-explicit memory)
time warm up 0.150237
Grid : {59869, 1, 1} blocks. Blocks : {128, 1, 1} threads.
Hybrid configuration: m_cpu is 185438 (1.41 MB) (non-explicit memory)
number of loops = 10315
time iter: min=0.000164416, median=0.000168288, max=0.0682629
time iter cpu: min=0.088672, median=0.097344, max=4.10589
time iter gpu: min=0.140736, median=0.142368, max=3.74656
time iter gather: min=1.5872e-05, median=1.9296e-05, max=0.0681106
GFLOPS = 552.891175 (spmv_hybrid_csr_vec_cuda_csr_transpose_expand_rows_STRAT_RATIO_80_MALLOC) (time = 0.168288 ms)
   CPU Part: 191.166564 GFLOPS (time median: 0.097344 ms, 185438 rows, 9304459 nnz)
   GPU Part: 522.842423 GFLOPS (time median: 0.142368 ms, 766765 rows, 37218016 nnz)
/local/pmpakos/SpMV-Research/benchmark_code/BENCH_HYBRID/../../validation_matrices/download_matrices/new_folder/ldoor.mtx,72,952203,952203,46522475,46522475,1,2.000199,0.000164,0.000168,0.068263,552.891175,536.039845,0.000000,0.000000,Hybrid_CsrVec_cuda_csr_transpose_expand_rows,952203,952203,46522475,0.000000,0.000000,10315,1102.298592,0.088672,0.097344,4.105888,1474.326782,0.140736,0.142368,3.746560
Temps: Composite 24850 Composite 25850 Composite 43850 Sensor 1 40850  Sensor 2 43850  Composite 44850 Sensor 1 40850  Sensor 2 44850  asic 60000 asic 60000 
File: /local/pmpakos/SpMV-Research/benchmark_code/BENCH_HYBRID/../../validation_matrices/download_matrices/new_folder/dielFilterV2real.mtx
------------------------
/local/pmpakos/SpMV-Research/benchmark_code/BENCH_HYBRID/../../validation_matrices/download_matrices/new_folder/dielFilterV2real.mtx
dielFilterV2real_spmv_hybrid_csr_vec_cuda_csr_transpose_expand_rows_STRAT_RATIO_80_MALLOC
max threads 72
time read: 0.092211
time coo to csr: 0.057531
Hybrid Matrix Partition (FIXED_RATIO):
   CPU Portion: 157820 rows (13.64%), 9707742 NNZs (20.00%)
   GPU Portion: 999636 rows (86.36%), 38831210 NNZs (80.00%)
CPU needs 877588 elements (6.70 MB) instead of 8.83 MB 
VEC_LEN = 2
balance time = 1.6e-05
max_smem_per_block(bytes)=49152
multiproc_count=132
max_threads_per_block=1024
warp_size=32
max_threads_per_multiproc=2048
max_block_dim_x=1024
max_persistent_l2_cache=39321600
max_num_threads=270336
degree_max=110
nnz = 38831210, nnz_extended = 41216640 (padding 6.14)
num_threads=8243328, thread_block_size=128, num_thread_blocks=64401
balance time warps = 0.000415552
balance time threads = 0.00508099
Hybrid conversion times: Total = 0.448347 s, CPU = 0.0010887 s, GPU = 0.382829 s
time convert to format: 0.448357
Grid : {64401, 1, 1} blocks. Blocks : {128, 1, 1} threads.
Hybrid configuration: m_cpu is 157820 (1.20 MB) (non-explicit memory)
time warm up 0.162129
Grid : {64401, 1, 1} blocks. Blocks : {128, 1, 1} threads.
Hybrid configuration: m_cpu is 157820 (1.20 MB) (non-explicit memory)
number of loops = 8838
time iter: min=0.000191808, median=0.00019536, max=0.0691322
time iter cpu: min=0.115648, median=0.13856, max=6.1823
time iter gpu: min=0.154176, median=0.156512, max=5.52688
time iter gather: min=2.9344e-05, median=3.2e-05, max=0.0689392
GFLOPS = 496.918018 (spmv_hybrid_csr_vec_cuda_csr_transpose_expand_rows_STRAT_RATIO_80_MALLOC) (time = 0.195360 ms)
   CPU Part: 140.123297 GFLOPS (time median: 0.138560 ms, 157820 rows, 9707742 nnz)
   GPU Part: 496.207425 GFLOPS (time median: 0.156512 ms, 999636 rows, 38831210 nnz)
/local/pmpakos/SpMV-Research/benchmark_code/BENCH_HYBRID/../../validation_matrices/download_matrices/new_folder/dielFilterV2real.mtx,72,1157456,1157456,48538952,48538952,1,2.000255,0.000192,0.000195,0.069132,496.918018,559.899570,0.000000,0.000000,Hybrid_CsrVec_cuda_csr_transpose_expand_rows,1157456,1157456,48538952,0.000000,0.000000,8838,1280.696864,0.115648,0.138560,6.182304,1390.333406,0.154176,0.156512,5.526880
Temps: Composite 24850 Composite 25850 Composite 43850 Sensor 1 40850  Sensor 2 43850  Composite 44850 Sensor 1 40850  Sensor 2 44850  asic 60000 asic 60000 
File: /local/pmpakos/SpMV-Research/benchmark_code/BENCH_HYBRID/../../validation_matrices/download_matrices/new_folder/delaunay_n23.mtx
------------------------
/local/pmpakos/SpMV-Research/benchmark_code/BENCH_HYBRID/../../validation_matrices/download_matrices/new_folder/delaunay_n23.mtx
delaunay_n23_spmv_hybrid_csr_vec_cuda_csr_transpose_expand_rows_STRAT_RATIO_80_MALLOC
max threads 72
time read: 0.039424
time coo to csr: 0.087284
Hybrid Matrix Partition (FIXED_RATIO):
   CPU Portion: 1677595 rows (20.00%), 10066308 NNZs (20.00%)
   GPU Portion: 6711013 rows (80.00%), 40265260 NNZs (80.00%)
CPU needs 5688806 elements (43.40 MB) instead of 64.00 MB 
VEC_LEN = 2
balance time = 1.7152e-05
max_smem_per_block(bytes)=49152
multiproc_count=132
max_threads_per_block=1024
warp_size=32
max_threads_per_multiproc=2048
max_block_dim_x=1024
max_persistent_l2_cache=39321600
max_num_threads=270336
degree_max=30
nnz = 40265260, nnz_extended = 54504320 (padding 35.36)
num_threads=10900864, thread_block_size=128, num_thread_blocks=85163
balance time warps = 0.000713792
balance time threads = 0.00870611
Hybrid conversion times: Total = 0.46841 s, CPU = 0.00109968 s, GPU = 0.341041 s
time convert to format: 0.468422
Grid : {85163, 1, 1} blocks. Blocks : {128, 1, 1} threads.
Hybrid configuration: m_cpu is 1677595 (12.80 MB) (non-explicit memory)
time warm up 0.276902
Grid : {85163, 1, 1} blocks. Blocks : {128, 1, 1} threads.
Hybrid configuration: m_cpu is 1677595 (12.80 MB) (non-explicit memory)
number of loops = 1778
time iter: min=0.000929504, median=0.000994784, max=0.0729675
time iter cpu: min=0.48912, median=0.544, max=69.1712
time iter gpu: min=0.2744, median=0.287552, max=22.7814
time iter gather: min=0.000402656, median=0.000430464, max=0.0615382
GFLOPS = 101.190948 (spmv_hybrid_csr_vec_cuda_csr_transpose_expand_rows_STRAT_RATIO_80_MALLOC) (time = 0.994784 ms)
   CPU Part: 37.008485 GFLOPS (time median: 0.544000 ms, 1677595 rows, 10066308 nnz)
   GPU Part: 280.055504 GFLOPS (time median: 0.287552 ms, 6711013 rows, 40265260 nnz)
/local/pmpakos/SpMV-Research/benchmark_code/BENCH_HYBRID/../../validation_matrices/download_matrices/new_folder/delaunay_n23.mtx,72,8388608,8388608,50331568,50331568,1,2.001786,0.000930,0.000995,0.072968,101.190948,607.999088,0.000000,0.000000,Hybrid_CsrVec_cuda_csr_transpose_expand_rows,8388608,8388608,50331568,0.000000,0.000000,1778,1070.758016,0.489120,0.544000,69.171168,533.894689,0.274400,0.287552,22.781441
Temps: Composite 24850 Composite 25850 Composite 43850 Sensor 1 40850  Sensor 2 43850  Composite 44850 Sensor 1 40850  Sensor 2 44850  asic 60000 asic 60000 
File: /local/pmpakos/SpMV-Research/benchmark_code/BENCH_HYBRID/../../validation_matrices/download_matrices/new_folder/af_shell10.mtx
------------------------
/local/pmpakos/SpMV-Research/benchmark_code/BENCH_HYBRID/../../validation_matrices/download_matrices/new_folder/af_shell10.mtx
af_shell10_spmv_hybrid_csr_vec_cuda_csr_transpose_expand_rows_STRAT_RATIO_80_MALLOC
max threads 72
time read: 0.075308
time coo to csr: 0.137087
Hybrid Matrix Partition (FIXED_RATIO):
   CPU Portion: 302063 rows (20.03%), 10534430 NNZs (20.00%)
   GPU Portion: 1206002 rows (79.97%), 42137895 NNZs (80.00%)
CPU needs 304695 elements (2.32 MB) instead of 11.51 MB 
VEC_LEN = 2
balance time = 3.8304e-05
max_smem_per_block(bytes)=49152
multiproc_count=132
max_threads_per_block=1024
warp_size=32
max_threads_per_multiproc=2048
max_block_dim_x=1024
max_persistent_l2_cache=39321600
max_num_threads=270336
degree_max=35
nnz = 42137895, nnz_extended = 42138240 (padding 0.00)
num_threads=8427648, thread_block_size=128, num_thread_blocks=65841
balance time warps = 0.00043616
balance time threads = 0.00524202
Hybrid conversion times: Total = 0.372427 s, CPU = 0.00155251 s, GPU = 0.30102 s
time convert to format: 0.372437
Grid : {65841, 1, 1} blocks. Blocks : {128, 1, 1} threads.
Hybrid configuration: m_cpu is 302063 (2.30 MB) (non-explicit memory)
time warm up 0.167988
Grid : {65841, 1, 1} blocks. Blocks : {128, 1, 1} threads.
Hybrid configuration: m_cpu is 302063 (2.30 MB) (non-explicit memory)
number of loops = 9735
time iter: min=0.000175552, median=0.000178592, max=0.0705287
time iter cpu: min=0.095232, median=0.104832, max=70.5079
time iter gpu: min=0.157696, median=0.159584, max=6.08784
time iter gather: min=1.1008e-05, median=1.2224e-05, max=0.0060199
GFLOPS = 589.862088 (spmv_hybrid_csr_vec_cuda_csr_transpose_expand_rows_STRAT_RATIO_80_MALLOC) (time = 0.178592 ms)
   CPU Part: 200.977373 GFLOPS (time median: 0.104832 ms, 302063 rows, 10534430 nnz)
   GPU Part: 528.096737 GFLOPS (time median: 0.159584 ms, 1206002 rows, 42137895 nnz)
/local/pmpakos/SpMV-Research/benchmark_code/BENCH_HYBRID/../../validation_matrices/download_matrices/new_folder/af_shell10.mtx,72,1508065,1508065,52672325,52672325,1,2.000191,0.000176,0.000179,0.070529,589.862088,608.539738,0.000000,0.000000,Hybrid_CsrVec_cuda_csr_transpose_expand_rows,1508065,1508065,52672325,0.000000,0.000000,9735,1256.114816,0.095232,0.104832,70.507872,1559.480961,0.157696,0.159584,6.087840
Temps: Composite 24850 Composite 25850 Composite 43850 Sensor 1 40850  Sensor 2 43850  Composite 44850 Sensor 1 40850  Sensor 2 44850  asic 60000 asic 60000 
File: /local/pmpakos/SpMV-Research/benchmark_code/BENCH_HYBRID/../../validation_matrices/download_matrices/new_folder/hugetrace-00020.mtx
------------------------
/local/pmpakos/SpMV-Research/benchmark_code/BENCH_HYBRID/../../validation_matrices/download_matrices/new_folder/hugetrace-00020.mtx
hugetrace-00020_spmv_hybrid_csr_vec_cuda_csr_transpose_expand_rows_STRAT_RATIO_80_MALLOC
max threads 72
time read: 0.036402
time coo to csr: 0.079993
Hybrid Matrix Partition (FIXED_RATIO):
   CPU Portion: 3200313 rows (20.00%), 9599524 NNZs (20.00%)
   GPU Portion: 12802100 rows (80.00%), 38398102 NNZs (80.00%)
CPU needs 4080846 elements (31.13 MB) instead of 122.09 MB 
VEC_LEN = 2
balance time = 1.8112e-05
max_smem_per_block(bytes)=49152
multiproc_count=132
max_threads_per_block=1024
warp_size=32
max_threads_per_multiproc=2048
max_block_dim_x=1024
max_persistent_l2_cache=39321600
max_num_threads=270336
degree_max=3
nnz = 38398102, nnz_extended = 38406528 (padding 0.02)
num_threads=12802176, thread_block_size=128, num_thread_blocks=100017
balance time warps = 0.000833056
balance time threads = 0.0100036
Hybrid conversion times: Total = 0.49715 s, CPU = 0.00114461 s, GPU = 0.340013 s
time convert to format: 0.497162
Grid : {100017, 1, 1} blocks. Blocks : {128, 1, 1} threads.
Hybrid configuration: m_cpu is 3200313 (24.42 MB) (non-explicit memory)
time warm up 0.396190
Grid : {100017, 1, 1} blocks. Blocks : {128, 1, 1} threads.
Hybrid configuration: m_cpu is 3200313 (24.42 MB) (non-explicit memory)
number of loops = 1383
time iter: min=0.00117533, median=0.00121955, max=0.0746592
time iter cpu: min=0.582464, median=0.604512, max=4.43862
time iter gpu: min=0.40688, median=0.423424, max=52.0823
time iter gather: min=0.000560608, median=0.000591552, max=0.0717487
GFLOPS = 78.713537 (spmv_hybrid_csr_vec_cuda_csr_transpose_expand_rows_STRAT_RATIO_80_MALLOC) (time = 1.219552 ms)
   CPU Part: 31.759581 GFLOPS (time median: 0.604512 ms, 3200313 rows, 9599524 nnz)
   GPU Part: 181.369509 GFLOPS (time median: 0.423424 ms, 12802100 rows, 38398102 nnz)
/local/pmpakos/SpMV-Research/benchmark_code/BENCH_HYBRID/../../validation_matrices/download_matrices/new_folder/hugetrace-00020.mtx,72,16002413,16002413,47997626,47997626,1,2.001416,0.001175,0.001220,0.074659,78.713537,610.333603,0.000000,0.000000,Hybrid_CsrVec_cuda_csr_transpose_expand_rows,16002413,16002413,47997626,0.000000,0.000000,1383,885.278688,0.582464,0.604512,4.438624,657.141341,0.406880,0.423424,52.082302
Temps: Composite 24850 Composite 25850 Composite 43850 Sensor 1 40850  Sensor 2 43850  Composite 44850 Sensor 1 40850  Sensor 2 44850  asic 60000 asic 60000 
File: /local/pmpakos/SpMV-Research/benchmark_code/BENCH_HYBRID/../../validation_matrices/download_matrices/new_folder/boneS10.mtx
------------------------
/local/pmpakos/SpMV-Research/benchmark_code/BENCH_HYBRID/../../validation_matrices/download_matrices/new_folder/boneS10.mtx
boneS10_spmv_hybrid_csr_vec_cuda_csr_transpose_expand_rows_STRAT_RATIO_80_MALLOC
max threads 72
time read: 0.062239
time coo to csr: 0.054310
Hybrid Matrix Partition (FIXED_RATIO):
   CPU Portion: 177130 rows (19.36%), 11093643 NNZs (20.00%)
   GPU Portion: 737768 rows (80.64%), 44374779 NNZs (80.00%)
CPU needs 184473 elements (1.41 MB) instead of 6.98 MB 
VEC_LEN = 2
balance time = 1.4816e-05
max_smem_per_block(bytes)=49152
multiproc_count=132
max_threads_per_block=1024
warp_size=32
max_threads_per_multiproc=2048
max_block_dim_x=1024
max_persistent_l2_cache=39321600
max_num_threads=270336
degree_max=85
nnz = 44374779, nnz_extended = 46428160 (padding 4.63)
num_threads=9285632, thread_block_size=128, num_thread_blocks=72544
balance time warps = 0.000479072
balance time threads = 0.00556454
Hybrid conversion times: Total = 0.379186 s, CPU = 0.00106298 s, GPU = 0.30633 s
time convert to format: 0.379197
Grid : {72544, 1, 1} blocks. Blocks : {128, 1, 1} threads.
Hybrid configuration: m_cpu is 177130 (1.35 MB) (non-explicit memory)
time warm up 0.174009
Grid : {72544, 1, 1} blocks. Blocks : {128, 1, 1} threads.
Hybrid configuration: m_cpu is 177130 (1.35 MB) (non-explicit memory)
number of loops = 9460
time iter: min=0.000180672, median=0.000183488, max=0.0680478
time iter cpu: min=0.101504, median=0.108928, max=68.021
time iter gpu: min=0.16384, median=0.165856, max=4.59555
time iter gather: min=1.0208e-05, median=1.0976e-05, max=0.00627693
GFLOPS = 604.599996 (spmv_hybrid_csr_vec_cuda_csr_transpose_expand_rows_STRAT_RATIO_80_MALLOC) (time = 0.183488 ms)
   CPU Part: 203.687629 GFLOPS (time median: 0.108928 ms, 177130 rows, 11093643 nnz)
   GPU Part: 535.100063 GFLOPS (time median: 0.165856 ms, 737768 rows, 44374779 nnz)
/local/pmpakos/SpMV-Research/benchmark_code/BENCH_HYBRID/../../validation_matrices/download_matrices/new_folder/boneS10.mtx,72,914898,914898,55468422,55468422,1,2.000312,0.000181,0.000183,0.068048,604.599996,638.275776,0.000000,0.000000,Hybrid_CsrVec_cuda_csr_transpose_expand_rows,914898,914898,55468422,0.000000,0.000000,9460,1240.568864,0.101504,0.108928,68.021024,1576.414976,0.163840,0.165856,4.595552
Temps: Composite 24850 Composite 25850 Composite 43850 Sensor 1 40850  Sensor 2 43850  Composite 44850 Sensor 1 40850  Sensor 2 44850  asic 60000 asic 60000 
File: /local/pmpakos/SpMV-Research/benchmark_code/BENCH_HYBRID/../../validation_matrices/download_matrices/new_folder/wb-edu.mtx
------------------------
/local/pmpakos/SpMV-Research/benchmark_code/BENCH_HYBRID/../../validation_matrices/download_matrices/new_folder/wb-edu.mtx
wb-edu_spmv_hybrid_csr_vec_cuda_csr_transpose_expand_rows_STRAT_RATIO_80_MALLOC
max threads 72
time read: 0.075365
time coo to csr: 0.056139
Hybrid Matrix Partition (FIXED_RATIO):
   CPU Portion: 2114721 rows (21.48%), 11431306 NNZs (20.00%)
   GPU Portion: 7731004 rows (78.52%), 45725231 NNZs (80.00%)
CPU needs 2029679 elements (15.49 MB) instead of 75.12 MB 
VEC_LEN = 2
balance time = 1.984e-05
max_smem_per_block(bytes)=49152
multiproc_count=132
max_threads_per_block=1024
warp_size=32
max_threads_per_multiproc=2048
max_block_dim_x=1024
max_persistent_l2_cache=39321600
max_num_threads=270336
degree_max=3395
nnz = 45725231, nnz_extended = 58961920 (padding 28.95)
num_threads=11792384, thread_block_size=128, num_thread_blocks=92128
balance time warps = 0.00076528
balance time threads = 0.00878653
Hybrid conversion times: Total = 0.571029 s, CPU = 0.0013664 s, GPU = 0.430466 s
time convert to format: 0.571041
Grid : {92128, 1, 1} blocks. Blocks : {128, 1, 1} threads.
Hybrid configuration: m_cpu is 2114721 (16.13 MB) (non-explicit memory)
time warm up 0.290663
Grid : {92128, 1, 1} blocks. Blocks : {128, 1, 1} threads.
Hybrid configuration: m_cpu is 2114721 (16.13 MB) (non-explicit memory)
number of loops = 2686
time iter: min=0.000583936, median=0.00063232, max=0.0722969
time iter cpu: min=0.305856, median=0.337504, max=3.81568
time iter gpu: min=0.286016, median=0.29616, max=26.7245
time iter gather: min=0.000244576, median=0.000281792, max=0.0713028
GFLOPS = 180.783581 (spmv_hybrid_csr_vec_cuda_csr_transpose_expand_rows_STRAT_RATIO_80_MALLOC) (time = 0.632320 ms)
   CPU Part: 67.740270 GFLOPS (time median: 0.337504 ms, 2114721 rows, 11431306 nnz)
   GPU Part: 308.787338 GFLOPS (time median: 0.296160 ms, 7731004 rows, 45725231 nnz)
/local/pmpakos/SpMV-Research/benchmark_code/BENCH_HYBRID/../../validation_matrices/download_matrices/new_folder/wb-edu.mtx,72,9845725,9845725,57156537,57156537,0,2.001181,0.000584,0.000632,0.072297,180.783581,691.663120,0.000000,0.000000,Hybrid_CsrVec_cuda_csr_transpose_expand_rows,9845725,9845725,57156537,0.000000,0.000000,2686,973.589120,0.305856,0.337504,3.815680,836.397728,0.286016,0.296160,26.724545
Temps: Composite 24850 Composite 25850 Composite 43850 Sensor 1 40850  Sensor 2 43850  Composite 44850 Sensor 1 40850  Sensor 2 44850  asic 60000 asic 60000 
File: /local/pmpakos/SpMV-Research/benchmark_code/BENCH_HYBRID/../../validation_matrices/download_matrices/new_folder/hugebubbles-00000.mtx
------------------------
/local/pmpakos/SpMV-Research/benchmark_code/BENCH_HYBRID/../../validation_matrices/download_matrices/new_folder/hugebubbles-00000.mtx
hugebubbles-00000_spmv_hybrid_csr_vec_cuda_csr_transpose_expand_rows_STRAT_RATIO_80_MALLOC
max threads 72
time read: 0.042133
time coo to csr: 0.095326
Hybrid Matrix Partition (FIXED_RATIO):
   CPU Portion: 3663685 rows (20.00%), 10988031 NNZs (20.00%)
   GPU Portion: 14654458 rows (80.00%), 43952131 NNZs (80.00%)
CPU needs 8780002 elements (66.99 MB) instead of 139.76 MB 
VEC_LEN = 2
balance time = 1.824e-05
max_smem_per_block(bytes)=49152
multiproc_count=132
max_threads_per_block=1024
warp_size=32
max_threads_per_multiproc=2048
max_block_dim_x=1024
max_persistent_l2_cache=39321600
max_num_threads=270336
degree_max=3
nnz = 43952131, nnz_extended = 43963392 (padding 0.03)
num_threads=14654464, thread_block_size=128, num_thread_blocks=114488
balance time warps = 0.00329341
balance time threads = 0.0181606
Hybrid conversion times: Total = 0.619394 s, CPU = 0.00141696 s, GPU = 0.425768 s
time convert to format: 0.619404
Grid : {114488, 1, 1} blocks. Blocks : {128, 1, 1} threads.
Hybrid configuration: m_cpu is 3663685 (27.95 MB) (non-explicit memory)
time warm up 0.373917
Grid : {114488, 1, 1} blocks. Blocks : {128, 1, 1} threads.
Hybrid configuration: m_cpu is 3663685 (27.95 MB) (non-explicit memory)
number of loops = 1156
time iter: min=0.00135296, median=0.00141994, max=0.0735625
time iter cpu: min=0.73968, median=0.788832, max=69.4439
time iter gpu: min=0.387584, median=0.404064, max=53.1048
time iter gather: min=0.000564672, median=0.000598624, max=0.068582
GFLOPS = 77.383998 (spmv_hybrid_csr_vec_cuda_csr_transpose_expand_rows_STRAT_RATIO_80_MALLOC) (time = 1.419936 ms)
   CPU Part: 27.858989 GFLOPS (time median: 0.788832 ms, 3663685 rows, 10988031 nnz)
   GPU Part: 217.550344 GFLOPS (time median: 0.404064 ms, 14654458 rows, 43952131 nnz)
/local/pmpakos/SpMV-Research/benchmark_code/BENCH_HYBRID/../../validation_matrices/download_matrices/new_folder/hugebubbles-00000.mtx,72,18318143,18318143,54940162,54940162,1,2.002668,0.001353,0.001420,0.073563,77.383998,698.618431,0.000000,0.000000,Hybrid_CsrVec_cuda_csr_transpose_expand_rows,18318143,18318143,54940162,16251373036.674040,23262159.017603,1156,1066.774528,0.739680,0.788832,69.443872,544.454430,0.387584,0.404064,53.104767
Temps: Composite 24850 Composite 25850 Composite 43850 Sensor 1 40850  Sensor 2 43850  Composite 44850 Sensor 1 40850  Sensor 2 44850  asic 60000 asic 60000 
File: /local/pmpakos/SpMV-Research/benchmark_code/BENCH_HYBRID/../../validation_matrices/download_matrices/new_folder/circuit5M.mtx
------------------------
/local/pmpakos/SpMV-Research/benchmark_code/BENCH_HYBRID/../../validation_matrices/download_matrices/new_folder/circuit5M.mtx
circuit5M_spmv_hybrid_csr_vec_cuda_csr_transpose_expand_rows_STRAT_RATIO_80_MALLOC
max threads 72
time read: 0.247638
time coo to csr: 0.160260
Hybrid Matrix Partition (FIXED_RATIO):
   CPU Portion: 326364 rows (5.87%), 11904806 NNZs (20.00%)
   GPU Portion: 5231962 rows (94.13%), 47619485 NNZs (80.00%)
CPU needs 5506035 elements (42.01 MB) instead of 42.41 MB 
VEC_LEN = 2
balance time = 2.672e-05
max_smem_per_block(bytes)=49152
multiproc_count=132
max_threads_per_block=1024
warp_size=32
max_threads_per_multiproc=2048
max_block_dim_x=1024
max_persistent_l2_cache=39321600
max_num_threads=270336
degree_max=1290505
nnz = 47619485, nnz_extended = 47739520 (padding 0.25)
num_threads=9547904, thread_block_size=128, num_thread_blocks=74593
balance time warps = 0.000572512
balance time threads = 0.00688445
Hybrid conversion times: Total = 0.562419 s, CPU = 0.00136992 s, GPU = 0.469026 s
time convert to format: 0.562429
Grid : {74593, 1, 1} blocks. Blocks : {128, 1, 1} threads.
Hybrid configuration: m_cpu is 326364 (2.49 MB) (non-explicit memory)
time warm up 0.283689
Grid : {74593, 1, 1} blocks. Blocks : {128, 1, 1} threads.
Hybrid configuration: m_cpu is 326364 (2.49 MB) (non-explicit memory)
number of loops = 3451
time iter: min=0.000472704, median=0.000497088, max=0.0707482
time iter cpu: min=0.268704, median=0.296512, max=70.5374
time iter gpu: min=0.276608, median=0.283456, max=18.4189
time iter gather: min=0.000174944, median=0.000186816, max=0.0592747
GFLOPS = 239.491965 (spmv_hybrid_csr_vec_cuda_csr_transpose_expand_rows_STRAT_RATIO_80_MALLOC) (time = 0.497088 ms)
   CPU Part: 80.298983 GFLOPS (time median: 0.296512 ms, 326364 rows, 11904806 nnz)
   GPU Part: 335.992079 GFLOPS (time median: 0.283456 ms, 5231962 rows, 47619485 nnz)
/local/pmpakos/SpMV-Research/benchmark_code/BENCH_HYBRID/../../validation_matrices/download_matrices/new_folder/circuit5M.mtx,72,5558326,5558326,59524291,59524291,0,2.000803,0.000473,0.000497,0.070748,239.491965,702.404785,0.000000,0.000000,Hybrid_CsrVec_cuda_csr_transpose_expand_rows,5558326,5558326,59524291,0.000000,0.000000,3451,1159.745216,0.268704,0.296512,70.537440,996.687871,0.276608,0.283456,18.418943
Temps: Composite 24850 Composite 25850 Composite 43850 Sensor 1 40850  Sensor 2 43850  Composite 44850 Sensor 1 40850  Sensor 2 44850  asic 60000 asic 60000 
File: /local/pmpakos/SpMV-Research/benchmark_code/BENCH_HYBRID/../../validation_matrices/download_matrices/new_folder/Hook_1498.mtx
------------------------
/local/pmpakos/SpMV-Research/benchmark_code/BENCH_HYBRID/../../validation_matrices/download_matrices/new_folder/Hook_1498.mtx
Hook_1498_spmv_hybrid_csr_vec_cuda_csr_transpose_expand_rows_STRAT_RATIO_80_MALLOC
max threads 72
time read: 0.090044
time coo to csr: 0.061039
Hybrid Matrix Partition (FIXED_RATIO):
   CPU Portion: 299571 rows (20.00%), 12183462 NNZs (20.00%)
   GPU Portion: 1198452 rows (80.00%), 48733983 NNZs (80.00%)
CPU needs 317283 elements (2.42 MB) instead of 11.43 MB 
VEC_LEN = 2
balance time = 1.68e-05
max_smem_per_block(bytes)=49152
multiproc_count=132
max_threads_per_block=1024
warp_size=32
max_threads_per_multiproc=2048
max_block_dim_x=1024
max_persistent_l2_cache=39321600
max_num_threads=270336
degree_max=95
nnz = 48733983, nnz_extended = 51448320 (padding 5.57)
num_threads=10289664, thread_block_size=128, num_thread_blocks=80388
balance time warps = 0.00054464
balance time threads = 0.00647722
Hybrid conversion times: Total = 0.401296 s, CPU = 0.00127018 s, GPU = 0.320037 s
time convert to format: 0.401307
Grid : {80388, 1, 1} blocks. Blocks : {128, 1, 1} threads.
Hybrid configuration: m_cpu is 299571 (2.29 MB) (non-explicit memory)
time warm up 0.198977
Grid : {80388, 1, 1} blocks. Blocks : {128, 1, 1} threads.
Hybrid configuration: m_cpu is 299571 (2.29 MB) (non-explicit memory)
number of loops = 8596
time iter: min=0.000206752, median=0.000209728, max=0.0686762
time iter cpu: min=0.11472, median=0.129056, max=6.14803
time iter gpu: min=0.187776, median=0.190176, max=5.61904
time iter gather: min=1.136e-05, median=1.2736e-05, max=0.068474
GFLOPS = 580.918571 (spmv_hybrid_csr_vec_cuda_csr_transpose_expand_rows_STRAT_RATIO_80_MALLOC) (time = 0.209728 ms)
   CPU Part: 188.808920 GFLOPS (time median: 0.129056 ms, 299571 rows, 12183462 nnz)
   GPU Part: 512.514557 GFLOPS (time median: 0.190176 ms, 1198452 rows, 48733983 nnz)
/local/pmpakos/SpMV-Research/benchmark_code/BENCH_HYBRID/../../validation_matrices/download_matrices/new_folder/Hook_1498.mtx,72,1498023,1498023,60917445,60917445,1,2.000220,0.000207,0.000210,0.068676,580.918571,702.859341,0.000000,0.000000,Hybrid_CsrVec_cuda_csr_transpose_expand_rows,1498023,1498023,60917445,0.000000,0.000000,8596,1177.486528,0.114720,0.129056,6.148032,1640.980000,0.187776,0.190176,5.619040
Temps: Composite 24850 Composite 25850 Composite 43850 Sensor 1 40850  Sensor 2 43850  Composite 44850 Sensor 1 40850  Sensor 2 44850  asic 60000 asic 60000 
File: /local/pmpakos/SpMV-Research/benchmark_code/BENCH_HYBRID/../../validation_matrices/download_matrices/new_folder/rgg_n_2_22_s0.mtx
------------------------
/local/pmpakos/SpMV-Research/benchmark_code/BENCH_HYBRID/../../validation_matrices/download_matrices/new_folder/rgg_n_2_22_s0.mtx
rgg_n_2_22_s0_spmv_hybrid_csr_vec_cuda_csr_transpose_expand_rows_STRAT_RATIO_80_MALLOC
max threads 72
time read: 0.045808
time coo to csr: 0.061589
Hybrid Matrix Partition (FIXED_RATIO):
   CPU Portion: 841067 rows (20.05%), 12143669 NNZs (20.00%)
   GPU Portion: 3353237 rows (79.95%), 48574727 NNZs (80.00%)
CPU needs 844212 elements (6.44 MB) instead of 32.00 MB 
VEC_LEN = 2
balance time = 0.00199462
max_smem_per_block(bytes)=49152
multiproc_count=132
max_threads_per_block=1024
warp_size=32
max_threads_per_multiproc=2048
max_block_dim_x=1024
max_persistent_l2_cache=39321600
max_num_threads=270336
degree_max=40
nnz = 48574727, nnz_extended = 55282560 (padding 13.81)
num_threads=11056512, thread_block_size=128, num_thread_blocks=86379
balance time warps = 0.000649888
balance time threads = 0.0079119
Hybrid conversion times: Total = 0.472221 s, CPU = 0.038669 s, GPU = 0.33423 s
time convert to format: 0.472232
Grid : {86379, 1, 1} blocks. Blocks : {128, 1, 1} threads.
Hybrid configuration: m_cpu is 841067 (6.42 MB) (non-explicit memory)
time warm up 0.287164
Grid : {86379, 1, 1} blocks. Blocks : {128, 1, 1} threads.
Hybrid configuration: m_cpu is 841067 (6.42 MB) (non-explicit memory)
number of loops = 5207
time iter: min=0.000318432, median=0.000330816, max=0.0687358
time iter cpu: min=0.183808, median=0.205856, max=68.5068
time iter gpu: min=0.276864, median=0.28288, max=17.5793
time iter gather: min=2.8128e-05, median=4.1024e-05, max=0.0684431
GFLOPS = 367.082584 (spmv_hybrid_csr_vec_cuda_csr_transpose_expand_rows_STRAT_RATIO_80_MALLOC) (time = 0.330816 ms)
   CPU Part: 117.982172 GFLOPS (time median: 0.205856 ms, 841067 rows, 12143669 nnz)
   GPU Part: 343.429904 GFLOPS (time median: 0.282880 ms, 3353237 rows, 48574727 nnz)
/local/pmpakos/SpMV-Research/benchmark_code/BENCH_HYBRID/../../validation_matrices/download_matrices/new_folder/rgg_n_2_22_s0.mtx,72,4194304,4194304,60718396,60718396,1,2.000387,0.000318,0.000331,0.068736,367.082584,710.866901,0.000000,0.000000,Hybrid_CsrVec_cuda_csr_transpose_expand_rows,4194304,4194304,60718396,0.000000,0.000000,5207,1204.432512,0.183808,0.205856,68.506752,1488.582335,0.276864,0.282880,17.579264
Temps: Composite 24850 Composite 25850 Composite 43850 Sensor 1 40850  Sensor 2 43850  Composite 44850 Sensor 1 41850  Sensor 2 44850  asic 60000 asic 60000 
File: /local/pmpakos/SpMV-Research/benchmark_code/BENCH_HYBRID/../../validation_matrices/download_matrices/new_folder/Geo_1438.mtx
------------------------
/local/pmpakos/SpMV-Research/benchmark_code/BENCH_HYBRID/../../validation_matrices/download_matrices/new_folder/Geo_1438.mtx
Geo_1438_spmv_hybrid_csr_vec_cuda_csr_transpose_expand_rows_STRAT_RATIO_80_MALLOC
max threads 72
time read: 0.086023
time coo to csr: 0.062795
Hybrid Matrix Partition (FIXED_RATIO):
   CPU Portion: 286486 rows (19.92%), 12631329 NNZs (20.00%)
   GPU Portion: 1151474 rows (80.08%), 50525361 NNZs (80.00%)
CPU needs 308886 elements (2.36 MB) instead of 10.97 MB 
VEC_LEN = 2
balance time = 1.7504e-05
max_smem_per_block(bytes)=49152
multiproc_count=132
max_threads_per_block=1024
warp_size=32
max_threads_per_multiproc=2048
max_block_dim_x=1024
max_persistent_l2_cache=39321600
max_num_threads=270336
degree_max=60
nnz = 50525361, nnz_extended = 51250560 (padding 1.44)
num_threads=10250112, thread_block_size=128, num_thread_blocks=80079
balance time warps = 0.00337126
balance time threads = 0.0067255
Hybrid conversion times: Total = 0.498371 s, CPU = 0.00132102 s, GPU = 0.415194 s
time convert to format: 0.498380
Grid : {80079, 1, 1} blocks. Blocks : {128, 1, 1} threads.
Hybrid configuration: m_cpu is 286486 (2.19 MB) (non-explicit memory)
time warm up 0.197253
Grid : {80079, 1, 1} blocks. Blocks : {128, 1, 1} threads.
Hybrid configuration: m_cpu is 286486 (2.19 MB) (non-explicit memory)
number of loops = 8691
time iter: min=0.0002056, median=0.000208832, max=0.0681327
time iter cpu: min=0.12064, median=0.135584, max=68.1081
time iter gpu: min=0.185632, median=0.188448, max=5.27632
time iter gather: min=1.232e-05, median=1.3504e-05, max=0.00653629
GFLOPS = 604.856440 (spmv_hybrid_csr_vec_cuda_csr_transpose_expand_rows_STRAT_RATIO_80_MALLOC) (time = 0.208832 ms)
   CPU Part: 186.324773 GFLOPS (time median: 0.135584 ms, 286486 rows, 12631329 nnz)
   GPU Part: 536.226034 GFLOPS (time median: 0.188448 ms, 1151474 rows, 50525361 nnz)
/local/pmpakos/SpMV-Research/benchmark_code/BENCH_HYBRID/../../validation_matrices/download_matrices/new_folder/Geo_1438.mtx,72,1437960,1437960,63156690,63156690,1,2.002146,0.000206,0.000209,0.068133,604.856440,728.256344,0.000000,0.000000,Hybrid_CsrVec_cuda_csr_transpose_expand_rows,1437960,1437960,63156690,0.000000,0.000000,8691,1322.125280,0.120640,0.135584,68.108064,1643.740799,0.185632,0.188448,5.276320
Temps: Composite 24850 Composite 25850 Composite 43850 Sensor 1 40850  Sensor 2 43850  Composite 44850 Sensor 1 40850  Sensor 2 44850  asic 60000 asic 60000 
File: /local/pmpakos/SpMV-Research/benchmark_code/BENCH_HYBRID/../../validation_matrices/download_matrices/new_folder/hugebubbles-00010.mtx
------------------------
/local/pmpakos/SpMV-Research/benchmark_code/BENCH_HYBRID/../../validation_matrices/download_matrices/new_folder/hugebubbles-00010.mtx
hugebubbles-00010_spmv_hybrid_csr_vec_cuda_csr_transpose_expand_rows_STRAT_RATIO_80_MALLOC
max threads 72
time read: 0.045955
time coo to csr: 0.105152
Hybrid Matrix Partition (FIXED_RATIO):
   CPU Portion: 3891600 rows (20.00%), 11671902 NNZs (20.00%)
   GPU Portion: 15566487 rows (80.00%), 46687626 NNZs (80.00%)
CPU needs 6598996 elements (50.35 MB) instead of 148.45 MB 
VEC_LEN = 2
balance time = 1.8624e-05
max_smem_per_block(bytes)=49152
multiproc_count=132
max_threads_per_block=1024
warp_size=32
max_threads_per_multiproc=2048
max_block_dim_x=1024
max_persistent_l2_cache=39321600
max_num_threads=270336
degree_max=3
nnz = 46687626, nnz_extended = 46699776 (padding 0.03)
num_threads=15566592, thread_block_size=128, num_thread_blocks=121614
balance time warps = 0.000958912
balance time threads = 0.0148571
Hybrid conversion times: Total = 0.579128 s, CPU = 0.00140838 s, GPU = 0.362954 s
time convert to format: 0.579140
Grid : {121614, 1, 1} blocks. Blocks : {128, 1, 1} threads.
Hybrid configuration: m_cpu is 3891600 (29.69 MB) (non-explicit memory)
time warm up 0.658442
Grid : {121614, 1, 1} blocks. Blocks : {128, 1, 1} threads.
Hybrid configuration: m_cpu is 3891600 (29.69 MB) (non-explicit memory)
number of loops = 911
time iter: min=0.00178618, median=0.00184429, max=0.074842
time iter cpu: min=0.829312, median=0.86576, max=5.21302
time iter gpu: min=0.607808, median=0.634048, max=61.791
time iter gather: min=0.00088416, median=0.00094768, max=0.0716739
GFLOPS = 63.286784 (spmv_hybrid_csr_vec_cuda_csr_transpose_expand_rows_STRAT_RATIO_80_MALLOC) (time = 1.844288 ms)
   CPU Part: 26.963366 GFLOPS (time median: 0.865760 ms, 3891600 rows, 11671902 nnz)
   GPU Part: 147.268431 GFLOPS (time median: 0.634048 ms, 15566487 rows, 46687626 nnz)
/local/pmpakos/SpMV-Research/benchmark_code/BENCH_HYBRID/../../validation_matrices/download_matrices/new_folder/hugebubbles-00010.mtx,72,19458087,19458087,58359528,58359528,1,2.002112,0.001786,0.001844,0.074842,63.286784,742.098511,0.000000,0.000000,Hybrid_CsrVec_cuda_csr_transpose_expand_rows,19458087,19458087,58359528,16251373036.674040,21899212.572763,911,851.670304,0.829312,0.865760,5.213024,655.549377,0.607808,0.634048,61.790977
Temps: Composite 24850 Composite 25850 Composite 43850 Sensor 1 40850  Sensor 2 43850  Composite 44850 Sensor 1 40850  Sensor 2 44850  asic 60000 asic 60000 
File: /local/pmpakos/SpMV-Research/benchmark_code/BENCH_HYBRID/../../validation_matrices/download_matrices/new_folder/Serena.mtx
------------------------
/local/pmpakos/SpMV-Research/benchmark_code/BENCH_HYBRID/../../validation_matrices/download_matrices/new_folder/Serena.mtx
Serena_spmv_hybrid_csr_vec_cuda_csr_transpose_expand_rows_STRAT_RATIO_80_MALLOC
max threads 72
time read: 0.087957
time coo to csr: 0.065313
Hybrid Matrix Partition (FIXED_RATIO):
   CPU Portion: 287810 rows (20.69%), 12906336 NNZs (20.00%)
   GPU Portion: 1103539 rows (79.31%), 51625365 NNZs (80.00%)
CPU needs 356340 elements (2.72 MB) instead of 10.62 MB 
VEC_LEN = 2
balance time = 1.6352e-05
max_smem_per_block(bytes)=49152
multiproc_count=132
max_threads_per_block=1024
warp_size=32
max_threads_per_multiproc=2048
max_block_dim_x=1024
max_persistent_l2_cache=39321600
max_num_threads=270336
degree_max=250
nnz = 51625365, nnz_extended = 53824000 (padding 4.26)
num_threads=10764800, thread_block_size=128, num_thread_blocks=84100
balance time warps = 0.000531744
balance time threads = 0.00653744
Hybrid conversion times: Total = 0.405197 s, CPU = 0.00127274 s, GPU = 0.319983 s
time convert to format: 0.405209
Grid : {84100, 1, 1} blocks. Blocks : {128, 1, 1} threads.
Hybrid configuration: m_cpu is 287810 (2.20 MB) (non-explicit memory)
time warm up 0.204839
Grid : {84100, 1, 1} blocks. Blocks : {128, 1, 1} threads.
Hybrid configuration: m_cpu is 287810 (2.20 MB) (non-explicit memory)
number of loops = 8325
time iter: min=0.000214816, median=0.000217728, max=0.0693742
time iter cpu: min=0.12848, median=0.145952, max=6.8457
time iter gpu: min=0.194752, median=0.197184, max=5.28691
time iter gather: min=1.2512e-05, median=1.376e-05, max=0.0691633
GFLOPS = 592.773562 (spmv_hybrid_csr_vec_cuda_csr_transpose_expand_rows_STRAT_RATIO_80_MALLOC) (time = 0.217728 ms)
   CPU Part: 176.857268 GFLOPS (time median: 0.145952 ms, 287810 rows, 12906336 nnz)
   GPU Part: 523.626318 GFLOPS (time median: 0.197184 ms, 1103539 rows, 51625365 nnz)
/local/pmpakos/SpMV-Research/benchmark_code/BENCH_HYBRID/../../validation_matrices/download_matrices/new_folder/Serena.mtx,72,1391349,1391349,64531701,64531701,1,2.000222,0.000215,0.000218,0.069374,592.773562,743.814289,0.000000,0.000000,Hybrid_CsrVec_cuda_csr_transpose_expand_rows,1391349,1391349,64531701,0.000000,0.000000,8325,1279.020448,0.128480,0.145952,6.845696,1647.906848,0.194752,0.197184,5.286912
Temps: Composite 24850 Composite 25850 Composite 43850 Sensor 1 40850  Sensor 2 43850  Composite 44850 Sensor 1 41850  Sensor 2 44850  asic 60000 asic 60000 
File: /local/pmpakos/SpMV-Research/benchmark_code/BENCH_HYBRID/../../validation_matrices/download_matrices/new_folder/GAP-road.mtx
------------------------
/local/pmpakos/SpMV-Research/benchmark_code/BENCH_HYBRID/../../validation_matrices/download_matrices/new_folder/GAP-road.mtx
GAP-road_spmv_hybrid_csr_vec_cuda_csr_transpose_expand_rows_STRAT_RATIO_80_MALLOC
max threads 72
time read: 0.061333
time coo to csr: 0.143934
Hybrid Matrix Partition (FIXED_RATIO):
   CPU Portion: 4759510 rows (19.87%), 11541723 NNZs (20.00%)
   GPU Portion: 19187837 rows (80.13%), 46166901 NNZs (80.00%)
CPU needs 4965041 elements (37.88 MB) instead of 182.70 MB 
VEC_LEN = 2
balance time = 1.9168e-05
max_smem_per_block(bytes)=49152
multiproc_count=132
max_threads_per_block=1024
warp_size=32
max_threads_per_multiproc=2048
max_block_dim_x=1024
max_persistent_l2_cache=39321600
max_num_threads=270336
degree_max=10
nnz = 46166901, nnz_extended = 57365760 (padding 24.26)
num_threads=28682880, thread_block_size=128, num_thread_blocks=224085
balance time warps = 0.00182422
balance time threads = 0.0247925
Hybrid conversion times: Total = 0.637152 s, CPU = 0.00133638 s, GPU = 0.399509 s
time convert to format: 0.637165
Grid : {224085, 1, 1} blocks. Blocks : {128, 1, 1} threads.
Hybrid configuration: m_cpu is 4759510 (36.31 MB) (non-explicit memory)
time warm up 0.558819
Grid : {224085, 1, 1} blocks. Blocks : {128, 1, 1} threads.
Hybrid configuration: m_cpu is 4759510 (36.31 MB) (non-explicit memory)
number of loops = 1806
time iter: min=0.000886272, median=0.00095936, max=0.0691832
time iter cpu: min=0.646432, median=0.70016, max=4.76954
time iter gpu: min=0.514688, median=0.542048, max=48.7381
time iter gather: min=0.000200992, median=0.000234208, max=0.0684459
GFLOPS = 120.306504 (spmv_hybrid_csr_vec_cuda_csr_transpose_expand_rows_STRAT_RATIO_80_MALLOC) (time = 0.959360 ms)
   CPU Part: 32.968816 GFLOPS (time median: 0.700160 ms, 4759510 rows, 11541723 nnz)
   GPU Part: 170.342490 GFLOPS (time median: 0.542048 ms, 19187837 rows, 46166901 nnz)
/local/pmpakos/SpMV-Research/benchmark_code/BENCH_HYBRID/../../validation_matrices/download_matrices/new_folder/GAP-road.mtx,72,23947347,23947347,57708624,57708624,1,2.002502,0.000886,0.000959,0.069183,120.306504,751.774673,0.000000,0.000000,Hybrid_CsrVec_cuda_csr_transpose_expand_rows,23947347,23947347,57708624,0.000000,0.000000,1806,1314.315776,0.646432,0.700160,4.769536,1059.792000,0.514688,0.542048,48.738113
Temps: Composite 24850 Composite 25850 Composite 43850 Sensor 1 40850  Sensor 2 43850  Composite 44850 Sensor 1 40850  Sensor 2 44850  asic 60000 asic 60000 
File: /local/pmpakos/SpMV-Research/benchmark_code/BENCH_HYBRID/../../validation_matrices/download_matrices/new_folder/road_usa.mtx
------------------------
/local/pmpakos/SpMV-Research/benchmark_code/BENCH_HYBRID/../../validation_matrices/download_matrices/new_folder/road_usa.mtx
road_usa_spmv_hybrid_csr_vec_cuda_csr_transpose_expand_rows_STRAT_RATIO_80_MALLOC
max threads 72
time read: 0.044271
time coo to csr: 0.074296
Hybrid Matrix Partition (FIXED_RATIO):
   CPU Portion: 4759510 rows (19.87%), 11541723 NNZs (20.00%)
   GPU Portion: 19187837 rows (80.13%), 46166901 NNZs (80.00%)
CPU needs 4965041 elements (37.88 MB) instead of 182.70 MB 
VEC_LEN = 2
balance time = 1.936e-05
max_smem_per_block(bytes)=49152
multiproc_count=132
max_threads_per_block=1024
warp_size=32
max_threads_per_multiproc=2048
max_block_dim_x=1024
max_persistent_l2_cache=39321600
max_num_threads=270336
degree_max=10
nnz = 46166901, nnz_extended = 57365760 (padding 24.26)
num_threads=28682880, thread_block_size=128, num_thread_blocks=224085
balance time warps = 0.00197776
balance time threads = 0.024746
Hybrid conversion times: Total = 0.634909 s, CPU = 0.00149898 s, GPU = 0.397818 s
time convert to format: 0.634919
Grid : {224085, 1, 1} blocks. Blocks : {128, 1, 1} threads.
Hybrid configuration: m_cpu is 4759510 (36.31 MB) (non-explicit memory)
time warm up 0.515266
Grid : {224085, 1, 1} blocks. Blocks : {128, 1, 1} threads.
Hybrid configuration: m_cpu is 4759510 (36.31 MB) (non-explicit memory)
number of loops = 1636
time iter: min=0.000857376, median=0.000959232, max=0.0712277
time iter cpu: min=0.64064, median=0.700352, max=70.5425
time iter gpu: min=0.51664, median=0.543616, max=64.4709
time iter gather: min=0.000189376, median=0.00022928, max=0.0695016
GFLOPS = 120.322558 (spmv_hybrid_csr_vec_cuda_csr_transpose_expand_rows_STRAT_RATIO_80_MALLOC) (time = 0.959232 ms)
   CPU Part: 32.959777 GFLOPS (time median: 0.700352 ms, 4759510 rows, 11541723 nnz)
   GPU Part: 169.851150 GFLOPS (time median: 0.543616 ms, 19187837 rows, 46166901 nnz)
/local/pmpakos/SpMV-Research/benchmark_code/BENCH_HYBRID/../../validation_matrices/download_matrices/new_folder/road_usa.mtx,72,23947347,23947347,57708624,57708624,1,2.001508,0.000857,0.000959,0.071228,120.322558,751.774673,0.000000,0.000000,Hybrid_CsrVec_cuda_csr_transpose_expand_rows,23947347,23947347,57708624,0.000000,0.000000,1636,1276.576512,0.640640,0.700352,70.542464,1043.044767,0.516640,0.543616,64.470879
Temps: Composite 24850 Composite 25850 Composite 43850 Sensor 1 40850  Sensor 2 43850  Composite 44850 Sensor 1 41850  Sensor 2 44850  asic 60000 asic 60000 
File: /local/pmpakos/SpMV-Research/benchmark_code/BENCH_HYBRID/../../validation_matrices/download_matrices/new_folder/vas_stokes_2M.mtx
------------------------
/local/pmpakos/SpMV-Research/benchmark_code/BENCH_HYBRID/../../validation_matrices/download_matrices/new_folder/vas_stokes_2M.mtx
vas_stokes_2M_spmv_hybrid_csr_vec_cuda_csr_transpose_expand_rows_STRAT_RATIO_80_MALLOC
max threads 72
time read: 0.162273
time coo to csr: 0.078971
Hybrid Matrix Partition (FIXED_RATIO):
   CPU Portion: 653476 rows (30.44%), 13025800 NNZs (20.00%)
   GPU Portion: 1493201 rows (69.56%), 52103237 NNZs (80.00%)
CPU needs 960819 elements (7.33 MB) instead of 16.38 MB 
VEC_LEN = 2
balance time = 1.7728e-05
max_smem_per_block(bytes)=49152
multiproc_count=132
max_threads_per_block=1024
warp_size=32
max_threads_per_multiproc=2048
max_block_dim_x=1024
max_persistent_l2_cache=39321600
max_num_threads=270336
degree_max=640
nnz = 52103237, nnz_extended = 55999360 (padding 7.48)
num_threads=11199872, thread_block_size=128, num_thread_blocks=87499
balance time warps = 0.000608
balance time threads = 0.00734032
Hybrid conversion times: Total = 0.422577 s, CPU = 0.00153133 s, GPU = 0.333677 s
time convert to format: 0.422588
Grid : {87499, 1, 1} blocks. Blocks : {128, 1, 1} threads.
Hybrid configuration: m_cpu is 653476 (4.99 MB) (non-explicit memory)
time warm up 0.223541
Grid : {87499, 1, 1} blocks. Blocks : {128, 1, 1} threads.
Hybrid configuration: m_cpu is 653476 (4.99 MB) (non-explicit memory)
number of loops = 3972
time iter: min=0.000430048, median=0.000457632, max=0.0701221
time iter cpu: min=0.192384, median=0.213856, max=69.8764
time iter gpu: min=0.217984, median=0.225728, max=8.00096
time iter gather: min=0.000194176, median=0.000222912, max=0.00413142
GFLOPS = 284.634977 (spmv_hybrid_csr_vec_cuda_csr_transpose_expand_rows_STRAT_RATIO_80_MALLOC) (time = 0.457632 ms)
   CPU Part: 121.818420 GFLOPS (time median: 0.213856 ms, 653476 rows, 13025800 nnz)
   GPU Part: 461.646192 GFLOPS (time median: 0.225728 ms, 1493201 rows, 52103237 nnz)
/local/pmpakos/SpMV-Research/benchmark_code/BENCH_HYBRID/../../validation_matrices/download_matrices/new_folder/vas_stokes_2M.mtx,72,2146677,2146677,65129037,65129037,0,2.000871,0.000430,0.000458,0.070122,284.634977,753.531605,0.000000,0.000000,Hybrid_CsrVec_cuda_csr_transpose_expand_rows,2146677,2146677,65129037,0.000000,0.000000,3972,1006.471200,0.192384,0.213856,69.876352,905.707807,0.217984,0.225728,8.000960
Temps: Composite 24850 Composite 25850 Composite 43850 Sensor 1 40850  Sensor 2 43850  Composite 44850 Sensor 1 40850  Sensor 2 44850  asic 60000 asic 60000 
File: /local/pmpakos/SpMV-Research/benchmark_code/BENCH_HYBRID/../../validation_matrices/download_matrices/new_folder/soc-LiveJournal1.mtx
------------------------
/local/pmpakos/SpMV-Research/benchmark_code/BENCH_HYBRID/../../validation_matrices/download_matrices/new_folder/soc-LiveJournal1.mtx
soc-LiveJournal1_spmv_hybrid_csr_vec_cuda_csr_transpose_expand_rows_STRAT_RATIO_80_MALLOC
max threads 72
time read: 0.161704
time coo to csr: 0.123590
Hybrid Matrix Partition (FIXED_RATIO):
   CPU Portion: 238149 rows (4.91%), 13798744 NNZs (20.00%)
   GPU Portion: 4609422 rows (95.09%), 55195029 NNZs (80.00%)
CPU needs 2085480 elements (15.91 MB) instead of 36.98 MB 
VEC_LEN = 2
balance time = 2.0512e-05
max_smem_per_block(bytes)=49152
multiproc_count=132
max_threads_per_block=1024
warp_size=32
max_threads_per_multiproc=2048
max_block_dim_x=1024
max_persistent_l2_cache=39321600
max_num_threads=270336
degree_max=2380
nnz = 55195029, nnz_extended = 65356800 (padding 18.41)
num_threads=13071360, thread_block_size=128, num_thread_blocks=102120
balance time warps = 0.000795936
balance time threads = 0.00955162
Hybrid conversion times: Total = 0.525054 s, CPU = 0.00134957 s, GPU = 0.365817 s
time convert to format: 0.525065
Grid : {102120, 1, 1} blocks. Blocks : {128, 1, 1} threads.
Hybrid configuration: m_cpu is 238149 (1.82 MB) (non-explicit memory)
time warm up 0.473193
Grid : {102120, 1, 1} blocks. Blocks : {128, 1, 1} threads.
Hybrid configuration: m_cpu is 238149 (1.82 MB) (non-explicit memory)
number of loops = 2278
time iter: min=0.000744512, median=0.00079312, max=0.0697182
time iter cpu: min=0.556992, median=0.582464, max=69.4944
time iter gpu: min=0.483328, median=0.496928, max=19.8362
time iter gather: min=0.000156256, median=0.000186176, max=0.00409536
GFLOPS = 173.980666 (spmv_hybrid_csr_vec_cuda_csr_transpose_expand_rows_STRAT_RATIO_80_MALLOC) (time = 0.793120 ms)
   CPU Part: 47.380590 GFLOPS (time median: 0.582464 ms, 238149 rows, 13798744 nnz)
   GPU Part: 222.144972 GFLOPS (time median: 0.496928 ms, 4609422 rows, 55195029 nnz)
/local/pmpakos/SpMV-Research/benchmark_code/BENCH_HYBRID/../../validation_matrices/download_matrices/new_folder/soc-LiveJournal1.mtx,72,4847571,4847571,68993773,68993773,0,2.000995,0.000745,0.000793,0.069718,173.980666,808.063091,0.000000,0.000000,Hybrid_CsrVec_cuda_csr_transpose_expand_rows,4847571,4847571,68993773,0.000000,0.000000,2278,1430.348512,0.556992,0.582464,69.494400,1156.213023,0.483328,0.496928,19.836191
Temps: Composite 24850 Composite 25850 Composite 43850 Sensor 1 40850  Sensor 2 43850  Composite 44850 Sensor 1 40850  Sensor 2 44850  asic 60000 asic 60000 
File: /local/pmpakos/SpMV-Research/benchmark_code/BENCH_HYBRID/../../validation_matrices/download_matrices/new_folder/hugebubbles-00020.mtx
------------------------
/local/pmpakos/SpMV-Research/benchmark_code/BENCH_HYBRID/../../validation_matrices/download_matrices/new_folder/hugebubbles-00020.mtx
hugebubbles-00020_spmv_hybrid_csr_vec_cuda_csr_transpose_expand_rows_STRAT_RATIO_80_MALLOC
max threads 72
time read: 0.059589
time coo to csr: 0.116036
Hybrid Matrix Partition (FIXED_RATIO):
   CPU Portion: 4239308 rows (20.00%), 12716068 NNZs (20.00%)
   GPU Portion: 16958811 rows (80.00%), 50864290 NNZs (80.00%)
CPU needs 7731375 elements (58.99 MB) instead of 161.73 MB 
VEC_LEN = 2
balance time = 1.8464e-05
max_smem_per_block(bytes)=49152
multiproc_count=132
max_threads_per_block=1024
warp_size=32
max_threads_per_multiproc=2048
max_block_dim_x=1024
max_persistent_l2_cache=39321600
max_num_threads=270336
degree_max=3
nnz = 50864290, nnz_extended = 50876544 (padding 0.02)
num_threads=16958848, thread_block_size=128, num_thread_blocks=132491
balance time warps = 0.00105638
balance time threads = 0.0185579
Hybrid conversion times: Total = 0.617622 s, CPU = 0.00149443 s, GPU = 0.369456 s
time convert to format: 0.617635
Grid : {132491, 1, 1} blocks. Blocks : {128, 1, 1} threads.
Hybrid configuration: m_cpu is 4239308 (32.34 MB) (non-explicit memory)
time warm up 0.643809
Grid : {132491, 1, 1} blocks. Blocks : {128, 1, 1} threads.
Hybrid configuration: m_cpu is 4239308 (32.34 MB) (non-explicit memory)
number of loops = 724
time iter: min=0.00211395, median=0.00221347, max=0.0809886
time iter cpu: min=1.04291, median=1.11469, max=4.68509
time iter gpu: min=0.650848, median=0.672544, max=76.1603
time iter gather: min=0.000993792, median=0.00107315, max=0.0717759
GFLOPS = 57.448532 (spmv_hybrid_csr_vec_cuda_csr_transpose_expand_rows_STRAT_RATIO_80_MALLOC) (time = 2.213472 ms)
   CPU Part: 22.815475 GFLOPS (time median: 1.114688 ms, 4239308 rows, 12716068 nnz)
   GPU Part: 151.259367 GFLOPS (time median: 0.672544 ms, 16958811 rows, 50864290 nnz)
/local/pmpakos/SpMV-Research/benchmark_code/BENCH_HYBRID/../../validation_matrices/download_matrices/new_folder/hugebubbles-00020.mtx,72,21198119,21198119,63580358,63580358,1,2.004263,0.002114,0.002213,0.080989,57.448532,808.483864,0.000000,0.000000,Hybrid_CsrVec_cuda_csr_transpose_expand_rows,21198119,21198119,63580358,16251373036.674040,20101048.102155,724,854.455872,1.042912,1.114688,4.685088,660.846755,0.650848,0.672544,76.160255
Temps: Composite 24850 Composite 25850 Composite 43850 Sensor 1 40850  Sensor 2 43850  Composite 44850 Sensor 1 40850  Sensor 2 44850  asic 60000 asic 60000 
File: /local/pmpakos/SpMV-Research/benchmark_code/BENCH_HYBRID/../../validation_matrices/download_matrices/new_folder/com-LiveJournal.mtx
------------------------
/local/pmpakos/SpMV-Research/benchmark_code/BENCH_HYBRID/../../validation_matrices/download_matrices/new_folder/com-LiveJournal.mtx
com-LiveJournal_spmv_hybrid_csr_vec_cuda_csr_transpose_expand_rows_STRAT_RATIO_80_MALLOC
max threads 72
time read: 0.048545
time coo to csr: 0.099876
Hybrid Matrix Partition (FIXED_RATIO):
   CPU Portion: 174389 rows (4.36%), 13872458 NNZs (20.00%)
   GPU Portion: 3823573 rows (95.64%), 55489920 NNZs (80.00%)
CPU needs 1328923 elements (10.14 MB) instead of 30.50 MB 
VEC_LEN = 2
balance time = 1.6768e-05
max_smem_per_block(bytes)=49152
multiproc_count=132
max_threads_per_block=1024
warp_size=32
max_threads_per_multiproc=2048
max_block_dim_x=1024
max_persistent_l2_cache=39321600
max_num_threads=270336
degree_max=2815
nnz = 55489920, nnz_extended = 64863360 (padding 16.89)
num_threads=12972672, thread_block_size=128, num_thread_blocks=101349
balance time warps = 0.000758976
balance time threads = 0.00919728
Hybrid conversion times: Total = 0.498365 s, CPU = 0.00151885 s, GPU = 0.353928 s
time convert to format: 0.498376
Grid : {101349, 1, 1} blocks. Blocks : {128, 1, 1} threads.
Hybrid configuration: m_cpu is 174389 (1.33 MB) (non-explicit memory)
time warm up 0.464025
Grid : {101349, 1, 1} blocks. Blocks : {128, 1, 1} threads.
Hybrid configuration: m_cpu is 174389 (1.33 MB) (non-explicit memory)
number of loops = 2122
time iter: min=0.00079184, median=0.000829824, max=0.0720336
time iter cpu: min=0.514816, median=0.543072, max=7.9343
time iter gpu: min=0.462592, median=0.483744, max=1.80442
time iter gather: min=0.000244096, median=0.000265056, max=0.0687984
GFLOPS = 167.173709 (spmv_hybrid_csr_vec_cuda_csr_transpose_expand_rows_STRAT_RATIO_80_MALLOC) (time = 0.829824 ms)
   CPU Part: 51.088835 GFLOPS (time median: 0.543072 ms, 174389 rows, 13872458 nnz)
   GPU Part: 229.418538 GFLOPS (time median: 0.483744 ms, 3823573 rows, 55489920 nnz)
/local/pmpakos/SpMV-Research/benchmark_code/BENCH_HYBRID/../../validation_matrices/download_matrices/new_folder/com-LiveJournal.mtx,72,3997962,3997962,69362378,69362378,1,2.001909,0.000792,0.000830,0.072034,167.173709,809.040440,0.000000,0.000000,Hybrid_CsrVec_cuda_csr_transpose_expand_rows,3997962,3997962,69362378,0.000000,0.000000,2122,1203.872448,0.514816,0.543072,7.934304,1028.941472,0.462592,0.483744,1.804416
Temps: Composite 24850 Composite 25850 Composite 43850 Sensor 1 40850  Sensor 2 43850  Composite 44850 Sensor 1 41850  Sensor 2 44850  asic 60000 asic 60000 
File: /local/pmpakos/SpMV-Research/benchmark_code/BENCH_HYBRID/../../validation_matrices/download_matrices/new_folder/bone010.mtx
------------------------
/local/pmpakos/SpMV-Research/benchmark_code/BENCH_HYBRID/../../validation_matrices/download_matrices/new_folder/bone010.mtx
bone010_spmv_hybrid_csr_vec_cuda_csr_transpose_expand_rows_STRAT_RATIO_80_MALLOC
max threads 72
time read: 0.086090
time coo to csr: 0.063707
Hybrid Matrix Partition (FIXED_RATIO):
   CPU Portion: 198255 rows (20.09%), 14333211 NNZs (20.00%)
   GPU Portion: 788448 rows (79.91%), 57333114 NNZs (80.00%)
CPU needs 209637 elements (1.60 MB) instead of 7.53 MB 
VEC_LEN = 2
balance time = 1.7184e-05
max_smem_per_block(bytes)=49152
multiproc_count=132
max_threads_per_block=1024
warp_size=32
max_threads_per_multiproc=2048
max_block_dim_x=1024
max_persistent_l2_cache=39321600
max_num_threads=270336
degree_max=85
nnz = 57333114, nnz_extended = 60060800 (padding 4.76)
num_threads=12012160, thread_block_size=128, num_thread_blocks=93845
balance time warps = 0.000573792
balance time threads = 0.00720054
Hybrid conversion times: Total = 0.424397 s, CPU = 0.00161981 s, GPU = 0.331099 s
time convert to format: 0.424408
Grid : {93845, 1, 1} blocks. Blocks : {128, 1, 1} threads.
Hybrid configuration: m_cpu is 198255 (1.51 MB) (non-explicit memory)
time warm up 0.221429
Grid : {93845, 1, 1} blocks. Blocks : {128, 1, 1} threads.
Hybrid configuration: m_cpu is 198255 (1.51 MB) (non-explicit memory)
number of loops = 7483
time iter: min=0.000228224, median=0.000231104, max=0.069194
time iter cpu: min=0.139968, median=0.152192, max=69.1709
time iter gpu: min=0.209536, median=0.21168, max=5.55286
time iter gather: min=1.1104e-05, median=1.2e-05, max=0.0062153
GFLOPS = 620.208434 (spmv_hybrid_csr_vec_cuda_csr_transpose_expand_rows_STRAT_RATIO_80_MALLOC) (time = 0.231104 ms)
   CPU Part: 188.356957 GFLOPS (time median: 0.152192 ms, 198255 rows, 14333211 nnz)
   GPU Part: 541.696101 GFLOPS (time median: 0.211680 ms, 788448 rows, 57333114 nnz)
/local/pmpakos/SpMV-Research/benchmark_code/BENCH_HYBRID/../../validation_matrices/download_matrices/new_folder/bone010.mtx,72,986703,986703,71666325,71666325,1,2.000407,0.000228,0.000231,0.069194,620.208434,823.919979,0.000000,0.000000,Hybrid_CsrVec_cuda_csr_transpose_expand_rows,986703,986703,71666325,0.000000,0.000000,7483,1356.508672,0.139968,0.152192,69.170944,1590.445408,0.209536,0.211680,5.552864
Temps: Composite 24850 Composite 25850 Composite 43850 Sensor 1 40850  Sensor 2 43850  Composite 44850 Sensor 1 41850  Sensor 2 44850  asic 60000 asic 60000 
File: /local/pmpakos/SpMV-Research/benchmark_code/BENCH_HYBRID/../../validation_matrices/download_matrices/new_folder/audikw_1.mtx
------------------------
/local/pmpakos/SpMV-Research/benchmark_code/BENCH_HYBRID/../../validation_matrices/download_matrices/new_folder/audikw_1.mtx
audikw_1_spmv_hybrid_csr_vec_cuda_csr_transpose_expand_rows_STRAT_RATIO_80_MALLOC
max threads 72
time read: 0.126179
time coo to csr: 0.079257
Hybrid Matrix Partition (FIXED_RATIO):
   CPU Portion: 88423 rows (9.37%), 15530235 NNZs (20.00%)
   GPU Portion: 855272 rows (90.63%), 62121612 NNZs (80.00%)
CPU needs 713085 elements (5.44 MB) instead of 7.20 MB 
VEC_LEN = 2
balance time = 1.6064e-05
max_smem_per_block(bytes)=49152
multiproc_count=132
max_threads_per_block=1024
warp_size=32
max_threads_per_multiproc=2048
max_block_dim_x=1024
max_persistent_l2_cache=39321600
max_num_threads=270336
degree_max=315
nnz = 62121612, nnz_extended = 64058880 (padding 3.12)
num_threads=12811776, thread_block_size=128, num_thread_blocks=100092
balance time warps = 0.000621408
balance time threads = 0.00771302
Hybrid conversion times: Total = 0.478213 s, CPU = 0.00176349 s, GPU = 0.376052 s
time convert to format: 0.478224
Grid : {100092, 1, 1} blocks. Blocks : {128, 1, 1} threads.
Hybrid configuration: m_cpu is 88423 (0.67 MB) (non-explicit memory)
time warm up 0.237400
Grid : {100092, 1, 1} blocks. Blocks : {128, 1, 1} threads.
Hybrid configuration: m_cpu is 88423 (0.67 MB) (non-explicit memory)
number of loops = 6071
time iter: min=0.000272512, median=0.000278592, max=0.0694781
time iter cpu: min=0.209152, median=0.22272, max=69.4274
time iter gpu: min=0.228576, median=0.231872, max=4.57722
time iter gather: min=3.4656e-05, median=3.7952e-05, max=0.00359584
GFLOPS = 557.459274 (spmv_hybrid_csr_vec_cuda_csr_transpose_expand_rows_STRAT_RATIO_80_MALLOC) (time = 0.278592 ms)
   CPU Part: 139.459725 GFLOPS (time median: 0.222720 ms, 88423 rows, 15530235 nnz)
   GPU Part: 535.826750 GFLOPS (time median: 0.231872 ms, 855272 rows, 62121612 nnz)
/local/pmpakos/SpMV-Research/benchmark_code/BENCH_HYBRID/../../validation_matrices/download_matrices/new_folder/audikw_1.mtx,72,943695,943695,77651847,77651847,1,2.000330,0.000273,0.000279,0.069478,557.459274,892.254780,0.000000,0.000000,Hybrid_CsrVec_cuda_csr_transpose_expand_rows,943695,943695,77651847,0.000000,0.000000,6071,1604.358208,0.209152,0.222720,69.427360,1413.936896,0.228576,0.231872,4.577216
Temps: Composite 24850 Composite 25850 Composite 43850 Sensor 1 40850  Sensor 2 43850  Composite 44850 Sensor 1 40850  Sensor 2 44850  asic 60000 asic 60000 
File: /local/pmpakos/SpMV-Research/benchmark_code/BENCH_HYBRID/../../validation_matrices/download_matrices/new_folder/ljournal-2008.mtx
------------------------
/local/pmpakos/SpMV-Research/benchmark_code/BENCH_HYBRID/../../validation_matrices/download_matrices/new_folder/ljournal-2008.mtx
ljournal-2008_spmv_hybrid_csr_vec_cuda_csr_transpose_expand_rows_STRAT_RATIO_80_MALLOC
max threads 72
time read: 0.101534
time coo to csr: 0.127486
Hybrid Matrix Partition (FIXED_RATIO):
   CPU Portion: 1112672 rows (20.75%), 15804627 NNZs (20.00%)
   GPU Portion: 4250588 rows (79.25%), 63218515 NNZs (80.00%)
CPU needs 1847569 elements (14.10 MB) instead of 40.92 MB 
VEC_LEN = 2
balance time = 1.8976e-05
max_smem_per_block(bytes)=49152
multiproc_count=132
max_threads_per_block=1024
warp_size=32
max_threads_per_multiproc=2048
max_block_dim_x=1024
max_persistent_l2_cache=39321600
max_num_threads=270336
degree_max=2470
nnz = 63218515, nnz_extended = 72691200 (padding 14.98)
num_threads=14538240, thread_block_size=128, num_thread_blocks=113580
balance time warps = 0.00433981
balance time threads = 0.014994
Hybrid conversion times: Total = 0.594155 s, CPU = 0.00174662 s, GPU = 0.419604 s
time convert to format: 0.594165
Grid : {113580, 1, 1} blocks. Blocks : {128, 1, 1} threads.
Hybrid configuration: m_cpu is 1112672 (8.49 MB) (non-explicit memory)
time warm up 0.443448
Grid : {113580, 1, 1} blocks. Blocks : {128, 1, 1} threads.
Hybrid configuration: m_cpu is 1112672 (8.49 MB) (non-explicit memory)
number of loops = 2329
time iter: min=0.000689088, median=0.000730336, max=0.0702262
time iter cpu: min=0.4512, median=0.481184, max=68.6479
time iter gpu: min=0.446272, median=0.457568, max=14.9498
time iter gather: min=0.000202528, median=0.000231712, max=0.0697072
GFLOPS = 216.402155 (spmv_hybrid_csr_vec_cuda_csr_transpose_expand_rows_STRAT_RATIO_80_MALLOC) (time = 0.730336 ms)
   CPU Part: 65.690576 GFLOPS (time median: 0.481184 ms, 1112672 rows, 15804627 nnz)
   GPU Part: 276.324028 GFLOPS (time median: 0.457568 ms, 4250588 rows, 63218515 nnz)
/local/pmpakos/SpMV-Research/benchmark_code/BENCH_HYBRID/../../validation_matrices/download_matrices/new_folder/ljournal-2008.mtx,72,5363260,5363260,79023142,79023142,0,2.001025,0.000689,0.000730,0.070226,216.402155,924.807308,0.000000,0.000000,Hybrid_CsrVec_cuda_csr_transpose_expand_rows,5363260,5363260,79023142,0.000000,0.000000,2329,1279.180064,0.451200,0.481184,68.647872,1081.885440,0.446272,0.457568,14.949824
Temps: Composite 24850 Composite 25850 Composite 43850 Sensor 1 40850  Sensor 2 43850  Composite 44850 Sensor 1 40850  Sensor 2 44850  asic 60000 asic 60000 
File: /local/pmpakos/SpMV-Research/benchmark_code/BENCH_HYBRID/../../validation_matrices/download_matrices/new_folder/mawi_201512020000.mtx
------------------------
/local/pmpakos/SpMV-Research/benchmark_code/BENCH_HYBRID/../../validation_matrices/download_matrices/new_folder/mawi_201512020000.mtx
mawi_201512020000_spmv_hybrid_csr_vec_cuda_csr_transpose_expand_rows_STRAT_RATIO_80_MALLOC
max threads 72
time read: 0.072997
time coo to csr: 0.638263
Hybrid Matrix Partition (FIXED_RATIO):
   CPU Portion: 11632790 rows (32.32%), 14897080 NNZs (20.00%)
   GPU Portion: 24358552 rows (67.68%), 59588340 NNZs (80.00%)
CPU needs 2010375 elements (15.34 MB) instead of 274.59 MB 
VEC_LEN = 2
balance time = 2.464e-05
max_smem_per_block(bytes)=49152
multiproc_count=132
max_threads_per_block=1024
warp_size=32
max_threads_per_multiproc=2048
max_block_dim_x=1024
max_persistent_l2_cache=39321600
max_num_threads=270336
degree_max=32481338
nnz = 59588340, nnz_extended = 83814656 (padding 40.66)
num_threads=41907328, thread_block_size=128, num_thread_blocks=327401
balance time warps = 0.00259683
balance time threads = 0.0432509
Hybrid conversion times: Total = 0.929106 s, CPU = 0.00193037 s, GPU = 0.612922 s
time convert to format: 0.929118
Grid : {327401, 1, 1} blocks. Blocks : {128, 1, 1} threads.
Hybrid configuration: m_cpu is 11632790 (88.75 MB) (non-explicit memory)
time warm up 1.605930
Grid : {327401, 1, 1} blocks. Blocks : {128, 1, 1} threads.
Hybrid configuration: m_cpu is 11632790 (88.75 MB) (non-explicit memory)
number of loops = 909
time iter: min=0.00184838, median=0.00188422, max=0.0744087
time iter cpu: min=0.966912, median=1.03584, max=10.2652
time iter gpu: min=1.42883, median=1.44925, max=52.3719
time iter gather: min=0.00038912, median=0.000423808, max=0.070901
GFLOPS = 79.062171 (spmv_hybrid_csr_vec_cuda_csr_transpose_expand_rows_STRAT_RATIO_80_MALLOC) (time = 1.884224 ms)
   CPU Part: 28.763284 GFLOPS (time median: 1.035840 ms, 11632790 rows, 14897080 nnz)
   GPU Part: 82.233464 GFLOPS (time median: 1.449248 ms, 24358552 rows, 59588340 nnz)
/local/pmpakos/SpMV-Research/benchmark_code/BENCH_HYBRID/../../validation_matrices/download_matrices/new_folder/mawi_201512020000.mtx,72,35991342,35991342,74485420,74485420,1,2.002710,0.001848,0.001884,0.074409,79.062171,989.714062,0.000000,0.000000,Hybrid_CsrVec_cuda_csr_transpose_expand_rows,35991342,35991342,74485420,16251373036.674040,16420270.929718,909,984.145024,0.966912,1.035840,10.265184,1385.399646,1.428832,1.449248,52.371902
Temps: Composite 24850 Composite 25850 Composite 43850 Sensor 1 40850  Sensor 2 43850  Composite 44850 Sensor 1 41850  Sensor 2 44850  asic 60000 asic 60000 
File: /local/pmpakos/SpMV-Research/benchmark_code/BENCH_HYBRID/../../validation_matrices/download_matrices/new_folder/channel-500x100x100-b050.mtx
------------------------
/local/pmpakos/SpMV-Research/benchmark_code/BENCH_HYBRID/../../validation_matrices/download_matrices/new_folder/channel-500x100x100-b050.mtx
channel-500x100x100-b050_spmv_hybrid_csr_vec_cuda_csr_transpose_expand_rows_STRAT_RATIO_80_MALLOC
max threads 72
time read: 0.059800
time coo to csr: 0.074382
Hybrid Matrix Partition (FIXED_RATIO):
   CPU Portion: 962010 rows (20.03%), 17072543 NNZs (20.00%)
   GPU Portion: 3839990 rows (79.97%), 68290201 NNZs (80.00%)
CPU needs 971695 elements (7.41 MB) instead of 36.64 MB 
VEC_LEN = 2
balance time = 1.8336e-05
max_smem_per_block(bytes)=49152
multiproc_count=132
max_threads_per_block=1024
warp_size=32
max_threads_per_multiproc=2048
max_block_dim_x=1024
max_persistent_l2_cache=39321600
max_num_threads=270336
degree_max=20
nnz = 68290201, nnz_extended = 75968640 (padding 11.24)
num_threads=15193728, thread_block_size=128, num_thread_blocks=118701
balance time warps = 0.000816096
balance time threads = 0.0104839
Hybrid conversion times: Total = 0.489349 s, CPU = 0.0018104 s, GPU = 0.366709 s
time convert to format: 0.489360
Grid : {118701, 1, 1} blocks. Blocks : {128, 1, 1} threads.
Hybrid configuration: m_cpu is 962010 (7.34 MB) (non-explicit memory)
time warm up 0.310811
Grid : {118701, 1, 1} blocks. Blocks : {128, 1, 1} threads.
Hybrid configuration: m_cpu is 962010 (7.34 MB) (non-explicit memory)
number of loops = 4975
time iter: min=0.000330784, median=0.00034176, max=0.0708948
time iter cpu: min=0.2792, median=0.303104, max=70.8551
time iter gpu: min=0.297248, median=0.300352, max=12.4593
time iter gather: min=2.3648e-05, median=2.6272e-05, max=0.00640982
GFLOPS = 499.547893 (spmv_hybrid_csr_vec_cuda_csr_transpose_expand_rows_STRAT_RATIO_80_MALLOC) (time = 0.341760 ms)
   CPU Part: 112.651387 GFLOPS (time median: 0.303104 ms, 962010 rows, 17072543 nnz)
   GPU Part: 454.734441 GFLOPS (time median: 0.300352 ms, 3839990 rows, 68290201 nnz)
/local/pmpakos/SpMV-Research/benchmark_code/BENCH_HYBRID/../../validation_matrices/download_matrices/new_folder/channel-500x100x100-b050.mtx,72,4802000,4802000,85362744,85362744,1,2.005126,0.000331,0.000342,0.070895,499.547893,995.217258,0.000000,0.000000,Hybrid_CsrVec_cuda_csr_transpose_expand_rows,4802000,4802000,85362744,16251373036.674040,16329472.684115,4975,1727.797472,0.279200,0.303104,70.855136,1526.746530,0.297248,0.300352,12.459296
Temps: Composite 24850 Composite 25850 Composite 43850 Sensor 1 40850  Sensor 2 43850  Composite 44850 Sensor 1 41850  Sensor 2 44850  asic 60000 asic 60000 
File: /local/pmpakos/SpMV-Research/benchmark_code/BENCH_HYBRID/../../validation_matrices/download_matrices/new_folder/Long_Coup_dt0.mtx
------------------------
/local/pmpakos/SpMV-Research/benchmark_code/BENCH_HYBRID/../../validation_matrices/download_matrices/new_folder/Long_Coup_dt0.mtx
Long_Coup_dt0_spmv_hybrid_csr_vec_cuda_csr_transpose_expand_rows_STRAT_RATIO_80_MALLOC
max threads 72
time read: 0.112941
time coo to csr: 0.077133
Hybrid Matrix Partition (FIXED_RATIO):
   CPU Portion: 294280 rows (20.02%), 17417776 NNZs (20.00%)
   GPU Portion: 1175872 rows (79.98%), 69671216 NNZs (80.00%)
CPU needs 313352 elements (2.39 MB) instead of 11.22 MB 
VEC_LEN = 2
balance time = 1.936e-05
max_smem_per_block(bytes)=49152
multiproc_count=132
max_threads_per_block=1024
warp_size=32
max_threads_per_multiproc=2048
max_block_dim_x=1024
max_persistent_l2_cache=39321600
max_num_threads=270336
degree_max=760
nnz = 69671216, nnz_extended = 70404480 (padding 1.05)
num_threads=14080896, thread_block_size=128, num_thread_blocks=110007
balance time warps = 0.000709344
balance time threads = 0.00865744
Hybrid conversion times: Total = 0.465861 s, CPU = 0.00178765 s, GPU = 0.352915 s
time convert to format: 0.465871
Grid : {110007, 1, 1} blocks. Blocks : {128, 1, 1} threads.
Hybrid configuration: m_cpu is 294280 (2.25 MB) (non-explicit memory)
time warm up 0.258931
Grid : {110007, 1, 1} blocks. Blocks : {128, 1, 1} threads.
Hybrid configuration: m_cpu is 294280 (2.25 MB) (non-explicit memory)
number of loops = 6462
time iter: min=0.000269152, median=0.000272832, max=0.0690892
time iter cpu: min=0.226176, median=0.236128, max=69.0571
time iter gpu: min=0.247488, median=0.250624, max=12.7876
time iter gather: min=1.3216e-05, median=1.5008e-05, max=0.0260594
GFLOPS = 638.407460 (spmv_hybrid_csr_vec_cuda_csr_transpose_expand_rows_STRAT_RATIO_80_MALLOC) (time = 0.272832 ms)
   CPU Part: 147.528256 GFLOPS (time median: 0.236128 ms, 294280 rows, 17417776 nnz)
   GPU Part: 555.981995 GFLOPS (time median: 0.250624 ms, 1175872 rows, 69671216 nnz)
/local/pmpakos/SpMV-Research/benchmark_code/BENCH_HYBRID/../../validation_matrices/download_matrices/new_folder/Long_Coup_dt0.mtx,72,1470152,1470152,87088992,87088992,1,2.000444,0.000269,0.000273,0.069089,638.407460,1002.262608,0.000000,0.000000,Hybrid_CsrVec_cuda_csr_transpose_expand_rows,1470152,1470152,87088992,0.000000,0.000000,6462,1689.875936,0.226176,0.236128,69.057088,1638.924865,0.247488,0.250624,12.787648
Temps: Composite 24850 Composite 25850 Composite 43850 Sensor 1 40850  Sensor 2 43850  Composite 44850 Sensor 1 40850  Sensor 2 44850  asic 60000 asic 60000 
File: /local/pmpakos/SpMV-Research/benchmark_code/BENCH_HYBRID/../../validation_matrices/download_matrices/new_folder/Long_Coup_dt6.mtx
------------------------
/local/pmpakos/SpMV-Research/benchmark_code/BENCH_HYBRID/../../validation_matrices/download_matrices/new_folder/Long_Coup_dt6.mtx
Long_Coup_dt6_spmv_hybrid_csr_vec_cuda_csr_transpose_expand_rows_STRAT_RATIO_80_MALLOC
max threads 72
time read: 0.130959
time coo to csr: 0.133378
Hybrid Matrix Partition (FIXED_RATIO):
   CPU Portion: 294280 rows (20.02%), 17417776 NNZs (20.00%)
   GPU Portion: 1175872 rows (79.98%), 69671216 NNZs (80.00%)
CPU needs 313352 elements (2.39 MB) instead of 11.22 MB 
VEC_LEN = 2
balance time = 2.3328e-05
max_smem_per_block(bytes)=49152
multiproc_count=132
max_threads_per_block=1024
warp_size=32
max_threads_per_multiproc=2048
max_block_dim_x=1024
max_persistent_l2_cache=39321600
max_num_threads=270336
degree_max=760
nnz = 69671216, nnz_extended = 70404480 (padding 1.05)
num_threads=14080896, thread_block_size=128, num_thread_blocks=110007
balance time warps = 0.000715776
balance time threads = 0.00866445
Hybrid conversion times: Total = 0.468936 s, CPU = 0.00174198 s, GPU = 0.355976 s
time convert to format: 0.468947
Grid : {110007, 1, 1} blocks. Blocks : {128, 1, 1} threads.
Hybrid configuration: m_cpu is 294280 (2.25 MB) (non-explicit memory)
time warm up 0.259078
Grid : {110007, 1, 1} blocks. Blocks : {128, 1, 1} threads.
Hybrid configuration: m_cpu is 294280 (2.25 MB) (non-explicit memory)
number of loops = 6259
time iter: min=0.00026864, median=0.000272192, max=0.0697905
time iter cpu: min=0.223328, median=0.237888, max=3.79405
time iter gpu: min=0.247264, median=0.250048, max=5.5784
time iter gather: min=1.296e-05, median=1.5008e-05, max=0.0695182
GFLOPS = 639.908535 (spmv_hybrid_csr_vec_cuda_csr_transpose_expand_rows_STRAT_RATIO_80_MALLOC) (time = 0.272192 ms)
   CPU Part: 146.436777 GFLOPS (time median: 0.237888 ms, 294280 rows, 17417776 nnz)
   GPU Part: 557.262708 GFLOPS (time median: 0.250048 ms, 1175872 rows, 69671216 nnz)
/local/pmpakos/SpMV-Research/benchmark_code/BENCH_HYBRID/../../validation_matrices/download_matrices/new_folder/Long_Coup_dt6.mtx,72,1470152,1470152,87088992,87088992,1,2.000380,0.000269,0.000272,0.069790,639.908535,1002.262608,0.000000,0.000000,Hybrid_CsrVec_cuda_csr_transpose_expand_rows,1470152,1470152,87088992,0.000000,0.000000,6259,1597.873856,0.223328,0.237888,3.794048,1576.813087,0.247264,0.250048,5.578400
Temps: Composite 24850 Composite 25850 Composite 43850 Sensor 1 40850  Sensor 2 43850  Composite 44850 Sensor 1 41850  Sensor 2 44850  asic 60000 asic 60000 
File: /local/pmpakos/SpMV-Research/benchmark_code/BENCH_HYBRID/../../validation_matrices/download_matrices/new_folder/kron_g500-logn20.mtx
------------------------
/local/pmpakos/SpMV-Research/benchmark_code/BENCH_HYBRID/../../validation_matrices/download_matrices/new_folder/kron_g500-logn20.mtx
kron_g500-logn20_spmv_hybrid_csr_vec_cuda_csr_transpose_expand_rows_STRAT_RATIO_80_MALLOC
max threads 72
time read: 0.074782
time coo to csr: 0.135772
Hybrid Matrix Partition (FIXED_RATIO):
   CPU Portion: 209619 rows (19.99%), 17847686 NNZs (20.00%)
   GPU Portion: 838957 rows (80.01%), 71391988 NNZs (80.00%)
CPU needs 579625 elements (4.42 MB) instead of 8.00 MB 
VEC_LEN = 2
balance time = 2.5952e-05
max_smem_per_block(bytes)=49152
multiproc_count=132
max_threads_per_block=1024
warp_size=32
max_threads_per_multiproc=2048
max_block_dim_x=1024
max_persistent_l2_cache=39321600
max_num_threads=270336
degree_max=131505
nnz = 71391988, nnz_extended = 72865920 (padding 2.06)
num_threads=14573184, thread_block_size=128, num_thread_blocks=113853
balance time warps = 0.000854848
balance time threads = 0.00871277
Hybrid conversion times: Total = 0.603282 s, CPU = 0.0016927 s, GPU = 0.440985 s
time convert to format: 0.603295
Grid : {113853, 1, 1} blocks. Blocks : {128, 1, 1} threads.
Hybrid configuration: m_cpu is 209619 (1.60 MB) (non-explicit memory)
time warm up 0.510505
Grid : {113853, 1, 1} blocks. Blocks : {128, 1, 1} threads.
Hybrid configuration: m_cpu is 209619 (1.60 MB) (non-explicit memory)
number of loops = 1701
time iter: min=0.000961088, median=0.00101965, max=0.0710748
time iter cpu: min=0.89728, median=0.95264, max=7.00208
time iter gpu: min=0.509088, median=0.513024, max=1.98579
time iter gather: min=3.5808e-05, median=3.8432e-05, max=0.0700668
GFLOPS = 175.040159 (spmv_hybrid_csr_vec_cuda_csr_transpose_expand_rows_STRAT_RATIO_80_MALLOC) (time = 1.019648 ms)
   CPU Part: 37.469949 GFLOPS (time median: 0.952640 ms, 209619 rows, 17847686 nnz)
   GPU Part: 278.318331 GFLOPS (time median: 0.513024 ms, 838957 rows, 71391988 nnz)
/local/pmpakos/SpMV-Research/benchmark_code/BENCH_HYBRID/../../validation_matrices/download_matrices/new_folder/kron_g500-logn20.mtx,72,1048576,1048576,89239674,89239674,1,2.001138,0.000961,0.001020,0.071075,175.040159,1025.267025,0.000000,0.000000,Hybrid_CsrVec_cuda_csr_transpose_expand_rows,1048576,1048576,89239674,0.000000,0.000000,1701,1646.957984,0.897280,0.952640,7.002080,874.481247,0.509088,0.513024,1.985792
Temps: Composite 24850 Composite 25850 Composite 43850 Sensor 1 40850  Sensor 2 43850  Composite 44850 Sensor 1 41850  Sensor 2 44850  asic 60000 asic 60000 
File: /local/pmpakos/SpMV-Research/benchmark_code/BENCH_HYBRID/../../validation_matrices/download_matrices/new_folder/dielFilterV3real.mtx
------------------------
/local/pmpakos/SpMV-Research/benchmark_code/BENCH_HYBRID/../../validation_matrices/download_matrices/new_folder/dielFilterV3real.mtx
dielFilterV3real_spmv_hybrid_csr_vec_cuda_csr_transpose_expand_rows_STRAT_RATIO_80_MALLOC
max threads 72
time read: 0.165643
time coo to csr: 0.087599
Hybrid Matrix Partition (FIXED_RATIO):
   CPU Portion: 155987 rows (14.14%), 17861169 NNZs (20.00%)
   GPU Portion: 946837 rows (85.86%), 71444851 NNZs (80.00%)
CPU needs 1102821 elements (8.41 MB) instead of 8.41 MB 
VEC_LEN = 2
balance time = 2.352e-05
max_smem_per_block(bytes)=49152
multiproc_count=132
max_threads_per_block=1024
warp_size=32
max_threads_per_multiproc=2048
max_block_dim_x=1024
max_persistent_l2_cache=39321600
max_num_threads=270336
degree_max=270
nnz = 71444851, nnz_extended = 72037760 (padding 0.83)
num_threads=14407552, thread_block_size=128, num_thread_blocks=112559
balance time warps = 0.000690944
balance time threads = 0.0087344
Hybrid conversion times: Total = 0.558743 s, CPU = 0.00206634 s, GPU = 0.440677 s
time convert to format: 0.558752
Grid : {112559, 1, 1} blocks. Blocks : {128, 1, 1} threads.
Hybrid configuration: m_cpu is 155987 (1.19 MB) (non-explicit memory)
time warm up 0.265139
Grid : {112559, 1, 1} blocks. Blocks : {128, 1, 1} threads.
Hybrid configuration: m_cpu is 155987 (1.19 MB) (non-explicit memory)
number of loops = 3932
time iter: min=0.000401952, median=0.000435008, max=0.069045
time iter cpu: min=0.350144, median=0.381312, max=4.05971
time iter gpu: min=0.25744, median=0.262624, max=5.30774
time iter gather: min=3.8464e-05, median=4e-05, max=0.0686261
GFLOPS = 410.594840 (spmv_hybrid_csr_vec_cuda_csr_transpose_expand_rows_STRAT_RATIO_80_MALLOC) (time = 0.435008 ms)
   CPU Part: 93.682701 GFLOPS (time median: 0.381312 ms, 155987 rows, 17861169 nnz)
   GPU Part: 544.084716 GFLOPS (time median: 0.262624 ms, 946837 rows, 71444851 nnz)
/local/pmpakos/SpMV-Research/benchmark_code/BENCH_HYBRID/../../validation_matrices/download_matrices/new_folder/dielFilterV3real.mtx,72,1102824,1102824,89306020,89306020,1,2.000688,0.000402,0.000435,0.069045,410.594840,1026.233234,0.000000,0.000000,Hybrid_CsrVec_cuda_csr_transpose_expand_rows,1102824,1102824,89306020,0.000000,0.000000,3932,1565.779552,0.350144,0.381312,4.059712,1046.166464,0.257440,0.262624,5.307744
Temps: Composite 24850 Composite 25850 Composite 43850 Sensor 1 40850  Sensor 2 43850  Composite 44850 Sensor 1 41850  Sensor 2 44850  asic 60000 asic 60000 
File: /local/pmpakos/SpMV-Research/benchmark_code/BENCH_HYBRID/../../validation_matrices/download_matrices/new_folder/nlpkkt120.mtx
------------------------
/local/pmpakos/SpMV-Research/benchmark_code/BENCH_HYBRID/../../validation_matrices/download_matrices/new_folder/nlpkkt120.mtx
nlpkkt120_spmv_hybrid_csr_vec_cuda_csr_transpose_expand_rows_STRAT_RATIO_80_MALLOC
max threads 72
time read: 0.169663
time coo to csr: 0.089782
Hybrid Matrix Partition (FIXED_RATIO):
   CPU Portion: 727803 rows (20.55%), 19369139 NNZs (20.00%)
   GPU Portion: 2814597 rows (79.45%), 77476653 NNZs (80.00%)
CPU needs 1432818 elements (10.93 MB) instead of 27.03 MB 
VEC_LEN = 2
balance time = 1.8624e-05
max_smem_per_block(bytes)=49152
multiproc_count=132
max_threads_per_block=1024
warp_size=32
max_threads_per_multiproc=2048
max_block_dim_x=1024
max_persistent_l2_cache=39321600
max_num_threads=270336
degree_max=30
nnz = 77476653, nnz_extended = 82961920 (padding 7.08)
num_threads=16592384, thread_block_size=128, num_thread_blocks=129628
balance time warps = 0.000864864
balance time threads = 0.0210516
Hybrid conversion times: Total = 0.5937 s, CPU = 0.0022112 s, GPU = 0.461625 s
time convert to format: 0.593709
Grid : {129628, 1, 1} blocks. Blocks : {128, 1, 1} threads.
Hybrid configuration: m_cpu is 727803 (5.55 MB) (non-explicit memory)
time warm up 0.344157
Grid : {129628, 1, 1} blocks. Blocks : {128, 1, 1} threads.
Hybrid configuration: m_cpu is 727803 (5.55 MB) (non-explicit memory)
number of loops = 3386
time iter: min=0.00045488, median=0.000492512, max=0.0703159
time iter cpu: min=0.386144, median=0.430688, max=70.2528
time iter gpu: min=0.322144, median=0.330816, max=13.5313
time iter gather: min=4.2048e-05, median=4.8224e-05, max=0.0060624
GFLOPS = 393.272822 (spmv_hybrid_csr_vec_cuda_csr_transpose_expand_rows_STRAT_RATIO_80_MALLOC) (time = 0.492512 ms)
   CPU Part: 89.945106 GFLOPS (time median: 0.430688 ms, 727803 rows, 19369139 nnz)
   GPU Part: 468.397253 GFLOPS (time median: 0.330816 ms, 2814597 rows, 77476653 nnz)
/local/pmpakos/SpMV-Research/benchmark_code/BENCH_HYBRID/../../validation_matrices/download_matrices/new_folder/nlpkkt120.mtx,72,3542400,3542400,96845792,96845792,1,2.000616,0.000455,0.000493,0.070316,393.272822,1121.825321,0.000000,0.000000,Hybrid_CsrVec_cuda_csr_transpose_expand_rows,3542400,3542400,96845792,0.000000,0.000000,3386,1685.759456,0.386144,0.430688,70.252800,1165.187616,0.322144,0.330816,13.531328
Temps: Composite 24850 Composite 25850 Composite 43850 Sensor 1 40850  Sensor 2 43850  Composite 44850 Sensor 1 41850  Sensor 2 44850  asic 61000 asic 61000 
File: /local/pmpakos/SpMV-Research/benchmark_code/BENCH_HYBRID/../../validation_matrices/download_matrices/new_folder/mycielskian17.mtx
------------------------
/local/pmpakos/SpMV-Research/benchmark_code/BENCH_HYBRID/../../validation_matrices/download_matrices/new_folder/mycielskian17.mtx
mycielskian17_spmv_hybrid_csr_vec_cuda_csr_transpose_expand_rows_STRAT_RATIO_80_MALLOC
max threads 72
time read: 0.060331
time coo to csr: 0.181589
Hybrid Matrix Partition (FIXED_RATIO):
   CPU Portion: 6180 rows (6.29%), 20046600 NNZs (20.00%)
   GPU Portion: 92123 rows (93.71%), 80199142 NNZs (80.00%)
CPU needs 98296 elements (0.75 MB) instead of 0.75 MB 
VEC_LEN = 2
balance time = 1.504e-05
max_smem_per_block(bytes)=49152
multiproc_count=132
max_threads_per_block=1024
warp_size=32
max_threads_per_multiproc=2048
max_block_dim_x=1024
max_persistent_l2_cache=39321600
max_num_threads=270336
degree_max=49155
nnz = 80199142, nnz_extended = 80384000 (padding 0.23)
num_threads=16076800, thread_block_size=128, num_thread_blocks=125600
balance time warps = 0.000621632
balance time threads = 0.00732912
Hybrid conversion times: Total = 0.502935 s, CPU = 0.00217101 s, GPU = 0.368357 s
time convert to format: 0.502947
Grid : {125600, 1, 1} blocks. Blocks : {128, 1, 1} threads.
Hybrid configuration: m_cpu is 6180 (0.05 MB) (non-explicit memory)
time warm up 0.276882
Grid : {125600, 1, 1} blocks. Blocks : {128, 1, 1} threads.
Hybrid configuration: m_cpu is 6180 (0.05 MB) (non-explicit memory)
number of loops = 3292
time iter: min=0.000490464, median=0.0005608, max=0.071063
time iter cpu: min=0.456064, median=0.523264, max=71.0176
time iter gpu: min=0.267456, median=0.271808, max=3.17846
time iter gather: min=1.5392e-05, median=1.6768e-05, max=0.00444403
GFLOPS = 357.509779 (spmv_hybrid_csr_vec_cuda_csr_transpose_expand_rows_STRAT_RATIO_80_MALLOC) (time = 0.560800 ms)
   CPU Part: 76.621361 GFLOPS (time median: 0.523264 ms, 6180 rows, 20046600 nnz)
   GPU Part: 590.116130 GFLOPS (time median: 0.271808 ms, 92123 rows, 80199142 nnz)
/local/pmpakos/SpMV-Research/benchmark_code/BENCH_HYBRID/../../validation_matrices/download_matrices/new_folder/mycielskian17.mtx,72,98303,98303,100245742,100245742,1,2.000772,0.000490,0.000561,0.071063,357.509779,1147.596474,0.000000,0.000000,Hybrid_CsrVec_cuda_csr_transpose_expand_rows,98303,98303,100245742,0.000000,0.000000,3292,1811.280960,0.456064,0.523264,71.017632,900.658785,0.267456,0.271808,3.178464
Temps: Composite 24850 Composite 25850 Composite 43850 Sensor 1 40850  Sensor 2 43850  Composite 44850 Sensor 1 41850  Sensor 2 44850  asic 60000 asic 60000 
File: /local/pmpakos/SpMV-Research/benchmark_code/BENCH_HYBRID/../../validation_matrices/download_matrices/new_folder/cage15.mtx
------------------------
/local/pmpakos/SpMV-Research/benchmark_code/BENCH_HYBRID/../../validation_matrices/download_matrices/new_folder/cage15.mtx
cage15_spmv_hybrid_csr_vec_cuda_csr_transpose_expand_rows_STRAT_RATIO_80_MALLOC
max threads 72
time read: 0.242947
time coo to csr: 0.116132
Hybrid Matrix Partition (FIXED_RATIO):
   CPU Portion: 1320853 rows (25.62%), 19839903 NNZs (20.00%)
   GPU Portion: 3834006 rows (74.38%), 79359648 NNZs (80.00%)
CPU needs 1882882 elements (14.37 MB) instead of 39.33 MB 
VEC_LEN = 2
balance time = 0.000240832
max_smem_per_block(bytes)=49152
multiproc_count=132
max_threads_per_block=1024
warp_size=32
max_threads_per_multiproc=2048
max_block_dim_x=1024
max_persistent_l2_cache=39321600
max_num_threads=270336
degree_max=50
nnz = 79359648, nnz_extended = 86949760 (padding 9.56)
num_threads=17389952, thread_block_size=128, num_thread_blocks=135859
balance time warps = 0.000946656
balance time threads = 0.0119976
Hybrid conversion times: Total = 0.534223 s, CPU = 0.00236061 s, GPU = 0.390534 s
time convert to format: 0.534232
Grid : {135859, 1, 1} blocks. Blocks : {128, 1, 1} threads.
Hybrid configuration: m_cpu is 1320853 (10.08 MB) (non-explicit memory)
time warm up 0.393322
Grid : {135859, 1, 1} blocks. Blocks : {128, 1, 1} threads.
Hybrid configuration: m_cpu is 1320853 (10.08 MB) (non-explicit memory)
number of loops = 2654
time iter: min=0.000611584, median=0.00063952, max=0.0717961
time iter cpu: min=0.52176, median=0.55216, max=69.6107
time iter gpu: min=0.372288, median=0.377856, max=20.3907
time iter gather: min=6.2848e-05, median=6.8608e-05, max=0.071208
GFLOPS = 310.231270 (spmv_hybrid_csr_vec_cuda_csr_transpose_expand_rows_STRAT_RATIO_80_MALLOC) (time = 0.639520 ms)
   CPU Part: 71.862877 GFLOPS (time median: 0.552160 ms, 1320853 rows, 19839903 nnz)
   GPU Part: 420.052353 GFLOPS (time median: 0.377856 ms, 3834006 rows, 79359648 nnz)
/local/pmpakos/SpMV-Research/benchmark_code/BENCH_HYBRID/../../validation_matrices/download_matrices/new_folder/cage15.mtx,72,5154859,5154859,99199551,99199551,0,2.003253,0.000612,0.000640,0.071796,310.231270,1154.912998,0.000000,0.000000,Hybrid_CsrVec_cuda_csr_transpose_expand_rows,5154859,5154859,99199551,0.000000,0.000000,2654,1582.770816,0.521760,0.552160,69.610720,1048.268512,0.372288,0.377856,20.390688
Temps: Composite 24850 Composite 25850 Composite 43850 Sensor 1 40850  Sensor 2 43850  Composite 44850 Sensor 1 41850  Sensor 2 44850  asic 60000 asic 60000 
File: /local/pmpakos/SpMV-Research/benchmark_code/BENCH_HYBRID/../../validation_matrices/download_matrices/new_folder/delaunay_n24.mtx
------------------------
/local/pmpakos/SpMV-Research/benchmark_code/BENCH_HYBRID/../../validation_matrices/download_matrices/new_folder/delaunay_n24.mtx
delaunay_n24_spmv_hybrid_csr_vec_cuda_csr_transpose_expand_rows_STRAT_RATIO_80_MALLOC
max threads 72
time read: 0.073313
time coo to csr: 0.171545
Hybrid Matrix Partition (FIXED_RATIO):
   CPU Portion: 3355823 rows (20.00%), 20132638 NNZs (20.00%)
   GPU Portion: 13421393 rows (80.00%), 80530564 NNZs (80.00%)
CPU needs 11382127 elements (86.84 MB) instead of 128.00 MB 
VEC_LEN = 2
balance time = 2.1088e-05
max_smem_per_block(bytes)=49152
multiproc_count=132
max_threads_per_block=1024
warp_size=32
max_threads_per_multiproc=2048
max_block_dim_x=1024
max_persistent_l2_cache=39321600
max_num_threads=270336
degree_max=25
nnz = 80530564, nnz_extended = 108995840 (padding 35.35)
num_threads=21799168, thread_block_size=128, num_thread_blocks=170306
balance time warps = 0.00139469
balance time threads = 0.0184371
Hybrid conversion times: Total = 0.710706 s, CPU = 0.00231731 s, GPU = 0.450741 s
time convert to format: 0.710716
Grid : {170306, 1, 1} blocks. Blocks : {128, 1, 1} threads.
Hybrid configuration: m_cpu is 3355823 (25.60 MB) (non-explicit memory)
time warm up 0.565233
Grid : {170306, 1, 1} blocks. Blocks : {128, 1, 1} threads.
Hybrid configuration: m_cpu is 3355823 (25.60 MB) (non-explicit memory)
number of loops = 671
time iter: min=0.00241661, median=0.00249818, max=0.0753489
time iter cpu: min=1.54048, median=1.59936, max=70.1902
time iter gpu: min=0.53664, median=0.555296, max=45.8994
time iter gather: min=0.000815264, median=0.000868288, max=0.0714117
GFLOPS = 80.589360 (spmv_hybrid_csr_vec_cuda_csr_transpose_expand_rows_STRAT_RATIO_80_MALLOC) (time = 2.498176 ms)
   CPU Part: 25.175868 GFLOPS (time median: 1.599360 ms, 3355823 rows, 20132638 nnz)
   GPU Part: 290.045538 GFLOPS (time median: 0.555296 ms, 13421393 rows, 80530564 nnz)
/local/pmpakos/SpMV-Research/benchmark_code/BENCH_HYBRID/../../validation_matrices/download_matrices/new_folder/delaunay_n24.mtx,72,16777216,16777216,100663202,100663202,1,2.004475,0.002417,0.002498,0.075349,80.589360,1215.998928,0.000000,0.000000,Hybrid_CsrVec_cuda_csr_transpose_expand_rows,16777216,16777216,100663202,0.000000,0.000000,671,1199.186688,1.540480,1.599360,70.190176,467.598015,0.536640,0.555296,45.899391
Temps: Composite 24850 Composite 25850 Composite 43850 Sensor 1 40850  Sensor 2 43850  Composite 44850 Sensor 1 40850  Sensor 2 44850  asic 60000 asic 60000 
File: /local/pmpakos/SpMV-Research/benchmark_code/BENCH_HYBRID/../../validation_matrices/download_matrices/new_folder/ML_Geer.mtx
------------------------
/local/pmpakos/SpMV-Research/benchmark_code/BENCH_HYBRID/../../validation_matrices/download_matrices/new_folder/ML_Geer.mtx
ML_Geer_spmv_hybrid_csr_vec_cuda_csr_transpose_expand_rows_STRAT_RATIO_80_MALLOC
max threads 72
time read: 0.303635
time coo to csr: 0.081390
Hybrid Matrix Partition (FIXED_RATIO):
   CPU Portion: 300912 rows (20.01%), 22175924 NNZs (20.00%)
   GPU Portion: 1203090 rows (79.99%), 88704048 NNZs (80.00%)
CPU needs 305034 elements (2.33 MB) instead of 11.47 MB 
VEC_LEN = 2
balance time = 1.7504e-05
max_smem_per_block(bytes)=49152
multiproc_count=132
max_threads_per_block=1024
warp_size=32
max_threads_per_multiproc=2048
max_block_dim_x=1024
max_persistent_l2_cache=39321600
max_num_threads=270336
degree_max=75
nnz = 88704048, nnz_extended = 89920000 (padding 1.37)
num_threads=17984000, thread_block_size=128, num_thread_blocks=140500
balance time warps = 0.000890496
balance time threads = 0.0110556
Hybrid conversion times: Total = 0.597591 s, CPU = 0.00224637 s, GPU = 0.457511 s
time convert to format: 0.597600
Grid : {140500, 1, 1} blocks. Blocks : {128, 1, 1} threads.
Hybrid configuration: m_cpu is 300912 (2.30 MB) (non-explicit memory)
time warm up 0.332549
Grid : {140500, 1, 1} blocks. Blocks : {128, 1, 1} threads.
Hybrid configuration: m_cpu is 300912 (2.30 MB) (non-explicit memory)
number of loops = 3849
time iter: min=0.000431584, median=0.000447104, max=0.0696609
time iter cpu: min=0.406432, median=0.422144, max=69.6323
time iter gpu: min=0.310464, median=0.3136, max=6.11696
time iter gather: min=1.2512e-05, median=1.4432e-05, max=0.00378262
GFLOPS = 495.991859 (spmv_hybrid_csr_vec_cuda_csr_transpose_expand_rows_STRAT_RATIO_80_MALLOC) (time = 0.447104 ms)
   CPU Part: 105.063315 GFLOPS (time median: 0.422144 ms, 300912 rows, 22175924 nnz)
   GPU Part: 565.714585 GFLOPS (time median: 0.313600 ms, 1203090 rows, 88704048 nnz)
/local/pmpakos/SpMV-Research/benchmark_code/BENCH_HYBRID/../../validation_matrices/download_matrices/new_folder/ML_Geer.mtx,72,1504002,1504002,110879972,110879972,0,2.001002,0.000432,0.000447,0.069661,495.991859,1274.657894,0.000000,0.000000,Hybrid_CsrVec_cuda_csr_transpose_expand_rows,1504002,1504002,110879972,0.000000,0.000000,3849,1845.120384,0.406432,0.422144,69.632320,1212.915039,0.310464,0.313600,6.116960
Temps: Composite 24850 Composite 25850 Composite 43850 Sensor 1 40850  Sensor 2 43850  Composite 44850 Sensor 1 41850  Sensor 2 44850  asic 60000 asic 60000 
File: /local/pmpakos/SpMV-Research/benchmark_code/BENCH_HYBRID/../../validation_matrices/download_matrices/new_folder/hollywood-2009.mtx
------------------------
/local/pmpakos/SpMV-Research/benchmark_code/BENCH_HYBRID/../../validation_matrices/download_matrices/new_folder/hollywood-2009.mtx
hollywood-2009_spmv_hybrid_csr_vec_cuda_csr_transpose_expand_rows_STRAT_RATIO_80_MALLOC
max threads 72
time read: 0.076363
time coo to csr: 0.167011
Hybrid Matrix Partition (FIXED_RATIO):
   CPU Portion: 342021 rows (30.00%), 22777137 NNZs (20.00%)
   GPU Portion: 797884 rows (70.00%), 91114190 NNZs (80.00%)
CPU needs 791277 elements (6.04 MB) instead of 8.70 MB 
VEC_LEN = 2
balance time = 2.5376e-05
max_smem_per_block(bytes)=49152
multiproc_count=132
max_threads_per_block=1024
warp_size=32
max_threads_per_multiproc=2048
max_block_dim_x=1024
max_persistent_l2_cache=39321600
max_num_threads=270336
degree_max=11470
nnz = 91114190, nnz_extended = 92765440 (padding 1.81)
num_threads=18553088, thread_block_size=128, num_thread_blocks=144946
balance time warps = 0.00088848
balance time threads = 0.0114914
Hybrid conversion times: Total = 0.66241 s, CPU = 0.00250704 s, GPU = 0.501461 s
time convert to format: 0.662420
Grid : {144946, 1, 1} blocks. Blocks : {128, 1, 1} threads.
Hybrid configuration: m_cpu is 342021 (2.61 MB) (non-explicit memory)
time warm up 0.359310
Grid : {144946, 1, 1} blocks. Blocks : {128, 1, 1} threads.
Hybrid configuration: m_cpu is 342021 (2.61 MB) (non-explicit memory)
number of loops = 2498
time iter: min=0.00065424, median=0.000687968, max=0.0687155
time iter cpu: min=0.589376, median=0.6216, max=6.24832
time iter gpu: min=0.352032, median=0.359392, max=5.64509
time iter gather: min=4.3808e-05, median=4.7328e-05, max=0.068064
GFLOPS = 331.094839 (spmv_hybrid_csr_vec_cuda_csr_transpose_expand_rows_STRAT_RATIO_80_MALLOC) (time = 0.687968 ms)
   CPU Part: 73.285512 GFLOPS (time median: 0.621600 ms, 342021 rows, 22777137 nnz)
   GPU Part: 507.046307 GFLOPS (time median: 0.359392 ms, 797884 rows, 91114190 nnz)
/local/pmpakos/SpMV-Research/benchmark_code/BENCH_HYBRID/../../validation_matrices/download_matrices/new_folder/hollywood-2009.mtx,72,1139905,1139905,113891327,113891327,1,2.001097,0.000654,0.000688,0.068715,331.094839,1307.731197,0.000000,0.000000,Hybrid_CsrVec_cuda_csr_transpose_expand_rows,1139905,1139905,113891327,0.000000,0.000000,2498,1608.159648,0.589376,0.621600,6.248320,906.125376,0.352032,0.359392,5.645088
Temps: Composite 24850 Composite 25850 Composite 43850 Sensor 1 40850  Sensor 2 43850  Composite 44850 Sensor 1 40850  Sensor 2 44850  asic 60000 asic 60000 
File: /local/pmpakos/SpMV-Research/benchmark_code/BENCH_HYBRID/../../validation_matrices/download_matrices/new_folder/Flan_1565.mtx
------------------------
/local/pmpakos/SpMV-Research/benchmark_code/BENCH_HYBRID/../../validation_matrices/download_matrices/new_folder/Flan_1565.mtx
Flan_1565_spmv_hybrid_csr_vec_cuda_csr_transpose_expand_rows_STRAT_RATIO_80_MALLOC
max threads 72
time read: 0.165660
time coo to csr: 0.087992
Hybrid Matrix Partition (FIXED_RATIO):
   CPU Portion: 312635 rows (19.98%), 23481189 NNZs (20.00%)
   GPU Portion: 1252159 rows (80.02%), 93924855 NNZs (80.00%)
CPU needs 320220 elements (2.44 MB) instead of 11.94 MB 
VEC_LEN = 2
balance time = 2.7712e-05
max_smem_per_block(bytes)=49152
multiproc_count=132
max_threads_per_block=1024
warp_size=32
max_threads_per_multiproc=2048
max_block_dim_x=1024
max_persistent_l2_cache=39321600
max_num_threads=270336
degree_max=85
nnz = 93924855, nnz_extended = 98142720 (padding 4.49)
num_threads=19628544, thread_block_size=128, num_thread_blocks=153348
balance time warps = 0.0009624
balance time threads = 0.0123196
Hybrid conversion times: Total = 0.637911 s, CPU = 0.00240138 s, GPU = 0.486307 s
time convert to format: 0.637919
Grid : {153348, 1, 1} blocks. Blocks : {128, 1, 1} threads.
Hybrid configuration: m_cpu is 312635 (2.39 MB) (non-explicit memory)
time warm up 0.360869
Grid : {153348, 1, 1} blocks. Blocks : {128, 1, 1} threads.
Hybrid configuration: m_cpu is 312635 (2.39 MB) (non-explicit memory)
number of loops = 3216
time iter: min=0.000501856, median=0.000539104, max=0.0694781
time iter cpu: min=0.473312, median=0.510016, max=69.45
time iter gpu: min=0.338176, median=0.341088, max=0.375488
time iter gather: min=1.456e-05, median=1.6448e-05, max=0.0681564
GFLOPS = 435.559907 (spmv_hybrid_csr_vec_cuda_csr_transpose_expand_rows_STRAT_RATIO_80_MALLOC) (time = 0.539104 ms)
   CPU Part: 92.080205 GFLOPS (time median: 0.510016 ms, 312635 rows, 23481189 nnz)
   GPU Part: 550.736794 GFLOPS (time median: 0.341088 ms, 1252159 rows, 93924855 nnz)
/local/pmpakos/SpMV-Research/benchmark_code/BENCH_HYBRID/../../validation_matrices/download_matrices/new_folder/Flan_1565.mtx,72,1564794,1564794,117406044,117406044,1,2.000641,0.000502,0.000539,0.069478,435.559907,1349.574764,0.000000,0.000000,Hybrid_CsrVec_cuda_csr_transpose_expand_rows,1564794,1564794,117406044,0.000000,0.000000,3216,1761.298208,0.473312,0.510016,69.449952,1097.140831,0.338176,0.341088,0.375488
Temps: Composite 24850 Composite 25850 Composite 43850 Sensor 1 40850  Sensor 2 43850  Composite 44850 Sensor 1 40850  Sensor 2 44850  asic 60000 asic 60000 
File: /local/pmpakos/SpMV-Research/benchmark_code/BENCH_HYBRID/../../validation_matrices/download_matrices/new_folder/europe_osm.mtx
------------------------
/local/pmpakos/SpMV-Research/benchmark_code/BENCH_HYBRID/../../validation_matrices/download_matrices/new_folder/europe_osm.mtx
europe_osm_spmv_hybrid_csr_vec_cuda_csr_transpose_expand_rows_STRAT_RATIO_80_MALLOC
max threads 72
time read: 0.079965
time coo to csr: 0.146307
Hybrid Matrix Partition (FIXED_RATIO):
   CPU Portion: 9976013 rows (19.59%), 21621861 NNZs (20.00%)
   GPU Portion: 40936005 rows (80.41%), 86487459 NNZs (80.00%)
CPU needs 11187699 elements (85.36 MB) instead of 388.43 MB 
VEC_LEN = 2
balance time = 2.6912e-05
max_smem_per_block(bytes)=49152
multiproc_count=132
max_threads_per_block=1024
warp_size=32
max_threads_per_multiproc=2048
max_block_dim_x=1024
max_persistent_l2_cache=39321600
max_num_threads=270336
degree_max=14
nnz = 86487459, nnz_extended = 93643520 (padding 8.27)
num_threads=46821760, thread_block_size=128, num_thread_blocks=365795
balance time warps = 0.00322224
balance time threads = 0.0459647
Hybrid conversion times: Total = 0.996317 s, CPU = 0.00518781 s, GPU = 0.550451 s
time convert to format: 0.996326
Grid : {365795, 1, 1} blocks. Blocks : {128, 1, 1} threads.
Hybrid configuration: m_cpu is 9976013 (76.11 MB) (non-explicit memory)
time warm up 1.070234
Grid : {365795, 1, 1} blocks. Blocks : {128, 1, 1} threads.
Hybrid configuration: m_cpu is 9976013 (76.11 MB) (non-explicit memory)
number of loops = 366
time iter: min=0.00435043, median=0.00493341, max=0.074699
time iter cpu: min=1.63424, median=1.93216, max=68.5975
time iter gpu: min=0.90592, median=0.949184, max=7.22381
time iter gather: min=0.00259965, median=0.00288736, max=0.071249
GFLOPS = 43.827439 (spmv_hybrid_csr_vec_cuda_csr_transpose_expand_rows_STRAT_RATIO_80_MALLOC) (time = 4.933408 ms)
   CPU Part: 22.381025 GFLOPS (time median: 1.932160 ms, 9976013 rows, 21621861 nnz)
   GPU Part: 182.235392 GFLOPS (time median: 0.949184 ms, 40936005 rows, 86487459 nnz)
/local/pmpakos/SpMV-Research/benchmark_code/BENCH_HYBRID/../../validation_matrices/download_matrices/new_folder/europe_osm.mtx,72,50912018,50912018,108109320,108109320,1,2.010337,0.004350,0.004933,0.074699,43.827439,1431.426922,0.000000,0.000000,Hybrid_CsrVec_cuda_csr_transpose_expand_rows,50912018,50912018,108109320,0.000000,0.000000,366,803.792320,1.634240,1.932160,68.597504,361.227264,0.905920,0.949184,7.223808
Temps: Composite 24850 Composite 25850 Composite 43850 Sensor 1 40850  Sensor 2 43850  Composite 44850 Sensor 1 41850  Sensor 2 44850  asic 60000 asic 60000 
File: /local/pmpakos/SpMV-Research/benchmark_code/BENCH_HYBRID/../../validation_matrices/download_matrices/new_folder/Cube_Coup_dt0.mtx
------------------------
/local/pmpakos/SpMV-Research/benchmark_code/BENCH_HYBRID/../../validation_matrices/download_matrices/new_folder/Cube_Coup_dt0.mtx
Cube_Coup_dt0_spmv_hybrid_csr_vec_cuda_csr_transpose_expand_rows_STRAT_RATIO_80_MALLOC
max threads 72
time read: 0.165039
time coo to csr: 0.093029
Hybrid Matrix Partition (FIXED_RATIO):
   CPU Portion: 433764 rows (20.04%), 25441200 NNZs (20.00%)
   GPU Portion: 1730996 rows (79.96%), 101764944 NNZs (80.00%)
CPU needs 452236 elements (3.45 MB) instead of 16.52 MB 
VEC_LEN = 2
balance time = 1.728e-05
max_smem_per_block(bytes)=49152
multiproc_count=132
max_threads_per_block=1024
warp_size=32
max_threads_per_multiproc=2048
max_block_dim_x=1024
max_persistent_l2_cache=39321600
max_num_threads=270336
degree_max=70
nnz = 101764944, nnz_extended = 101984640 (padding 0.22)
num_threads=20396928, thread_block_size=128, num_thread_blocks=159351
balance time warps = 0.00101222
balance time threads = 0.0135071
Hybrid conversion times: Total = 0.594768 s, CPU = 0.00252323 s, GPU = 0.428662 s
time convert to format: 0.594779
Grid : {159351, 1, 1} blocks. Blocks : {128, 1, 1} threads.
Hybrid configuration: m_cpu is 433764 (3.31 MB) (non-explicit memory)
time warm up 0.379465
Grid : {159351, 1, 1} blocks. Blocks : {128, 1, 1} threads.
Hybrid configuration: m_cpu is 433764 (3.31 MB) (non-explicit memory)
number of loops = 2781
time iter: min=0.000575936, median=0.000601984, max=0.0720442
time iter cpu: min=0.543808, median=0.569248, max=3.5632
time iter gpu: min=0.355456, median=0.358112, max=8.32563
time iter gather: min=1.7152e-05, median=1.8976e-05, max=0.0714344
GFLOPS = 422.623007 (spmv_hybrid_csr_vec_cuda_csr_transpose_expand_rows_STRAT_RATIO_80_MALLOC) (time = 0.601984 ms)
   CPU Part: 89.385294 GFLOPS (time median: 0.569248 ms, 433764 rows, 25441200 nnz)
   GPU Part: 568.341423 GFLOPS (time median: 0.358112 ms, 1730996 rows, 101764944 nnz)
/local/pmpakos/SpMV-Research/benchmark_code/BENCH_HYBRID/../../validation_matrices/download_matrices/new_folder/Cube_Coup_dt0.mtx,72,2164760,2164760,127206144,127206144,1,2.000783,0.000576,0.000602,0.072044,422.623007,1464.016697,0.000000,0.000000,Hybrid_CsrVec_cuda_csr_transpose_expand_rows,2164760,2164760,127206144,0.000000,0.000000,2781,1654.419552,0.543808,0.569248,3.563200,1004.207967,0.355456,0.358112,8.325632
Temps: Composite 24850 Composite 25850 Composite 43850 Sensor 1 40850  Sensor 2 43850  Composite 44850 Sensor 1 40850  Sensor 2 44850  asic 60000 asic 60000 
File: /local/pmpakos/SpMV-Research/benchmark_code/BENCH_HYBRID/../../validation_matrices/download_matrices/new_folder/Cube_Coup_dt6.mtx
------------------------
/local/pmpakos/SpMV-Research/benchmark_code/BENCH_HYBRID/../../validation_matrices/download_matrices/new_folder/Cube_Coup_dt6.mtx
Cube_Coup_dt6_spmv_hybrid_csr_vec_cuda_csr_transpose_expand_rows_STRAT_RATIO_80_MALLOC
max threads 72
time read: 0.168331
time coo to csr: 0.095019
Hybrid Matrix Partition (FIXED_RATIO):
   CPU Portion: 433764 rows (20.04%), 25441200 NNZs (20.00%)
   GPU Portion: 1730996 rows (79.96%), 101764944 NNZs (80.00%)
CPU needs 452236 elements (3.45 MB) instead of 16.52 MB 
VEC_LEN = 2
balance time = 2.8224e-05
max_smem_per_block(bytes)=49152
multiproc_count=132
max_threads_per_block=1024
warp_size=32
max_threads_per_multiproc=2048
max_block_dim_x=1024
max_persistent_l2_cache=39321600
max_num_threads=270336
degree_max=70
nnz = 101764944, nnz_extended = 101984640 (padding 0.22)
num_threads=20396928, thread_block_size=128, num_thread_blocks=159351
balance time warps = 0.00107139
balance time threads = 0.0132363
Hybrid conversion times: Total = 0.601573 s, CPU = 0.00250138 s, GPU = 0.436094 s
time convert to format: 0.601585
Grid : {159351, 1, 1} blocks. Blocks : {128, 1, 1} threads.
Hybrid configuration: m_cpu is 433764 (3.31 MB) (non-explicit memory)
time warm up 0.379732
Grid : {159351, 1, 1} blocks. Blocks : {128, 1, 1} threads.
Hybrid configuration: m_cpu is 433764 (3.31 MB) (non-explicit memory)
number of loops = 2781
time iter: min=0.000573184, median=0.000607328, max=0.0713834
time iter cpu: min=0.544928, median=0.572672, max=5.52797
time iter gpu: min=0.356448, median=0.359232, max=0.3976
time iter gather: min=1.5872e-05, median=1.84e-05, max=0.0707699
GFLOPS = 418.904263 (spmv_hybrid_csr_vec_cuda_csr_transpose_expand_rows_STRAT_RATIO_80_MALLOC) (time = 0.607328 ms)
   CPU Part: 88.850861 GFLOPS (time median: 0.572672 ms, 433764 rows, 25441200 nnz)
   GPU Part: 566.569468 GFLOPS (time median: 0.359232 ms, 1730996 rows, 101764944 nnz)
/local/pmpakos/SpMV-Research/benchmark_code/BENCH_HYBRID/../../validation_matrices/download_matrices/new_folder/Cube_Coup_dt6.mtx,72,2164760,2164760,127206144,127206144,1,2.000996,0.000573,0.000607,0.071383,418.904263,1464.016697,0.000000,0.000000,Hybrid_CsrVec_cuda_csr_transpose_expand_rows,2164760,2164760,127206144,0.000000,0.000000,2781,1661.040192,0.544928,0.572672,5.527968,999.266687,0.356448,0.359232,0.397600
Temps: Composite 24850 Composite 25850 Composite 43850 Sensor 1 40850  Sensor 2 43850  Composite 44850 Sensor 1 40850  Sensor 2 44850  asic 60000 asic 60000 
File: /local/pmpakos/SpMV-Research/benchmark_code/BENCH_HYBRID/../../validation_matrices/download_matrices/new_folder/Bump_2911.mtx
------------------------
/local/pmpakos/SpMV-Research/benchmark_code/BENCH_HYBRID/../../validation_matrices/download_matrices/new_folder/Bump_2911.mtx
Bump_2911_spmv_hybrid_csr_vec_cuda_csr_transpose_expand_rows_STRAT_RATIO_80_MALLOC
max threads 72
time read: 0.167511
time coo to csr: 0.106124
Hybrid Matrix Partition (FIXED_RATIO):
   CPU Portion: 574248 rows (19.72%), 25545961 NNZs (20.00%)
   GPU Portion: 2337171 rows (80.28%), 102183938 NNZs (80.00%)
CPU needs 599257 elements (4.57 MB) instead of 22.21 MB 
VEC_LEN = 2
balance time = 1.8912e-05
max_smem_per_block(bytes)=49152
multiproc_count=132
max_threads_per_block=1024
warp_size=32
max_threads_per_multiproc=2048
max_block_dim_x=1024
max_persistent_l2_cache=39321600
max_num_threads=270336
degree_max=195
nnz = 102183938, nnz_extended = 103416320 (padding 1.21)
num_threads=20683264, thread_block_size=128, num_thread_blocks=161588
balance time warps = 0.00105923
balance time threads = 0.0140007
Hybrid conversion times: Total = 0.584756 s, CPU = 0.00251286 s, GPU = 0.416356 s
time convert to format: 0.584767
Grid : {161588, 1, 1} blocks. Blocks : {128, 1, 1} threads.
Hybrid configuration: m_cpu is 574248 (4.38 MB) (non-explicit memory)
time warm up 0.396135
Grid : {161588, 1, 1} blocks. Blocks : {128, 1, 1} threads.
Hybrid configuration: m_cpu is 574248 (4.38 MB) (non-explicit memory)
number of loops = 2550
time iter: min=0.000605952, median=0.000655296, max=0.0716198
time iter cpu: min=0.57424, median=0.612128, max=5.14413
time iter gpu: min=0.369472, median=0.37264, max=9.48112
time iter gather: min=2.016e-05, median=2.2496e-05, max=0.070935
GFLOPS = 389.838787 (spmv_hybrid_csr_vec_cuda_csr_transpose_expand_rows_STRAT_RATIO_80_MALLOC) (time = 0.655296 ms)
   CPU Part: 83.466076 GFLOPS (time median: 0.612128 ms, 574248 rows, 25545961 nnz)
   GPU Part: 548.432451 GFLOPS (time median: 0.372640 ms, 2337171 rows, 102183938 nnz)
/local/pmpakos/SpMV-Research/benchmark_code/BENCH_HYBRID/../../validation_matrices/download_matrices/new_folder/Bump_2911.mtx,72,2911419,2911419,127729899,127729899,1,2.001096,0.000606,0.000655,0.071620,389.838787,1472.858875,0.000000,0.000000,Hybrid_CsrVec_cuda_csr_transpose_expand_rows,2911419,2911419,127729899,0.000000,0.000000,2550,1610.643584,0.574240,0.612128,5.144128,960.285824,0.369472,0.372640,9.481120
Temps: Composite 24850 Composite 25850 Composite 43850 Sensor 1 40850  Sensor 2 43850  Composite 44850 Sensor 1 40850  Sensor 2 44850  asic 60000 asic 60000 
File: /local/pmpakos/SpMV-Research/benchmark_code/BENCH_HYBRID/../../validation_matrices/download_matrices/new_folder/rgg_n_2_23_s0.mtx
------------------------
/local/pmpakos/SpMV-Research/benchmark_code/BENCH_HYBRID/../../validation_matrices/download_matrices/new_folder/rgg_n_2_23_s0.mtx
rgg_n_2_23_s0_spmv_hybrid_csr_vec_cuda_csr_transpose_expand_rows_STRAT_RATIO_80_MALLOC
max threads 72
time read: 0.089037
time coo to csr: 0.098419
Hybrid Matrix Partition (FIXED_RATIO):
   CPU Portion: 1680968 rows (20.04%), 25400556 NNZs (20.00%)
   GPU Portion: 6707640 rows (79.96%), 101602230 NNZs (80.00%)
CPU needs 1685564 elements (12.86 MB) instead of 64.00 MB 
VEC_LEN = 2
balance time = 2.1728e-05
max_smem_per_block(bytes)=49152
multiproc_count=132
max_threads_per_block=1024
warp_size=32
max_threads_per_multiproc=2048
max_block_dim_x=1024
max_persistent_l2_cache=39321600
max_num_threads=270336
degree_max=40
nnz = 101602230, nnz_extended = 115018240 (padding 13.20)
num_threads=23003648, thread_block_size=128, num_thread_blocks=179716
balance time warps = 0.00136518
balance time threads = 0.017432
Hybrid conversion times: Total = 0.662387 s, CPU = 0.00262077 s, GPU = 0.446591 s
time convert to format: 0.662398
Grid : {179716, 1, 1} blocks. Blocks : {128, 1, 1} threads.
Hybrid configuration: m_cpu is 1680968 (12.82 MB) (non-explicit memory)
time warm up 0.610973
Grid : {179716, 1, 1} blocks. Blocks : {128, 1, 1} threads.
Hybrid configuration: m_cpu is 1680968 (12.82 MB) (non-explicit memory)
number of loops = 1880
time iter: min=0.000854752, median=0.000908448, max=0.0696352
time iter cpu: min=0.765568, median=0.80784, max=4.27805
time iter gpu: min=0.599968, median=0.6288, max=28.8585
time iter gather: min=6.4416e-05, median=7.3568e-05, max=0.0688005
GFLOPS = 279.603865 (spmv_hybrid_csr_vec_cuda_csr_transpose_expand_rows_STRAT_RATIO_80_MALLOC) (time = 0.908448 ms)
   CPU Part: 62.885116 GFLOPS (time median: 0.807840 ms, 1680968 rows, 25400556 nnz)
   GPU Part: 323.162322 GFLOPS (time median: 0.628800 ms, 6707640 rows, 101602230 nnz)
/local/pmpakos/SpMV-Research/benchmark_code/BENCH_HYBRID/../../validation_matrices/download_matrices/new_folder/rgg_n_2_23_s0.mtx,72,8388608,8388608,127002786,127002786,1,2.001635,0.000855,0.000908,0.069635,279.603865,1485.431545,0.000000,0.000000,Hybrid_CsrVec_cuda_csr_transpose_expand_rows,8388608,8388608,127002786,0.000000,0.000000,1880,1586.650304,0.765568,0.807840,4.278048,1239.411072,0.599968,0.628800,28.858463
Temps: Composite 24850 Composite 25850 Composite 43850 Sensor 1 40850  Sensor 2 43850  Composite 44850 Sensor 1 40850  Sensor 2 44850  asic 60000 asic 60000 
File: /local/pmpakos/SpMV-Research/benchmark_code/BENCH_HYBRID/../../validation_matrices/download_matrices/new_folder/vas_stokes_4M.mtx
------------------------
/local/pmpakos/SpMV-Research/benchmark_code/BENCH_HYBRID/../../validation_matrices/download_matrices/new_folder/vas_stokes_4M.mtx
vas_stokes_4M_spmv_hybrid_csr_vec_cuda_csr_transpose_expand_rows_STRAT_RATIO_80_MALLOC
max threads 72
time read: 0.386947
time coo to csr: 0.130339
Hybrid Matrix Partition (FIXED_RATIO):
   CPU Portion: 1323697 rows (30.21%), 26315515 NNZs (20.00%)
   GPU Portion: 3058549 rows (69.79%), 105262101 NNZs (80.00%)
CPU needs 1959050 elements (14.95 MB) instead of 33.43 MB 
VEC_LEN = 2
balance time = 7.3664e-05
max_smem_per_block(bytes)=49152
multiproc_count=132
max_threads_per_block=1024
warp_size=32
max_threads_per_multiproc=2048
max_block_dim_x=1024
max_persistent_l2_cache=39321600
max_num_threads=270336
degree_max=615
nnz = 105262101, nnz_extended = 113260160 (padding 7.60)
num_threads=22652032, thread_block_size=128, num_thread_blocks=176969
balance time warps = 0.00126637
balance time threads = 0.0160689
Hybrid conversion times: Total = 0.628578 s, CPU = 0.00264976 s, GPU = 0.447432 s
time convert to format: 0.628589
Grid : {176969, 1, 1} blocks. Blocks : {128, 1, 1} threads.
Hybrid configuration: m_cpu is 1323697 (10.10 MB) (non-explicit memory)
time warm up 0.442796
Grid : {176969, 1, 1} blocks. Blocks : {128, 1, 1} threads.
Hybrid configuration: m_cpu is 1323697 (10.10 MB) (non-explicit memory)
number of loops = 1387
time iter: min=0.00116538, median=0.0012479, max=0.072423
time iter cpu: min=0.756224, median=0.82352, max=70.8132
time iter gpu: min=0.433312, median=0.446336, max=18.2854
time iter gather: min=0.000369664, median=0.000405536, max=0.068791
GFLOPS = 210.877785 (spmv_hybrid_csr_vec_cuda_csr_transpose_expand_rows_STRAT_RATIO_80_MALLOC) (time = 1.247904 ms)
   CPU Part: 63.909838 GFLOPS (time median: 0.823520 ms, 1323697 rows, 26315515 nnz)
   GPU Part: 471.672017 GFLOPS (time median: 0.446336 ms, 3058549 rows, 105262101 nnz)
/local/pmpakos/SpMV-Research/benchmark_code/BENCH_HYBRID/../../validation_matrices/download_matrices/new_folder/vas_stokes_4M.mtx,72,4382246,4382246,131577616,131577616,0,2.001922,0.001165,0.001248,0.072423,210.877785,1522.503262,0.000000,0.000000,Hybrid_CsrVec_cuda_csr_transpose_expand_rows,4382246,4382246,131577616,0.000000,0.000000,1387,1261.778880,0.756224,0.823520,70.813216,642.603040,0.433312,0.446336,18.285376
Temps: Composite 24850 Composite 25850 Composite 43850 Sensor 1 40850  Sensor 2 43850  Composite 44850 Sensor 1 40850  Sensor 2 44850  asic 60000 asic 60000 
File: /local/pmpakos/SpMV-Research/benchmark_code/BENCH_HYBRID/../../validation_matrices/download_matrices/new_folder/kmer_V2a.mtx
------------------------
/local/pmpakos/SpMV-Research/benchmark_code/BENCH_HYBRID/../../validation_matrices/download_matrices/new_folder/kmer_V2a.mtx
kmer_V2a_spmv_hybrid_csr_vec_cuda_csr_transpose_expand_rows_STRAT_RATIO_80_MALLOC
max threads 72
time read: 0.087579
time coo to csr: 0.168151
Hybrid Matrix Partition (FIXED_RATIO):
   CPU Portion: 10974620 rows (19.94%), 23443518 NNZs (20.00%)
   GPU Portion: 44067749 rows (80.06%), 93774082 NNZs (80.00%)
CPU needs 20068135 elements (153.11 MB) instead of 419.94 MB 
VEC_LEN = 2
balance time = 3.792e-05
max_smem_per_block(bytes)=49152
multiproc_count=132
max_threads_per_block=1024
warp_size=32
max_threads_per_multiproc=2048
max_block_dim_x=1024
max_persistent_l2_cache=39321600
max_num_threads=270336
degree_max=38
nnz = 93774082, nnz_extended = 96482816 (padding 2.89)
num_threads=48241408, thread_block_size=128, num_thread_blocks=376886
balance time warps = 0.0033056
balance time threads = 0.0432752
Hybrid conversion times: Total = 1.21339 s, CPU = 0.0024183 s, GPU = 0.650756 s
time convert to format: 1.213400
Grid : {376886, 1, 1} blocks. Blocks : {128, 1, 1} threads.
Hybrid configuration: m_cpu is 10974620 (83.73 MB) (non-explicit memory)
time warm up 1.618847
Grid : {376886, 1, 1} blocks. Blocks : {128, 1, 1} threads.
Hybrid configuration: m_cpu is 10974620 (83.73 MB) (non-explicit memory)
number of loops = 338
time iter: min=0.0049113, median=0.00501901, max=0.107965
time iter cpu: min=2.5233, median=2.58534, max=71.4571
time iter gpu: min=1.46083, median=1.52042, max=103.714
time iter gather: min=0.00229987, median=0.00238733, max=0.00763264
GFLOPS = 46.709469 (spmv_hybrid_csr_vec_cuda_csr_transpose_expand_rows_STRAT_RATIO_80_MALLOC) (time = 5.019008 ms)
   CPU Part: 18.135705 GFLOPS (time median: 2.585344 ms, 10974620 rows, 23443518 nnz)
   GPU Part: 123.353188 GFLOPS (time median: 1.520416 ms, 44067749 rows, 93774082 nnz)
/local/pmpakos/SpMV-Research/benchmark_code/BENCH_HYBRID/../../validation_matrices/download_matrices/new_folder/kmer_V2a.mtx,72,55042369,55042369,117217600,117217600,1,2.005517,0.004911,0.005019,0.107965,46.709469,1551.418953,0.000000,0.000000,Hybrid_CsrVec_cuda_csr_transpose_expand_rows,55042369,55042369,117217600,0.000000,0.000000,338,980.555136,2.523296,2.585344,71.457088,698.328285,1.460832,1.520416,103.713791
Temps: Composite 24850 Composite 25850 Composite 43850 Sensor 1 40850  Sensor 2 43850  Composite 44850 Sensor 1 41850  Sensor 2 44850  asic 61000 asic 61000 
File: /local/pmpakos/SpMV-Research/benchmark_code/BENCH_HYBRID/../../validation_matrices/download_matrices/new_folder/kmer_U1a.mtx
------------------------
/local/pmpakos/SpMV-Research/benchmark_code/BENCH_HYBRID/../../validation_matrices/download_matrices/new_folder/kmer_U1a.mtx
kmer_U1a_spmv_hybrid_csr_vec_cuda_csr_transpose_expand_rows_STRAT_RATIO_80_MALLOC
max threads 72
time read: 0.110279
time coo to csr: 0.186462
Hybrid Matrix Partition (FIXED_RATIO):
   CPU Portion: 13483680 rows (19.91%), 27755711 NNZs (20.00%)
   GPU Portion: 54232551 rows (80.09%), 111022851 NNZs (80.00%)
CPU needs 24419851 elements (186.31 MB) instead of 516.63 MB 
VEC_LEN = 2
balance time = 3.584e-05
max_smem_per_block(bytes)=49152
multiproc_count=132
max_threads_per_block=1024
warp_size=32
max_threads_per_multiproc=2048
max_block_dim_x=1024
max_persistent_l2_cache=39321600
max_num_threads=270336
degree_max=28
nnz = 111022851, nnz_extended = 113027328 (padding 1.81)
num_threads=56513664, thread_block_size=128, num_thread_blocks=441513
balance time warps = 0.00372083
balance time threads = 0.0503514
Hybrid conversion times: Total = 1.38337 s, CPU = 0.0029264 s, GPU = 0.710234 s
time convert to format: 1.383381
Grid : {441513, 1, 1} blocks. Blocks : {128, 1, 1} threads.
Hybrid configuration: m_cpu is 13483680 (102.87 MB) (non-explicit memory)
time warm up 2.075125
Grid : {441513, 1, 1} blocks. Blocks : {128, 1, 1} threads.
Hybrid configuration: m_cpu is 13483680 (102.87 MB) (non-explicit memory)
number of loops = 300
time iter: min=0.00575315, median=0.00586576, max=0.0770973
time iter cpu: min=3.05379, median=3.13891, max=71.9007
time iter gpu: min=1.79392, median=1.87171, max=30.6804
time iter gather: min=0.00247546, median=0.00268176, max=0.0716949
GFLOPS = 47.318186 (spmv_hybrid_csr_vec_cuda_csr_transpose_expand_rows_STRAT_RATIO_80_MALLOC) (time = 5.865760 ms)
   CPU Part: 17.684925 GFLOPS (time median: 3.138912 ms, 13483680 rows, 27755711 nnz)
   GPU Part: 118.632410 GFLOPS (time median: 1.871712 ms, 54232551 rows, 111022851 nnz)
/local/pmpakos/SpMV-Research/benchmark_code/BENCH_HYBRID/../../validation_matrices/download_matrices/new_folder/kmer_U1a.mtx,72,67716231,67716231,138778562,138778562,1,2.008615,0.005753,0.005866,0.077097,47.318186,1846.511528,0.000000,0.000000,Hybrid_CsrVec_cuda_csr_transpose_expand_rows,67716231,67716231,138778562,0.000000,0.000000,300,1055.392832,3.053792,3.138912,71.900672,594.407264,1.793920,1.871712,30.680449
Temps: Composite 24850 Composite 25850 Composite 43850 Sensor 1 40850  Sensor 2 43850  Composite 44850 Sensor 1 40850  Sensor 2 44850  asic 60000 asic 60000 
File: /local/pmpakos/SpMV-Research/benchmark_code/BENCH_HYBRID/../../validation_matrices/download_matrices/new_folder/mawi_201512020030.mtx
------------------------
/local/pmpakos/SpMV-Research/benchmark_code/BENCH_HYBRID/../../validation_matrices/download_matrices/new_folder/mawi_201512020030.mtx
mawi_201512020030_spmv_hybrid_csr_vec_cuda_csr_transpose_expand_rows_STRAT_RATIO_80_MALLOC
max threads 72
time read: 0.140826
time coo to csr: 1.197954
Hybrid Matrix Partition (FIXED_RATIO):
   CPU Portion: 22324067 rows (32.42%), 28682990 NNZs (20.00%)
   GPU Portion: 46539248 rows (67.58%), 114731970 NNZs (80.00%)
CPU needs 3269433 elements (24.94 MB) instead of 525.39 MB 
VEC_LEN = 2
balance time = 4.2208e-05
max_smem_per_block(bytes)=49152
multiproc_count=132
max_threads_per_block=1024
warp_size=32
max_threads_per_multiproc=2048
max_block_dim_x=1024
max_persistent_l2_cache=39321600
max_num_threads=270336
degree_max=63040326
nnz = 114731970, nnz_extended = 161070592 (padding 40.39)
num_threads=80535296, thread_block_size=128, num_thread_blocks=629182
balance time warps = 0.00523443
balance time threads = 0.069237
Hybrid conversion times: Total = 1.62098 s, CPU = 0.00366605 s, GPU = 1.01944 s
time convert to format: 1.620990
Grid : {629182, 1, 1} blocks. Blocks : {128, 1, 1} threads.
Hybrid configuration: m_cpu is 22324067 (170.32 MB) (non-explicit memory)
time warm up 3.027388
Grid : {629182, 1, 1} blocks. Blocks : {128, 1, 1} threads.
Hybrid configuration: m_cpu is 22324067 (170.32 MB) (non-explicit memory)
number of loops = 502
time iter: min=0.00335635, median=0.00343808, max=0.0759828
time iter cpu: min=1.88323, median=1.94621, max=15.3632
time iter gpu: min=2.67981, median=2.70288, max=34.7268
time iter gather: min=0.000644, median=0.00072176, max=0.0718026
GFLOPS = 83.427355 (spmv_hybrid_csr_vec_cuda_csr_transpose_expand_rows_STRAT_RATIO_80_MALLOC) (time = 3.438080 ms)
   CPU Part: 29.475770 GFLOPS (time median: 1.946208 ms, 22324067 rows, 28682990 nnz)
   GPU Part: 84.896092 GFLOPS (time median: 2.702880 ms, 46539248 rows, 114731970 nnz)
/local/pmpakos/SpMV-Research/benchmark_code/BENCH_HYBRID/../../validation_matrices/download_matrices/new_folder/mawi_201512020030.mtx,72,68863315,68863315,143414960,143414960,1,2.006219,0.003356,0.003438,0.075983,83.427355,1903.946671,0.000000,0.000000,Hybrid_CsrVec_cuda_csr_transpose_expand_rows,68863315,68863315,143414960,16251373036.674040,8535624.074035,502,1026.849824,1.883232,1.946208,15.363200,1394.335199,2.679808,2.702880,34.726753
Temps: Composite 24850 Composite 25850 Composite 43850 Sensor 1 40850  Sensor 2 43850  Composite 44850 Sensor 1 41850  Sensor 2 44850  asic 60000 asic 60000 
File: /local/pmpakos/SpMV-Research/benchmark_code/BENCH_HYBRID/../../validation_matrices/download_matrices/new_folder/kron_g500-logn21.mtx
------------------------
/local/pmpakos/SpMV-Research/benchmark_code/BENCH_HYBRID/../../validation_matrices/download_matrices/new_folder/kron_g500-logn21.mtx
kron_g500-logn21_spmv_hybrid_csr_vec_cuda_csr_transpose_expand_rows_STRAT_RATIO_80_MALLOC
max threads 72
time read: 0.157440
time coo to csr: 0.303002
Hybrid Matrix Partition (FIXED_RATIO):
   CPU Portion: 424081 rows (20.22%), 36415165 NNZs (20.00%)
   GPU Portion: 1673071 rows (79.78%), 145667777 NNZs (80.00%)
CPU needs 1108616 elements (8.46 MB) instead of 16.00 MB 
VEC_LEN = 2
balance time = 2.7008e-05
max_smem_per_block(bytes)=49152
multiproc_count=132
max_threads_per_block=1024
warp_size=32
max_threads_per_multiproc=2048
max_block_dim_x=1024
max_persistent_l2_cache=39321600
max_num_threads=270336
degree_max=213905
nnz = 145667777, nnz_extended = 148569600 (padding 1.99)
num_threads=29713920, thread_block_size=128, num_thread_blocks=232140
balance time warps = 0.00144122
balance time threads = 0.0194367
Hybrid conversion times: Total = 0.849069 s, CPU = 0.00391891 s, GPU = 0.497843 s
time convert to format: 0.849081
Grid : {232140, 1, 1} blocks. Blocks : {128, 1, 1} threads.
Hybrid configuration: m_cpu is 424081 (3.24 MB) (non-explicit memory)
time warm up 1.123673
Grid : {232140, 1, 1} blocks. Blocks : {128, 1, 1} threads.
Hybrid configuration: m_cpu is 424081 (3.24 MB) (non-explicit memory)
number of loops = 804
time iter: min=0.00211494, median=0.00230819, max=0.0704645
time iter cpu: min=1.97894, median=2.18672, max=5.0047
time iter gpu: min=1.09747, median=1.12096, max=3.88336
time iter gather: min=5.9808e-05, median=7.12e-05, max=0.0683018
GFLOPS = 157.771054 (spmv_hybrid_csr_vec_cuda_csr_transpose_expand_rows_STRAT_RATIO_80_MALLOC) (time = 2.308192 ms)
   CPU Part: 33.305741 GFLOPS (time median: 2.186720 ms, 424081 rows, 36415165 nnz)
   GPU Part: 259.898261 GFLOPS (time median: 1.120960 ms, 1673071 rows, 145667777 nnz)
/local/pmpakos/SpMV-Research/benchmark_code/BENCH_HYBRID/../../validation_matrices/download_matrices/new_folder/kron_g500-logn21.mtx,72,2097152,2097152,182082942,182082942,1,2.003153,0.002115,0.002308,0.070465,157.771054,2091.773907,0.000000,0.000000,Hybrid_CsrVec_cuda_csr_transpose_expand_rows,2097152,2097152,182082942,0.000000,0.000000,804,1770.256384,1.978944,2.186720,5.004704,900.260417,1.097472,1.120960,3.883360
Temps: Composite 24850 Composite 25850 Composite 43850 Sensor 1 40850  Sensor 2 43850  Composite 44850 Sensor 1 41850  Sensor 2 44850  asic 61000 asic 61000 
File: /local/pmpakos/SpMV-Research/benchmark_code/BENCH_HYBRID/../../validation_matrices/download_matrices/new_folder/indochina-2004.mtx
------------------------
/local/pmpakos/SpMV-Research/benchmark_code/BENCH_HYBRID/../../validation_matrices/download_matrices/new_folder/indochina-2004.mtx
indochina-2004_spmv_hybrid_csr_vec_cuda_csr_transpose_expand_rows_STRAT_RATIO_80_MALLOC
max threads 72
time read: 0.302832
time coo to csr: 0.281837
Hybrid Matrix Partition (FIXED_RATIO):
   CPU Portion: 2282486 rows (30.78%), 38821830 NNZs (20.00%)
   GPU Portion: 5132380 rows (69.22%), 155287481 NNZs (80.00%)
CPU needs 2336655 elements (17.83 MB) instead of 56.57 MB 
VEC_LEN = 2
balance time = 4.608e-05
max_smem_per_block(bytes)=49152
multiproc_count=132
max_threads_per_block=1024
warp_size=32
max_threads_per_multiproc=2048
max_block_dim_x=1024
max_persistent_l2_cache=39321600
max_num_threads=270336
degree_max=6985
nnz = 155287481, nnz_extended = 164663040 (padding 6.04)
num_threads=32932608, thread_block_size=128, num_thread_blocks=257286
balance time warps = 0.00194765
balance time threads = 0.0240262
Hybrid conversion times: Total = 0.939587 s, CPU = 0.00359533 s, GPU = 0.656992 s
time convert to format: 0.939600
Grid : {257286, 1, 1} blocks. Blocks : {128, 1, 1} threads.
Hybrid configuration: m_cpu is 2282486 (17.41 MB) (non-explicit memory)
time warm up 0.623537
Grid : {257286, 1, 1} blocks. Blocks : {128, 1, 1} threads.
Hybrid configuration: m_cpu is 2282486 (17.41 MB) (non-explicit memory)
number of loops = 1045
time iter: min=0.00154416, median=0.00163875, max=0.0755473
time iter cpu: min=1.19706, median=1.2568, max=4.93168
time iter gpu: min=0.608128, median=0.622496, max=24.8727
time iter gather: min=0.000301536, median=0.000367712, max=0.0712801
GFLOPS = 236.898946 (spmv_hybrid_csr_vec_cuda_csr_transpose_expand_rows_STRAT_RATIO_80_MALLOC) (time = 1.638752 ms)
   CPU Part: 61.778851 GFLOPS (time median: 1.256800 ms, 2282486 rows, 38821830 nnz)
   GPU Part: 498.918800 GFLOPS (time median: 0.622496 ms, 5132380 rows, 155287481 nnz)
/local/pmpakos/SpMV-Research/benchmark_code/BENCH_HYBRID/../../validation_matrices/download_matrices/new_folder/indochina-2004.mtx,72,7414866,7414866,194109311,194109311,0,2.001794,0.001544,0.001639,0.075547,236.898946,2249.690247,0.000000,0.000000,Hybrid_CsrVec_cuda_csr_transpose_expand_rows,7414866,7414866,194109311,0.000000,0.000000,1045,1369.219072,1.197056,1.256800,4.931680,686.543552,0.608128,0.622496,24.872736
Temps: Composite 24850 Composite 25850 Composite 43850 Sensor 1 40850  Sensor 2 43850  Composite 44850 Sensor 1 41850  Sensor 2 44850  asic 61000 asic 61000 
File: /local/pmpakos/SpMV-Research/benchmark_code/BENCH_HYBRID/../../validation_matrices/download_matrices/new_folder/nlpkkt160.mtx
------------------------
/local/pmpakos/SpMV-Research/benchmark_code/BENCH_HYBRID/../../validation_matrices/download_matrices/new_folder/nlpkkt160.mtx
nlpkkt160_spmv_hybrid_csr_vec_cuda_csr_transpose_expand_rows_STRAT_RATIO_80_MALLOC
max threads 72
time read: 0.297162
time coo to csr: 0.167985
Hybrid Matrix Partition (FIXED_RATIO):
   CPU Portion: 1703524 rows (20.41%), 45903603 NNZs (20.00%)
   GPU Portion: 6642076 rows (79.59%), 183614509 NNZs (80.00%)
CPU needs 3366424 elements (25.68 MB) instead of 63.67 MB 
VEC_LEN = 2
balance time = 2.7808e-05
max_smem_per_block(bytes)=49152
multiproc_count=132
max_threads_per_block=1024
warp_size=32
max_threads_per_multiproc=2048
max_block_dim_x=1024
max_persistent_l2_cache=39321600
max_num_threads=270336
degree_max=30
nnz = 183614509, nnz_extended = 196641920 (padding 7.09)
num_threads=39328384, thread_block_size=128, num_thread_blocks=307253
balance time warps = 0.0021056
balance time threads = 0.0294554
Hybrid conversion times: Total = 0.983047 s, CPU = 0.00423146 s, GPU = 0.67066 s
time convert to format: 0.983055
Grid : {307253, 1, 1} blocks. Blocks : {128, 1, 1} threads.
Hybrid configuration: m_cpu is 1703524 (13.00 MB) (non-explicit memory)
time warm up 0.790705
Grid : {307253, 1, 1} blocks. Blocks : {128, 1, 1} threads.
Hybrid configuration: m_cpu is 1703524 (13.00 MB) (non-explicit memory)
number of loops = 973
time iter: min=0.00160582, median=0.00174214, max=0.0699374
time iter cpu: min=1.47142, median=1.5871, max=5.32195
time iter gpu: min=0.748256, median=0.762048, max=30.1122
time iter gather: min=0.00010672, median=0.000119712, max=0.068315
GFLOPS = 263.489255 (spmv_hybrid_csr_vec_cuda_csr_transpose_expand_rows_STRAT_RATIO_80_MALLOC) (time = 1.742144 ms)
   CPU Part: 57.845740 GFLOPS (time median: 1.587104 ms, 1703524 rows, 45903603 nnz)
   GPU Part: 481.897486 GFLOPS (time median: 0.762048 ms, 6642076 rows, 183614509 nnz)
/local/pmpakos/SpMV-Research/benchmark_code/BENCH_HYBRID/../../validation_matrices/download_matrices/new_folder/nlpkkt160.mtx,72,8345600,8345600,229518112,229518112,1,2.002882,0.001606,0.001742,0.069937,263.489255,2658.462284,0.000000,0.000000,Hybrid_CsrVec_cuda_csr_transpose_expand_rows,8345600,8345600,229518112,0.000000,0.000000,973,1571.938944,1.471424,1.587104,5.321952,806.996993,0.748256,0.762048,30.112225
Temps: Composite 24850 Composite 25850 Composite 43850 Sensor 1 40850  Sensor 2 43850  Composite 44850 Sensor 1 40850  Sensor 2 44850  asic 61000 asic 61000 
File: /local/pmpakos/SpMV-Research/benchmark_code/BENCH_HYBRID/../../validation_matrices/download_matrices/new_folder/com-Orkut.mtx
------------------------
/local/pmpakos/SpMV-Research/benchmark_code/BENCH_HYBRID/../../validation_matrices/download_matrices/new_folder/com-Orkut.mtx
com-Orkut_spmv_hybrid_csr_vec_cuda_csr_transpose_expand_rows_STRAT_RATIO_80_MALLOC
max threads 72
time read: 0.157472
time coo to csr: 0.343952
Hybrid Matrix Partition (FIXED_RATIO):
   CPU Portion: 407125 rows (13.25%), 46873898 NNZs (20.00%)
   GPU Portion: 2665316 rows (86.75%), 187496268 NNZs (80.00%)
CPU needs 3072436 elements (23.44 MB) instead of 23.44 MB 
VEC_LEN = 2
balance time = 4.4288e-05
max_smem_per_block(bytes)=49152
multiproc_count=132
max_threads_per_block=1024
warp_size=32
max_threads_per_multiproc=2048
max_block_dim_x=1024
max_persistent_l2_cache=39321600
max_num_threads=270336
degree_max=25200
nnz = 187496268, nnz_extended = 192958720 (padding 2.91)
num_threads=38591744, thread_block_size=128, num_thread_blocks=301498
balance time warps = 0.0020303
balance time threads = 0.0264748
Hybrid conversion times: Total = 0.991807 s, CPU = 0.00454358 s, GPU = 0.604475 s
time convert to format: 0.991820
Grid : {301498, 1, 1} blocks. Blocks : {128, 1, 1} threads.
Hybrid configuration: m_cpu is 407125 (3.11 MB) (non-explicit memory)
time warm up 1.634947
Grid : {301498, 1, 1} blocks. Blocks : {128, 1, 1} threads.
Hybrid configuration: m_cpu is 407125 (3.11 MB) (non-explicit memory)
number of loops = 671
time iter: min=0.00261136, median=0.00266438, max=0.0737691
time iter cpu: min=2.46461, median=2.51254, max=5.79168
time iter gpu: min=1.62278, median=1.636, max=5.05485
time iter gather: min=9.7824e-05, median=0.000109792, max=0.0697812
GFLOPS = 175.928219 (spmv_hybrid_csr_vec_cuda_csr_transpose_expand_rows_STRAT_RATIO_80_MALLOC) (time = 2.664384 ms)
   CPU Part: 37.311902 GFLOPS (time median: 2.512544 ms, 407125 rows, 46873898 nnz)
   GPU Part: 229.213036 GFLOPS (time median: 1.636000 ms, 2665316 rows, 187496268 nnz)
/local/pmpakos/SpMV-Research/benchmark_code/BENCH_HYBRID/../../validation_matrices/download_matrices/new_folder/com-Orkut.mtx,72,3072441,3072441,234370166,234370166,1,2.004089,0.002611,0.002664,0.073769,175.928219,2693.874130,0.000000,0.000000,Hybrid_CsrVec_cuda_csr_transpose_expand_rows,3072441,3072441,234370166,0.000000,0.000000,671,1704.466976,2.464608,2.512544,5.791680,1102.482977,1.622784,1.636000,5.054848
Temps: Composite 24850 Composite 25850 Composite 43850 Sensor 1 40850  Sensor 2 43850  Composite 44850 Sensor 1 41850  Sensor 2 44850  asic 61000 asic 61000 
File: /local/pmpakos/SpMV-Research/benchmark_code/BENCH_HYBRID/../../validation_matrices/download_matrices/new_folder/rgg_n_2_24_s0.mtx
------------------------
/local/pmpakos/SpMV-Research/benchmark_code/BENCH_HYBRID/../../validation_matrices/download_matrices/new_folder/rgg_n_2_24_s0.mtx
rgg_n_2_24_s0_spmv_hybrid_csr_vec_cuda_csr_transpose_expand_rows_STRAT_RATIO_80_MALLOC
max threads 72
time read: 0.182630
time coo to csr: 0.161109
Hybrid Matrix Partition (FIXED_RATIO):
   CPU Portion: 3359364 rows (20.02%), 53022864 NNZs (20.00%)
   GPU Portion: 13417852 rows (79.98%), 212091536 NNZs (80.00%)
CPU needs 3366044 elements (25.68 MB) instead of 128.00 MB 
VEC_LEN = 2
balance time = 5.0816e-05
max_smem_per_block(bytes)=49152
multiproc_count=132
max_threads_per_block=1024
warp_size=32
max_threads_per_multiproc=2048
max_block_dim_x=1024
max_persistent_l2_cache=39321600
max_num_threads=270336
degree_max=40
nnz = 212091536, nnz_extended = 238923520 (padding 12.65)
num_threads=47784704, thread_block_size=128, num_thread_blocks=373318
balance time warps = 0.00287488
balance time threads = 0.0386775
Hybrid conversion times: Total = 1.14802 s, CPU = 0.00525952 s, GPU = 0.692757 s
time convert to format: 1.148031
Grid : {373318, 1, 1} blocks. Blocks : {128, 1, 1} threads.
Hybrid configuration: m_cpu is 3359364 (25.63 MB) (non-explicit memory)
time warm up 1.400680
Grid : {373318, 1, 1} blocks. Blocks : {128, 1, 1} threads.
Hybrid configuration: m_cpu is 3359364 (25.63 MB) (non-explicit memory)
number of loops = 751
time iter: min=0.00225187, median=0.00241354, max=0.0717192
time iter cpu: min=2.04144, median=2.1663, max=5.98586
time iter gpu: min=1.29613, median=1.32666, max=55.2725
time iter gather: min=0.00011584, median=0.00020608, max=0.0694662
GFLOPS = 219.689617 (spmv_hybrid_csr_vec_cuda_csr_transpose_expand_rows_STRAT_RATIO_80_MALLOC) (time = 2.413536 ms)
   CPU Part: 48.952376 GFLOPS (time median: 2.166304 ms, 3359364 rows, 53022864 nnz)
   GPU Part: 319.738559 GFLOPS (time median: 1.326656 ms, 13417852 rows, 212091536 nnz)
/local/pmpakos/SpMV-Research/benchmark_code/BENCH_HYBRID/../../validation_matrices/download_matrices/new_folder/rgg_n_2_24_s0.mtx,72,16777216,16777216,265114400,265114400,1,2.004630,0.002252,0.002414,0.071719,219.689617,3097.993534,0.000000,0.000000,Hybrid_CsrVec_cuda_csr_transpose_expand_rows,16777216,16777216,265114400,0.000000,0.000000,751,1651.651968,2.041440,2.166304,5.985856,1050.535424,1.296128,1.326656,55.272545
Temps: Composite 24850 Composite 25850 Composite 44850 Sensor 1 40850  Sensor 2 44850  Composite 44850 Sensor 1 41850  Sensor 2 44850  asic 61000 asic 61000 
File: /local/pmpakos/SpMV-Research/benchmark_code/BENCH_HYBRID/../../validation_matrices/download_matrices/new_folder/HV15R.mtx
------------------------
/local/pmpakos/SpMV-Research/benchmark_code/BENCH_HYBRID/../../validation_matrices/download_matrices/new_folder/HV15R.mtx
HV15R_spmv_hybrid_csr_vec_cuda_csr_transpose_expand_rows_STRAT_RATIO_80_MALLOC
max threads 72
time read: 0.957347
time coo to csr: 0.184687
Hybrid Matrix Partition (FIXED_RATIO):
   CPU Portion: 406414 rows (20.15%), 56614633 NNZs (20.00%)
   GPU Portion: 1610755 rows (79.85%), 226458825 NNZs (80.00%)
CPU needs 508502 elements (3.88 MB) instead of 15.39 MB 
VEC_LEN = 2
balance time = 2.1568e-05
max_smem_per_block(bytes)=49152
multiproc_count=132
max_threads_per_block=1024
warp_size=32
max_threads_per_multiproc=2048
max_block_dim_x=1024
max_persistent_l2_cache=39321600
max_num_threads=270336
degree_max=485
nnz = 226458825, nnz_extended = 230295680 (padding 1.69)
num_threads=46059136, thread_block_size=128, num_thread_blocks=359837
balance time warps = 0.00309354
balance time threads = 0.030191
Hybrid conversion times: Total = 1.01151 s, CPU = 0.00551091 s, GPU = 0.645046 s
time convert to format: 1.011522
Grid : {359837, 1, 1} blocks. Blocks : {128, 1, 1} threads.
Hybrid configuration: m_cpu is 406414 (3.10 MB) (non-explicit memory)
time warm up 0.871597
Grid : {359837, 1, 1} blocks. Blocks : {128, 1, 1} threads.
Hybrid configuration: m_cpu is 406414 (3.10 MB) (non-explicit memory)
number of loops = 967
time iter: min=0.00171664, median=0.00182554, max=0.0723482
time iter cpu: min=1.66672, median=1.74778, max=4.23565
time iter gpu: min=0.767872, median=0.772832, max=9.65962
time iter gather: min=3.5264e-05, median=5.5008e-05, max=0.0705732
GFLOPS = 310.126405 (spmv_hybrid_csr_vec_cuda_csr_transpose_expand_rows_STRAT_RATIO_80_MALLOC) (time = 1.825536 ms)
   CPU Part: 64.784770 GFLOPS (time median: 1.747776 ms, 406414 rows, 56614633 nnz)
   GPU Part: 586.049314 GFLOPS (time median: 0.772832 ms, 1610755 rows, 226458825 nnz)
/local/pmpakos/SpMV-Research/benchmark_code/BENCH_HYBRID/../../validation_matrices/download_matrices/new_folder/HV15R.mtx,72,2017169,2017169,283073458,283073458,0,2.003460,0.001717,0.001826,0.072348,310.126405,3247.213531,0.000000,0.000000,Hybrid_CsrVec_cuda_csr_transpose_expand_rows,2017169,2017169,283073458,0.000000,0.000000,967,1703.023392,1.666720,1.747776,4.235648,756.380895,0.767872,0.772832,9.659616
Temps: Composite 24850 Composite 25850 Composite 44850 Sensor 1 40850  Sensor 2 44850  Composite 44850 Sensor 1 41850  Sensor 2 44850  asic 61000 asic 61000 
File: /local/pmpakos/SpMV-Research/benchmark_code/BENCH_HYBRID/../../validation_matrices/download_matrices/new_folder/mycielskian18.mtx
------------------------
/local/pmpakos/SpMV-Research/benchmark_code/BENCH_HYBRID/../../validation_matrices/download_matrices/new_folder/mycielskian18.mtx
mycielskian18_spmv_hybrid_csr_vec_cuda_csr_transpose_expand_rows_STRAT_RATIO_80_MALLOC
max threads 72
time read: 0.173501
time coo to csr: 0.528670
Hybrid Matrix Partition (FIXED_RATIO):
   CPU Portion: 12339 rows (6.28%), 60182304 NNZs (20.00%)
   GPU Portion: 184268 rows (93.72%), 240751528 NNZs (80.00%)
CPU needs 196600 elements (1.50 MB) instead of 1.50 MB 
VEC_LEN = 2
balance time = 4.0672e-05
max_smem_per_block(bytes)=49152
multiproc_count=132
max_threads_per_block=1024
warp_size=32
max_threads_per_multiproc=2048
max_block_dim_x=1024
max_persistent_l2_cache=39321600
max_num_threads=270336
degree_max=98305
nnz = 240751528, nnz_extended = 241120640 (padding 0.15)
num_threads=48224128, thread_block_size=128, num_thread_blocks=376751
balance time warps = 0.00186166
balance time threads = 0.0317316
Hybrid conversion times: Total = 1.07922 s, CPU = 0.00591629 s, GPU = 0.681333 s
time convert to format: 1.079231
Grid : {376751, 1, 1} blocks. Blocks : {128, 1, 1} threads.
Hybrid configuration: m_cpu is 12339 (0.09 MB) (non-explicit memory)
time warm up 0.820933
Grid : {376751, 1, 1} blocks. Blocks : {128, 1, 1} threads.
Hybrid configuration: m_cpu is 12339 (0.09 MB) (non-explicit memory)
number of loops = 800
time iter: min=0.00215306, median=0.00223757, max=0.0721481
time iter cpu: min=2.09491, median=2.17552, max=5.92528
time iter gpu: min=0.799456, median=0.807808, max=3.71859
time iter gather: min=1.7312e-05, median=2.832e-05, max=0.0698462
GFLOPS = 268.982960 (spmv_hybrid_csr_vec_cuda_csr_transpose_expand_rows_STRAT_RATIO_80_MALLOC) (time = 2.237568 ms)
   CPU Part: 55.326822 GFLOPS (time median: 2.175520 ms, 12339 rows, 60182304 nnz)
   GPU Part: 596.061275 GFLOPS (time median: 0.807808 ms, 184268 rows, 240751528 nnz)
/local/pmpakos/SpMV-Research/benchmark_code/BENCH_HYBRID/../../validation_matrices/download_matrices/new_folder/mycielskian18.mtx,72,196607,196607,300933832,300933832,1,2.003956,0.002153,0.002238,0.072148,268.982960,3444.664398,0.000000,0.000000,Hybrid_CsrVec_cuda_csr_transpose_expand_rows,196607,196607,300933832,0.000000,0.000000,800,1758.650272,2.094912,2.175520,5.925280,649.683969,0.799456,0.807808,3.718592
Temps: Composite 24850 Composite 25850 Composite 44850 Sensor 1 40850  Sensor 2 44850  Composite 44850 Sensor 1 41850  Sensor 2 44850  asic 61000 asic 61000 
File: /local/pmpakos/SpMV-Research/benchmark_code/BENCH_HYBRID/../../validation_matrices/download_matrices/new_folder/uk-2002.mtx
------------------------
/local/pmpakos/SpMV-Research/benchmark_code/BENCH_HYBRID/../../validation_matrices/download_matrices/new_folder/uk-2002.mtx
uk-2002_spmv_hybrid_csr_vec_cuda_csr_transpose_expand_rows_STRAT_RATIO_80_MALLOC
max threads 72
time read: 0.357552
time coo to csr: 0.205527
Hybrid Matrix Partition (FIXED_RATIO):
   CPU Portion: 4436450 rows (23.95%), 59622747 NNZs (20.00%)
   GPU Portion: 14084036 rows (76.05%), 238491015 NNZs (80.00%)
CPU needs 4617972 elements (35.23 MB) instead of 141.30 MB 
VEC_LEN = 2
balance time = 4.1952e-05
max_smem_per_block(bytes)=49152
multiproc_count=132
max_threads_per_block=1024
warp_size=32
max_threads_per_multiproc=2048
max_block_dim_x=1024
max_persistent_l2_cache=39321600
max_num_threads=270336
degree_max=2450
nnz = 238491015, nnz_extended = 265281280 (padding 11.23)
num_threads=53056256, thread_block_size=128, num_thread_blocks=414502
balance time warps = 0.0690866
balance time threads = 0.056885
Hybrid conversion times: Total = 1.31732 s, CPU = 0.00557542 s, GPU = 0.833439 s
time convert to format: 1.317335
Grid : {414502, 1, 1} blocks. Blocks : {128, 1, 1} threads.
Hybrid configuration: m_cpu is 4436450 (33.85 MB) (non-explicit memory)
time warm up 1.131196
Grid : {414502, 1, 1} blocks. Blocks : {128, 1, 1} threads.
Hybrid configuration: m_cpu is 4436450 (33.85 MB) (non-explicit memory)
number of loops = 554
time iter: min=0.00301782, median=0.00316538, max=0.0741325
time iter cpu: min=2.29523, median=2.4127, max=5.80477
time iter gpu: min=1.06611, median=1.08477, max=11.0469
time iter gather: min=0.000672864, median=0.000722592, max=0.0695164
GFLOPS = 188.359147 (spmv_hybrid_csr_vec_cuda_csr_transpose_expand_rows_STRAT_RATIO_80_MALLOC) (time = 3.165376 ms)
   CPU Part: 49.424005 GFLOPS (time median: 2.412704 ms, 4436450 rows, 59622747 nnz)
   GPU Part: 439.708772 GFLOPS (time median: 1.084768 ms, 14084036 rows, 238491015 nnz)
/local/pmpakos/SpMV-Research/benchmark_code/BENCH_HYBRID/../../validation_matrices/download_matrices/new_folder/uk-2002.mtx,72,18520486,18520486,298113762,298113762,0,2.004845,0.003018,0.003165,0.074133,188.359147,3482.291309,0.000000,0.000000,Hybrid_CsrVec_cuda_csr_transpose_expand_rows,18520486,18520486,298113762,0.000000,0.000000,554,1372.723616,2.295232,2.412704,5.804768,612.162528,1.066112,1.084768,11.046944
Temps: Composite 24850 Composite 25850 Composite 44850 Sensor 1 40850  Sensor 2 44850  Composite 44850 Sensor 1 41850  Sensor 2 44850  asic 61000 asic 61000 
File: /local/pmpakos/SpMV-Research/benchmark_code/BENCH_HYBRID/../../validation_matrices/download_matrices/new_folder/Queen_4147.mtx
------------------------
/local/pmpakos/SpMV-Research/benchmark_code/BENCH_HYBRID/../../validation_matrices/download_matrices/new_folder/Queen_4147.mtx
Queen_4147_spmv_hybrid_csr_vec_cuda_csr_transpose_expand_rows_STRAT_RATIO_80_MALLOC
max threads 72
time read: 0.413077
time coo to csr: 0.192215
Hybrid Matrix Partition (FIXED_RATIO):
   CPU Portion: 826245 rows (19.92%), 65899836 NNZs (20.00%)
   GPU Portion: 3320865 rows (80.08%), 263599448 NNZs (80.00%)
CPU needs 865032 elements (6.60 MB) instead of 31.64 MB 
VEC_LEN = 2
balance time = 0.000740032
max_smem_per_block(bytes)=49152
multiproc_count=132
max_threads_per_block=1024
warp_size=32
max_threads_per_multiproc=2048
max_block_dim_x=1024
max_persistent_l2_cache=39321600
max_num_threads=270336
degree_max=85
nnz = 263599448, nnz_extended = 276302720 (padding 4.82)
num_threads=55260544, thread_block_size=128, num_thread_blocks=431723
balance time warps = 0.00288387
balance time threads = 0.0380728
Hybrid conversion times: Total = 1.1961 s, CPU = 0.0601829 s, GPU = 0.727854 s
time convert to format: 1.196121
Grid : {431723, 1, 1} blocks. Blocks : {128, 1, 1} threads.
Hybrid configuration: m_cpu is 826245 (6.30 MB) (non-explicit memory)
time warm up 0.985400
Grid : {431723, 1, 1} blocks. Blocks : {128, 1, 1} threads.
Hybrid configuration: m_cpu is 826245 (6.30 MB) (non-explicit memory)
number of loops = 778
time iter: min=0.00212288, median=0.00226858, max=0.0698213
time iter cpu: min=2.06848, median=2.1961, max=5.76109
time iter gpu: min=0.940032, median=0.942976, max=18.8142
time iter gather: min=3.648e-05, median=4.1984e-05, max=0.0674547
GFLOPS = 290.489967 (spmv_hybrid_csr_vec_cuda_csr_transpose_expand_rows_STRAT_RATIO_80_MALLOC) (time = 2.268576 ms)
   CPU Part: 60.015442 GFLOPS (time median: 2.196096 ms, 826245 rows, 65899836 nnz)
   GPU Part: 559.079868 GFLOPS (time median: 0.942976 ms, 3320865 rows, 263599448 nnz)
/local/pmpakos/SpMV-Research/benchmark_code/BENCH_HYBRID/../../validation_matrices/download_matrices/new_folder/Queen_4147.mtx,72,4147110,4147110,329499284,329499284,1,2.004303,0.002123,0.002269,0.069821,290.489967,3786.640026,0.000000,0.000000,Hybrid_CsrVec_cuda_csr_transpose_expand_rows,4147110,4147110,329499284,0.000000,0.000000,778,1733.752864,2.068480,2.196096,5.761088,754.069983,0.940032,0.942976,18.814240
